id,fonte,competicao,data,hora,mandante,visitante,estadio,rodada,url,extra,atualizado_em,pais,cidade
9d0735fd1463eacb,CBF,Brasil - Série A,,,A def. Chapecoense (SC),Vasco da Gama (RJ),Arena Condá,Rodada 21,https://stcbfsiteprdimgbrs.blob.core.windows.net/img-site/cdn/Tabela_Detalhada_BSA_2026_09_10_e4440cfd8e.pdf,pais=Brasil; cidade=Chapecó,2026-10-10T09:45:06,,Chapecó
0b2511ec59ff33ea,CBF,Brasil - Série B,,21:35,Vila Nova (GO),Fortaleza (CE),Onésio B. Alvarenga,Rodada 19,https://stcbfsiteprdimgbrs.blob.core.windows.net/img-site/cdn/Tabela_Detalhada_Brasileiro_Serie_B_2026_09_10_25ec926739.pdf,pais=Brasil; cidade=Goiânia,2026-10-10T09:45:06,,Goiânia
dcb6adb0c716b41c,CBF,Brasil - Sub-17,2026-09-10,15:00,Fortaleza (CE),Corinthians (SP),CT Ribamar,Rodada 16,https://stcbfsiteprdimgbrs.blob.core.windows.net/img-site/cdn/TABELA_DETALHADA_CAMPEONATO_BRASILEIRO_MASCULINO_SUB_17_2026_09_10_c5a12e96a3.pdf,pais=Brasil; cidade=Bezerra* Maracanaú,2026-10-10T09:45:06,,Bezerra* Maracanaú
65911a0f16661703,CBF,Brasil - Série B,2026-09-10,19:30,São Bernardo FC (SP),Londrina (PR),1º de Maio,Rodada 27,https://stcbfsiteprdimgbrs.blob.core.windows.net/img-site/cdn/Tabela_Detalhada_Brasileiro_Serie_B_2026_09_10_25ec926739.pdf,pais=Brasil; cidade=São Bernardo do Campo,2026-10-10T09:45:06,,São Bernardo do Campo
08999188f5a83622,CBF,Brasil - Série B,2026-09-10,19:30,Vila Nova (GO),Goiás (GO),Onésio B. Alvarenga,Rodada 27,https://stcbfsiteprdimgbrs.blob.core.windows.net/img-site/cdn/Tabela_Detalhada_Brasileiro_Serie_B_2026_09_10_25ec926739.pdf,pais=Brasil; cidade=Goiânia,2026-10-10T09:45:06,,Goiânia
2976ab0bdb7ff8e7,CBF,Brasil - Série B,2026-09-10,21:30,Sport (PE),Ponte Preta (SP),Ilha do Retiro,Rodada 27,https://stcbfsiteprdimgbrs.blob.core.windows.net/img-site/cdn/Tabela_Detalhada_Brasileiro_Serie_B_2026_09_10_25ec926739.pdf,pais=Brasil; cidade=Recife,2026-10-10T09:45:06,,Recife
68862109b8aff529,CBF,Brasil - Série A,2026-09-11,21:00,Coritiba (PR),Athletico (PR),Couto Pereira,Rodada 27,https://stcbfsiteprdimgbrs.blob.core.windows.net/img-site/cdn/Tabela_Detalhada_BSA_2026_09_10_e4440cfd8e.pdf,pais=Brasil; cidade=Curitiba,2026-10-10T09:45:06,,Curitiba
581408793b254c73,CBF,Brasil - Série A,2026-09-12,16:00,Atlético (MG),Fluminense (RJ),Arena MRV,Rodada 27,https://stcbfsiteprdimgbrs.blob.core.windows.net/img-site/cdn/Tabela_Detalhada_BSA_2026_09_10_e4440cfd8e.pdf,pais=Brasil; cidade=Belo Horizonte,2026-10-10T09:45:06,,Belo Horizonte
b6b9ff108e94f1ec,CBF,Brasil - Série A,2026-09-12,16:00,Grêmio (RS),Vasco da Gama (RJ),Arena do Grêmio,Rodada 27,https://stcbfsiteprdimgbrs.blob.core.windows.net/img-site/cdn/Tabela_Detalhada_BSA_2026_09_10_e4440cfd8e.pdf,pais=Brasil; cidade=Porto Alegre,2026-10-10T09:45:06,,Porto Alegre
13ecf214d483acf6,CBF,Brasil - Série A,2026-09-12,17:00,Chapecoense (SC),Internacional (RS),Arena Condá,Rodada 27,https://stcbfsiteprdimgbrs.blob.core.windows.net/img-site/cdn/Tabela_Detalhada_BSA_2026_09_10_e4440cfd8e.pdf,pais=Brasil; cidade=Chapecó,2026-10-10T09:45:06,,Chapecó
5250e44e9f70d6eb,CBF,Brasil - Série A,2026-09-12,18:30,Palmeiras (SP),São Paulo (SP),Nubank Parque,Rodada 27,https://stcbfsiteprdimgbrs.blob.core.windows.net/img-site/cdn/Tabela_Detalhada_BSA_2026_09_10_e4440cfd8e.pdf,pais=Brasil; cidade=São Paulo,2026-10-10T09:45:06,,São Paulo
bbf943ed85efb405,CBF,Brasil - Série A,2026-09-12,20:30,Botafogo (RJ),Red Bull Bragantino (SP),Nilton Santos,Rodada 27,https://stcbfsiteprdimgbrs.blob.core.windows.net/img-site/cdn/Tabela_Detalhada_BSA_2026_09_10_e4440cfd8e.pdf,pais=Brasil; cidade=Rio de Janeiro,2026-10-10T09:45:06,,Rio de Janeiro
9a18fdcc33a558b8,CBF,Brasil - Série A,2026-09-12,21:00,Santos (SP),Cruzeiro (MG),Vila Belmiro,Rodada 27,https://stcbfsiteprdimgbrs.blob.core.windows.net/img-site/cdn/Tabela_Detalhada_BSA_2026_09_10_e4440cfd8e.pdf,pais=Brasil; cidade=Santos,2026-10-10T09:45:06,,Santos
4aceedaa8abfc76c,CBF,Brasil - Série A,2026-09-13,16:00,Mirassol (SP),Vitória (BA),José M. C. Maia,Rodada 27,https://stcbfsiteprdimgbrs.blob.core.windows.net/img-site/cdn/Tabela_Detalhada_BSA_2026_09_10_e4440cfd8e.pdf,pais=Brasil; cidade=Mirassol,2026-10-10T09:45:06,,Mirassol
de26f95b374c7a60,CBF,Brasil - Série B,2026-09-13,16:00,Atlético (GO),Criciúma (SC),Antônio Accioly,Rodada 28,https://stcbfsiteprdimgbrs.blob.core.windows.net/img-site/cdn/Tabela_Detalhada_Brasileiro_Serie_B_2026_09_10_25ec926739.pdf,pais=Brasil; cidade=Goiânia,2026-10-10T09:45:06,,Goiânia
1a56a382673851c1,CBF,Brasil - Série A,2026-09-13,17:30,Flamengo (RJ),Corinthians (SP),Maracanã,Rodada 27,https://stcbfsiteprdimgbrs.blob.core.windows.net/img-site/cdn/Tabela_Detalhada_BSA_2026_09_10_e4440cfd8e.pdf,pais=Brasil; cidade=Rio de Janeiro,2026-10-10T09:45:06,,Rio de Janeiro
6a5a581fd1bf1574,CBF,Brasil - Série B,2026-09-13,18:00,Juventude (RS),Athletic (MG),Alfredo Jaconi,Rodada 28,https://stcbfsiteprdimgbrs.blob.core.windows.net/img-site/cdn/Tabela_Detalhada_Brasileiro_Serie_B_2026_09_10_25ec926739.pdf,pais=Brasil; cidade=Caxias do Sul,2026-10-10T09:45:06,,Caxias do Sul
50de331493d8d8df,CBF,Brasil - Série B,2026-09-13,18:30,Fortaleza (CE),Ceará (CE),Arena Castelão,Rodada 28,https://stcbfsiteprdimgbrs.blob.core.windows.net/img-site/cdn/Tabela_Detalhada_Brasileiro_Serie_B_2026_09_10_25ec926739.pdf,pais=Brasil; cidade=Fortaleza,2026-10-10T09:45:06,,Fortaleza
803f59f28f8a4ea4,CBF,Brasil - Série B,2026-09-13,18:30,Novorizontino (SP),Cuiabá (MT),Jorge Ismael de Biasi,Rodada 28,https://stcbfsiteprdimgbrs.blob.core.windows.net/img-site/cdn/Tabela_Detalhada_Brasileiro_Serie_B_2026_09_10_25ec926739.pdf,pais=Brasil; cidade=Novo Horizonte,2026-10-10T09:45:06,,Novo Horizonte
d4f65c28c9914fff,CBF,Brasil - Sub-17,2026-09-14,15:00,Fluminense (RJ),Botafogo (RJ),Marcelo Vieira Duque,Rodada 17,https://stcbfsiteprdimgbrs.blob.core.windows.net/img-site/cdn/TABELA_DETALHADA_CAMPEONATO_BRASILEIRO_MASCULINO_SUB_17_2026_09_10_c5a12e96a3.pdf,pais=Brasil; cidade=de Caxias,2026-10-10T09:45:06,,de Caxias
de6cd5d604274f3e,CBF,Brasil - Série B,2026-09-14,19:30,América (MG),São Bernardo FC (SP),Arena da Independência,Rodada 28,https://stcbfsiteprdimgbrs.blob.core.windows.net/img-site/cdn/Tabela_Detalhada_Brasileiro_Serie_B_2026_09_10_25ec926739.pdf,pais=Brasil; cidade=Belo Horizonte,2026-10-10T09:45:06,,Belo Horizonte
9e55c3ff766f988a,CBF,Brasil - Série B,2026-09-14,19:30,Botafogo (SP),Goiás (GO),Santa Cruz,Rodada 28,https://stcbfsiteprdimgbrs.blob.core.windows.net/img-site/cdn/Tabela_Detalhada_Brasileiro_Serie_B_2026_09_10_25ec926739.pdf,pais=Brasil; cidade=Ribeirão Preto,2026-10-10T09:45:06,,Ribeirão Preto
db85c98330fba19a,CBF,Brasil - Série A,2026-09-14,20:00,Bahia (BA),Remo (PA),Arena Fonte Nova,Rodada 27,https://stcbfsiteprdimgbrs.blob.core.windows.net/img-site/cdn/Tabela_Detalhada_BSA_2026_09_10_e4440cfd8e.pdf,pais=Brasil; cidade=Salvador,2026-10-10T09:45:06,,Salvador
2971c52e418c4f22,CBF,Brasil - Série B,2026-09-14,21:30,Avaí (SC),Vila Nova (GO),Ressacada,Rodada 28,https://stcbfsiteprdimgbrs.blob.core.windows.net/img-site/cdn/Tabela_Detalhada_Brasileiro_Serie_B_2026_09_10_25ec926739.pdf,pais=Brasil; cidade=Florianópolis,2026-10-10T09:45:06,,Florianópolis
582ea75789043fcf,CBF,Brasil - Sub-17,2026-09-15,15:00,Cruzeiro (MG),América (MG),CT Toca da Raposa*,Rodada 17,https://stcbfsiteprdimgbrs.blob.core.windows.net/img-site/cdn/TABELA_DETALHADA_CAMPEONATO_BRASILEIRO_MASCULINO_SUB_17_2026_09_10_c5a12e96a3.pdf,pais=Brasil; cidade=Belo Horizonte,2026-10-10T09:45:06,,Belo Horizonte
3beecfb0d788b457,CBF,Brasil - Sub-17,2026-09-15,15:00,Flamengo (RJ),Grêmio (RS),Gávea*,Rodada 17,https://stcbfsiteprdimgbrs.blob.core.windows.net/img-site/cdn/TABELA_DETALHADA_CAMPEONATO_BRASILEIRO_MASCULINO_SUB_17_2026_09_10_c5a12e96a3.pdf,pais=Brasil; cidade=Rio de Janeiro,2026-10-10T09:45:06,,Rio de Janeiro
7323e38f523d9382,CBF,Brasil - Sub-17,2026-09-15,15:00,Internacional (RS),São Paulo (SP),Morada dos,Rodada 17,https://stcbfsiteprdimgbrs.blob.core.windows.net/img-site/cdn/TABELA_DETALHADA_CAMPEONATO_BRASILEIRO_MASCULINO_SUB_17_2026_09_10_c5a12e96a3.pdf,pais=Brasil; cidade=Quero-Queros Alvorada,2026-10-10T09:45:06,,Quero-Queros Alvorada
0f5e87ddf9f0fca7,CBF,Brasil - Sub-17,2026-09-15,15:00,Juventude (RS),Athletico (PR),CFAC Juventude,Rodada 17,https://stcbfsiteprdimgbrs.blob.core.windows.net/img-site/cdn/TABELA_DETALHADA_CAMPEONATO_BRASILEIRO_MASCULINO_SUB_17_2026_09_10_c5a12e96a3.pdf,pais=Brasil; cidade=Caxias do Sul,2026-10-10T09:45:06,,Caxias do Sul
41a7bdbd43ec4d3b,CBF,Brasil - Sub-17,2026-09-15,15:00,Santos (SP),Fortaleza (CE),CT Rei Pelé*,Rodada 17,https://stcbfsiteprdimgbrs.blob.core.windows.net/img-site/cdn/TABELA_DETALHADA_CAMPEONATO_BRASILEIRO_MASCULINO_SUB_17_2026_09_10_c5a12e96a3.pdf,pais=Brasil; cidade=Santos,2026-10-10T09:45:06,,Santos
3c16322e75b49615,CBF,Brasil - Sub-17,2026-09-15,15:00,Vasco da Gama (RJ),Bahia (BA),Nivaldo Pereira,Rodada 17,https://stcbfsiteprdimgbrs.blob.core.windows.net/img-site/cdn/TABELA_DETALHADA_CAMPEONATO_BRASILEIRO_MASCULINO_SUB_17_2026_09_10_c5a12e96a3.pdf,pais=Brasil; cidade=Nova Iguaçu,2026-10-10T09:45:06,,Nova Iguaçu
8d04e29e565c69ab,CBF,Brasil - Sub-17,2026-09-15,15:00,Vitória (BA),Atlético (GO),CT Manoel Barradas*,Rodada 17,https://stcbfsiteprdimgbrs.blob.core.windows.net/img-site/cdn/TABELA_DETALHADA_CAMPEONATO_BRASILEIRO_MASCULINO_SUB_17_2026_09_10_c5a12e96a3.pdf,pais=Brasil; cidade=Salvador,2026-10-10T09:45:06,,Salvador
3f87cc7ea5454ec5,CBF,Brasil - Série B,2026-09-15,19:30,Londrina (PR),Ponte Preta (SP),Vitorino Gonçalves Dias,Rodada 28,https://stcbfsiteprdimgbrs.blob.core.windows.net/img-site/cdn/Tabela_Detalhada_Brasileiro_Serie_B_2026_09_10_25ec926739.pdf,pais=Brasil; cidade=Londrina,2026-10-10T09:45:06,,Londrina
4a3bc9e30f4a2615,CBF,Brasil - Série B,2026-09-15,19:30,Náutico (PE),Operário (PR),Aflitos,Rodada 28,https://stcbfsiteprdimgbrs.blob.core.windows.net/img-site/cdn/Tabela_Detalhada_Brasileiro_Serie_B_2026_09_10_25ec926739.pdf,pais=Brasil; cidade=Recife,2026-10-10T09:45:06,,Recife
8d5b4d7e9e019073,CBF,Brasil - Série B,2026-09-15,21:00,CRB (AL),Sport (PE),Rei Pelé,Rodada 28,https://stcbfsiteprdimgbrs.blob.core.windows.net/img-site/cdn/Tabela_Detalhada_Brasileiro_Serie_B_2026_09_10_25ec926739.pdf,pais=Brasil; cidade=Maceió,2026-10-10T09:45:06,,Maceió
0f17f5a9fd66342a,CBF,Brasil - Sub-17,2026-09-16,15:00,Corinthians (SP),Atlético (MG),Alfredo Schürig,Rodada 17,https://stcbfsiteprdimgbrs.blob.core.windows.net/img-site/cdn/TABELA_DETALHADA_CAMPEONATO_BRASILEIRO_MASCULINO_SUB_17_2026_09_10_c5a12e96a3.pdf,pais=Brasil; cidade=São Paulo,2026-10-10T09:45:06,,São Paulo
c2e3362caee15616,CBF,Brasil - Sub-17,2026-09-16,16:00,Palmeiras (SP),RB Bragantino (SP),Arena,Rodada 17,https://stcbfsiteprdimgbrs.blob.core.windows.net/img-site/cdn/TABELA_DETALHADA_CAMPEONATO_BRASILEIRO_MASCULINO_SUB_17_2026_09_10_c5a12e96a3.pdf,pais=Brasil; cidade=Barueri Barueri,2026-10-10T09:45:06,,Barueri Barueri
9a805f70acaf489f,CBF,Brasil - Série A,2026-09-16,19:30,Botafogo (RJ),Grêmio (RS),Nilton Santos,Rodada 21,https://stcbfsiteprdimgbrs.blob.core.windows.net/img-site/cdn/Tabela_Detalhada_BSA_2026_09_10_e4440cfd8e.pdf,pais=Brasil; cidade=Rio de Janeiro,2026-10-10T09:45:06,,Rio de Janeiro
9ae163b8d1c2fd8f,CBF,Brasil - Série B,2026-09-18,19:30,Vila Nova (GO),América (MG),Onésio B. Alvarenga,Rodada 29,https://stcbfsiteprdimgbrs.blob.core.windows.net/img-site/cdn/Tabela_Detalhada_Brasileiro_Serie_B_2026_09_10_25ec926739.pdf,pais=Brasil; cidade=Goiânia,2026-10-10T09:45:06,,Goiânia
fea92a73a5f895f6,CBF,Brasil - Série B,2026-09-18,20:30,Ceará (CE),Novorizontino (SP),Arena Castelão,Rodada 29,https://stcbfsiteprdimgbrs.blob.core.windows.net/img-site/cdn/Tabela_Detalhada_Brasileiro_Serie_B_2026_09_10_25ec926739.pdf,pais=Brasil; cidade=Fortaleza,2026-10-10T09:45:06,,Fortaleza
4f9d2bc73d4f238b,CBF,Brasil - Série B,2026-09-18,21:00,São Bernardo FC (SP),Atlético (GO),1º de Maio,Rodada 29,https://stcbfsiteprdimgbrs.blob.core.windows.net/img-site/cdn/Tabela_Detalhada_Brasileiro_Serie_B_2026_09_10_25ec926739.pdf,pais=Brasil; cidade=São Bernardo do Campo,2026-10-10T09:45:06,,São Bernardo do Campo
7713d93d7c90a45f,CBF,Brasil - Série A,2026-09-19,16:00,Atlético (MG),Chapecoense (SC),Arena MRV,Rodada 28,https://stcbfsiteprdimgbrs.blob.core.windows.net/img-site/cdn/Tabela_Detalhada_BSA_2026_09_10_e4440cfd8e.pdf,pais=Brasil; cidade=Belo Horizonte,2026-10-10T09:45:06,,Belo Horizonte
4e5c9d67329eb37a,CBF,Brasil - Série B,2026-09-19,16:30,Sport (PE),Juventude (RS),Ilha do Retiro,Rodada 29,https://stcbfsiteprdimgbrs.blob.core.windows.net/img-site/cdn/Tabela_Detalhada_Brasileiro_Serie_B_2026_09_10_25ec926739.pdf,pais=Brasil; cidade=Recife,2026-10-10T09:45:06,,Recife
8c340d7a6dcb339e,CBF,Brasil - Série A,2026-09-19,17:00,Mirassol (SP),Botafogo (RJ),José M. C. Maia,Rodada 28,https://stcbfsiteprdimgbrs.blob.core.windows.net/img-site/cdn/Tabela_Detalhada_BSA_2026_09_10_e4440cfd8e.pdf,pais=Brasil; cidade=Mirassol,2026-10-10T09:45:06,,Mirassol
62ac11999b752882,CBF,Brasil - Série A,2026-09-19,18:30,Remo (PA),Santos (SP),Mangueirão,Rodada 28,https://stcbfsiteprdimgbrs.blob.core.windows.net/img-site/cdn/Tabela_Detalhada_BSA_2026_09_10_e4440cfd8e.pdf,pais=Brasil; cidade=Belém,2026-10-10T09:45:06,,Belém
370b3c1dd44f4108,CBF,Brasil - Série B,2026-09-19,18:30,Athletic (MG),Botafogo (SP),Arena Sicredi,Rodada 29,https://stcbfsiteprdimgbrs.blob.core.windows.net/img-site/cdn/Tabela_Detalhada_Brasileiro_Serie_B_2026_09_10_25ec926739.pdf,pais=Brasil; cidade=São João Del Rei,2026-10-10T09:45:06,,São João Del Rei
77913eebad07a182,CBF,Brasil - Série A,2026-09-19,20:30,Vasco da Gama (RJ),Coritiba (PR),São Januário,Rodada 28,https://stcbfsiteprdimgbrs.blob.core.windows.net/img-site/cdn/Tabela_Detalhada_BSA_2026_09_10_e4440cfd8e.pdf,pais=Brasil; cidade=Rio de Janeiro,2026-10-10T09:45:06,,Rio de Janeiro
25da6183fd609eff,CBF,Brasil - Série A,2026-09-19,21:00,São Paulo (SP),Internacional (RS),Morumbis,Rodada 28,https://stcbfsiteprdimgbrs.blob.core.windows.net/img-site/cdn/Tabela_Detalhada_BSA_2026_09_10_e4440cfd8e.pdf,pais=Brasil; cidade=São Paulo,2026-10-10T09:45:06,,São Paulo
78aedaaae634e14a,CBF,Brasil - Série A,2026-09-20,11:00,Grêmio (RS),Palmeiras (SP),Arena do Grêmio,Rodada 28,https://stcbfsiteprdimgbrs.blob.core.windows.net/img-site/cdn/Tabela_Detalhada_BSA_2026_09_10_e4440cfd8e.pdf,pais=Brasil; cidade=Porto Alegre,2026-10-10T09:45:06,,Porto Alegre
ac684fecc0d33099,CBF,Brasil - Série B,2026-09-20,11:00,Ponte Preta (SP),CRB (AL),Moisés Lucarelli,Rodada 29,https://stcbfsiteprdimgbrs.blob.core.windows.net/img-site/cdn/Tabela_Detalhada_Brasileiro_Serie_B_2026_09_10_25ec926739.pdf,pais=Brasil; cidade=Campinas,2026-10-10T09:45:06,,Campinas
7c121a10f0ac9bd0,CBF,Brasil - Série A,2026-09-20,16:00,Corinthians (SP),Fluminense (RJ),Neo Química Arena,Rodada 28,https://stcbfsiteprdimgbrs.blob.core.windows.net/img-site/cdn/Tabela_Detalhada_BSA_2026_09_10_e4440cfd8e.pdf,pais=Brasil; cidade=São Paulo,2026-10-10T09:45:06,,São Paulo
783aff6294a15294,CBF,Brasil - Série A,2026-09-20,16:00,Vitória (BA),Cruzeiro (MG),Barradão,Rodada 28,https://stcbfsiteprdimgbrs.blob.core.windows.net/img-site/cdn/Tabela_Detalhada_BSA_2026_09_10_e4440cfd8e.pdf,pais=Brasil; cidade=Salvador,2026-10-10T09:45:06,,Salvador
6185ed9c5c9021db,CBF,Brasil - Série B,2026-09-20,16:00,Goiás (GO),Avaí (SC),Hailé Pinheiro,Rodada 29,https://stcbfsiteprdimgbrs.blob.core.windows.net/img-site/cdn/Tabela_Detalhada_Brasileiro_Serie_B_2026_09_10_25ec926739.pdf,pais=Brasil; cidade=Goiânia,2026-10-10T09:45:06,,Goiânia
070115d4163b75ea,CBF,Brasil - Série A,2026-09-20,18:30,Flamengo (RJ),Red Bull Bragantino (SP),Maracanã,Rodada 28,https://stcbfsiteprdimgbrs.blob.core.windows.net/img-site/cdn/Tabela_Detalhada_BSA_2026_09_10_e4440cfd8e.pdf,pais=Brasil; cidade=Rio de Janeiro,2026-10-10T09:45:06,,Rio de Janeiro
f211a67041914a6b,CBF,Brasil - Série B,2026-09-20,18:30,Londrina (PR),Fortaleza (CE),Vitorino Gonçalves Dias,Rodada 29,https://stcbfsiteprdimgbrs.blob.core.windows.net/img-site/cdn/Tabela_Detalhada_Brasileiro_Serie_B_2026_09_10_25ec926739.pdf,pais=Brasil; cidade=Londrina,2026-10-10T09:45:06,,Londrina
fe880a280526e210,CBF,Brasil - Série A,2026-09-20,19:30,Athletico (PR),Bahia (BA),Arena da Baixada,Rodada 28,https://stcbfsiteprdimgbrs.blob.core.windows.net/img-site/cdn/Tabela_Detalhada_BSA_2026_09_10_e4440cfd8e.pdf,pais=Brasil; cidade=Curitiba,2026-10-10T09:45:06,,Curitiba
ce122d33434dd83e,CBF,Brasil - Série B,2026-09-21,21:30,Cuiabá (MT),Náutico (PE),Arena Pantanal,Rodada 29,https://stcbfsiteprdimgbrs.blob.core.windows.net/img-site/cdn/Tabela_Detalhada_Brasileiro_Serie_B_2026_09_10_25ec926739.pdf,pais=Brasil; cidade=Cuiabá,2026-10-10T09:45:06,,Cuiabá
ef9b97ebbac2668c,CBF,Brasil - Sub-17,2026-09-22,15:00,América (MG),Grêmio (RS),Arena Urbsan*,Rodada 18,https://stcbfsiteprdimgbrs.blob.core.windows.net/img-site/cdn/TABELA_DETALHADA_CAMPEONATO_BRASILEIRO_MASCULINO_SUB_17_2026_09_10_c5a12e96a3.pdf,pais=Brasil; cidade=Betim,2026-10-10T09:45:06,,Betim
3caa071ca50bcc4e,CBF,Brasil - Sub-17,2026-09-22,15:00,Atlético (GO),Botafogo (RJ),Valdir Cândido De,Rodada 18,https://stcbfsiteprdimgbrs.blob.core.windows.net/img-site/cdn/TABELA_DETALHADA_CAMPEONATO_BRASILEIRO_MASCULINO_SUB_17_2026_09_10_c5a12e96a3.pdf,pais=Brasil; cidade=Queirós* Guapó,2026-10-10T09:45:06,,Queirós* Guapó
ba595e1a24393162,CBF,Brasil - Sub-17,2026-09-22,15:00,Cruzeiro (MG),Bahia (BA),CT Toca da Raposa*,Rodada 18,https://stcbfsiteprdimgbrs.blob.core.windows.net/img-site/cdn/TABELA_DETALHADA_CAMPEONATO_BRASILEIRO_MASCULINO_SUB_17_2026_09_10_c5a12e96a3.pdf,pais=Brasil; cidade=Belo Horizonte,2026-10-10T09:45:06,,Belo Horizonte
d47aea67bc59b69b,CBF,Brasil - Sub-17,2026-09-22,15:00,Fluminense (RJ),Athletico (PR),Marcelo Vieira Duque,Rodada 18,https://stcbfsiteprdimgbrs.blob.core.windows.net/img-site/cdn/TABELA_DETALHADA_CAMPEONATO_BRASILEIRO_MASCULINO_SUB_17_2026_09_10_c5a12e96a3.pdf,pais=Brasil; cidade=de Caxias,2026-10-10T09:45:06,,de Caxias
7a7b136e3ebd5a35,CBF,Brasil - Sub-17,2026-09-22,15:00,Internacional (RS),Atlético (MG),Morada dos,Rodada 18,https://stcbfsiteprdimgbrs.blob.core.windows.net/img-site/cdn/TABELA_DETALHADA_CAMPEONATO_BRASILEIRO_MASCULINO_SUB_17_2026_09_10_c5a12e96a3.pdf,pais=Brasil; cidade=Quero-Queros Alvorada,2026-10-10T09:45:06,,Quero-Queros Alvorada
424aedecf6dbe7e1,CBF,Brasil - Sub-17,2026-09-22,15:00,Juventude (RS),Corinthians (SP),CFAC Juventude,Rodada 18,https://stcbfsiteprdimgbrs.blob.core.windows.net/img-site/cdn/TABELA_DETALHADA_CAMPEONATO_BRASILEIRO_MASCULINO_SUB_17_2026_09_10_c5a12e96a3.pdf,pais=Brasil; cidade=Caxias do Sul,2026-10-10T09:45:06,,Caxias do Sul
6255ff5a1fbbf7ab,CBF,Brasil - Sub-17,2026-09-22,15:00,RB Bragantino (SP),Flamengo (RJ),CPD,Rodada 18,https://stcbfsiteprdimgbrs.blob.core.windows.net/img-site/cdn/TABELA_DETALHADA_CAMPEONATO_BRASILEIRO_MASCULINO_SUB_17_2026_09_10_c5a12e96a3.pdf,pais=Brasil; cidade=Atibaia Atibaia,2026-10-10T09:45:06,,Atibaia Atibaia
503a4e3006cba5ff,CBF,Brasil - Sub-17,2026-09-22,15:00,Vasco da Gama (RJ),Santos (SP),Nivaldo Pereira,Rodada 18,https://stcbfsiteprdimgbrs.blob.core.windows.net/img-site/cdn/TABELA_DETALHADA_CAMPEONATO_BRASILEIRO_MASCULINO_SUB_17_2026_09_10_c5a12e96a3.pdf,pais=Brasil; cidade=Nova Iguaçu,2026-10-10T09:45:06,,Nova Iguaçu
2c62aeb73a475196,CBF,Brasil - Sub-17,2026-09-22,15:00,Vitória (BA),Fortaleza (CE),CT Manoel Barradas*,Rodada 18,https://stcbfsiteprdimgbrs.blob.core.windows.net/img-site/cdn/TABELA_DETALHADA_CAMPEONATO_BRASILEIRO_MASCULINO_SUB_17_2026_09_10_c5a12e96a3.pdf,pais=Brasil; cidade=Salvador,2026-10-10T09:45:06,,Salvador
2f04f34292b7596c,CBF,Brasil - Série B,2026-09-22,19:30,Criciúma (SC),Operário (PR),Heriberto Hulse,Rodada 29,https://stcbfsiteprdimgbrs.blob.core.windows.net/img-site/cdn/Tabela_Detalhada_Brasileiro_Serie_B_2026_09_10_25ec926739.pdf,pais=Brasil; cidade=Criciúma,2026-10-10T09:45:06,,Criciúma
c223b03dcbeb43c3,CBF,Brasil - Sub-17,2026-09-22,20:00,São Paulo (SP),Palmeiras (SP),Marcelo,Rodada 18,https://stcbfsiteprdimgbrs.blob.core.windows.net/img-site/cdn/TABELA_DETALHADA_CAMPEONATO_BRASILEIRO_MASCULINO_SUB_17_2026_09_10_c5a12e96a3.pdf,pais=Brasil; cidade=Portugal Cotia,2026-10-10T09:45:06,,Portugal Cotia
a64ddd4bd0c70d91,ESPN,Colombia - Liga BetPlay,2026-09-24,19:30,Atlético Nacional,Millonarios,Atanasio Girardot,,,codigo_espn=401878053; status=Full Time; placar=1-1,2026-10-09T19:09:49,Colombia,Medellin
f98b50cf715b626b,ESPN,Bolivia - Copa Bolivia,2026-09-25,15:00,San Antonio Bulo Bulo,Real Potosí,,,,codigo_espn=401907811; status=Full Time; placar=3-0,2026-10-09T19:58:11,Bolivia,
3539d2c7733131f8,ESPN,Bolivia - Copa Bolivia,2026-09-25,17:15,ABB,Aurora,Municipal Villa Ingenio,,,codigo_espn=401907916; status=Full Time; placar=0-1,2026-10-09T19:58:11,Bolivia,"El Alto, La Paz."
3a7588cdc8fd0b1a,ESPN,Colombia - Copa BetPlay,2026-09-25,18:00,Unión Magdalena,Independiente Santa Fe,Estadio Sierra Nevada,,,codigo_espn=401871780; status=Full Time; placar=1-1,2026-10-09T19:09:49,Colombia,Magdalena
142fa405402321b2,ESPN,Colombia - Liga BetPlay,2026-09-25,18:10,Boyacá Chicó FC,Deportivo Pasto,La Independencia,,,codigo_espn=401878068; status=Full Time; placar=3-0,2026-10-09T19:09:49,Colombia,Tunja
7cf6003c55bfcddf,ESPN,Bolivia - Copa Bolivia,2026-09-25,19:30,Nacional Potosí,Always Ready,Estadio Víctor Agustín Ugarte,,,codigo_espn=401907812; status=Full Time; placar=9-0,2026-10-09T19:58:11,Bolivia,Potosí
c825391aac16c4d0,CBF,Brasil - Série B,2026-09-25,19:30,Novorizontino (SP),São Bernardo FC (SP),Jorge Ismael de Biasi,Rodada 30,https://stcbfsiteprdimgbrs.blob.core.windows.net/img-site/cdn/Tabela_Detalhada_Brasileiro_Serie_B_2026_09_10_25ec926739.pdf,pais=Brasil; cidade=Novo Horizonte,2026-10-10T09:45:06,,Novo Horizonte
0edd5f0e0402584a,ESPN,Colombia - Liga BetPlay,2026-09-25,20:15,Once Caldas,Atlético Bucaramanga,Palogrande,,,codigo_espn=401878063; status=Full Time; placar=1-3,2026-10-09T19:09:49,Colombia,Manizales
b33732d20aa3f67c,CBF,Brasil - Série B,2026-09-25,20:30,Vila Nova (GO),Londrina (PR),Onésio B. Alvarenga,Rodada 30,https://stcbfsiteprdimgbrs.blob.core.windows.net/img-site/cdn/Tabela_Detalhada_Brasileiro_Serie_B_2026_09_10_25ec926739.pdf,pais=Brasil; cidade=Goiânia,2026-10-10T09:45:06,,Goiânia
eaea54ba479cb06f,ESPN,Colombia - Liga BetPlay,2026-09-26,16:00,Deportivo Pereira,Internacional de Bogotá,Estadio Santiago de Las Atalayas,,,codigo_espn=401878047; status=Full Time; placar=0-0,2026-10-09T19:09:49,Colombia,Yopal
6e417bcf2455cb14,CBF,Brasil - Série B,2026-09-26,16:30,Náutico (PE),Sport (PE),Aflitos,Rodada 30,https://stcbfsiteprdimgbrs.blob.core.windows.net/img-site/cdn/Tabela_Detalhada_Brasileiro_Serie_B_2026_09_10_25ec926739.pdf,pais=Brasil; cidade=Recife,2026-10-10T09:45:06,,Recife
68230c133c733a4e,CBF,Brasil - Série B,2026-09-26,16:30,Operário (PR),Ceará (CE),Germano Kruger,Rodada 30,https://stcbfsiteprdimgbrs.blob.core.windows.net/img-site/cdn/Tabela_Detalhada_Brasileiro_Serie_B_2026_09_10_25ec926739.pdf,pais=Brasil; cidade=Ponta Grossa,2026-10-10T09:45:06,,Ponta Grossa
d989a79f08128862,ESPN,Bolivia - Copa Bolivia,2026-09-26,17:30,The Strongest,Guabirá,Estadio Hernando Siles,,,codigo_espn=401907810; status=Full Time; placar=2-1,2026-10-09T19:58:11,Bolivia,La Paz
58bb2545b03a1993,ESPN,Colombia - Liga BetPlay,2026-09-26,18:15,Cúcuta Deportivo,Llaneros FC,General Santander,,,codigo_espn=401878058; status=Full Time; placar=2-1,2026-10-09T19:09:49,Colombia,Cúcuta
fd7972b700471115,CBF,Brasil - Série B,2026-09-26,18:30,Goiás (GO),Atlético (GO),Hailé Pinheiro,Rodada 30,https://stcbfsiteprdimgbrs.blob.core.windows.net/img-site/cdn/Tabela_Detalhada_Brasileiro_Serie_B_2026_09_10_25ec926739.pdf,pais=Brasil; cidade=Goiânia,2026-10-10T09:45:06,,Goiânia
e729ceb643e12c06,ESPN,Bolivia - Copa Bolivia,2026-09-26,20:00,Universitario de Vinto,Oriente Petrolero,Estadio Félix Capriles,,,codigo_espn=401907915; status=Full Time; placar=3-0,2026-10-09T19:58:11,Bolivia,Cochabamba
3f9b73e85ec9a66f,ESPN,Colombia - Liga BetPlay,2026-09-26,20:20,Atlético Junior,Independiente Medellín,Romelio Martínez,,,codigo_espn=401878060; status=Full Time; placar=2-0,2026-10-09T19:09:49,Colombia,Barranquilla
b44891e7437059ef,CBF,Brasil - Série B,2026-09-27,11:00,Criciúma (SC),Avaí (SC),Heriberto Hulse,Rodada 30,https://stcbfsiteprdimgbrs.blob.core.windows.net/img-site/cdn/Tabela_Detalhada_Brasileiro_Serie_B_2026_09_10_25ec926739.pdf,pais=Brasil; cidade=Criciúma,2026-10-10T09:45:06,,Criciúma
4b7a4d1e0bab46a6,FUTBOLPERUANO,Peru - Copa de la Liga,2026-09-27,13:00,Boys,A. Atlético,,Semifinales,,status=Jugado; placar=2-5,2026-10-09T18:42:43,Peru,
54dec8d0ccc06c7c,ESPN,Bolivia - Copa Bolivia,2026-09-27,15:00,GV San José,Independiente Petrolero,Estadio Jesús Bermúdez,,,codigo_espn=401907914; status=Full Time; placar=1-3,2026-10-09T19:58:11,Bolivia,Oruro
7e32022437c57525,FUTBOLPERUANO,Peru - Copa de la Liga,2026-09-27,15:15,ADT,Cristal,,Semifinales,,status=Jugado; placar=0-1,2026-10-09T18:42:43,Peru,
29c450a4dce3e9d3,CBF,Brasil - Série B,2026-09-27,16:00,CRB (AL),Cuiabá (MT),Rei Pelé,Rodada 30,https://stcbfsiteprdimgbrs.blob.core.windows.net/img-site/cdn/Tabela_Detalhada_Brasileiro_Serie_B_2026_09_10_25ec926739.pdf,pais=Brasil; cidade=Maceió,2026-10-10T09:45:06,,Maceió
a451a4233ae5ef2c,ESPN,Colombia - Liga BetPlay,2026-09-27,16:00,Jaguares de Córdoba,Alianza FC,Estadio Jaraguay (Municipal de Montería),,,codigo_espn=401877898; status=Full Time; placar=1-2,2026-10-09T19:09:49,Colombia,Montería
97f08a7af08139db,ESPN,Bolivia - Copa Bolivia,2026-09-27,17:15,Bolívar,Blooming,Estadio Hernando Siles,,,codigo_espn=401907913; status=Full Time; placar=3-0,2026-10-09T19:58:11,Bolivia,La Paz
17d2dcbde8ad6e47,ESPN,Colombia - Liga BetPlay,2026-09-27,18:05,Fortaleza CEIF,Deportes Tolima,Metropolitano de Techo,,,codigo_espn=401877886; status=Full Time; placar=2-2,2026-10-09T19:09:49,Colombia,Bogota
cb96e57c6eba1530,CBF,Brasil - Série B,2026-09-27,18:30,Fortaleza (CE),Athletic (MG),Arena Castelão,Rodada 30,https://stcbfsiteprdimgbrs.blob.core.windows.net/img-site/cdn/Tabela_Detalhada_Brasileiro_Serie_B_2026_09_10_25ec926739.pdf,pais=Brasil; cidade=Fortaleza,2026-10-10T09:45:06,,Fortaleza
f99406e1f6b35abf,ESPN,Bolivia - Copa Bolivia,2026-09-27,19:30,Real Tomayapo,Real Oruro,Estadio IV Centenário,,,codigo_espn=401907912; status=Full Time; placar=2-1,2026-10-09T19:58:11,Bolivia,Tarija
1f95420e8cc694dc,ESPN,Colombia - Liga BetPlay,2026-09-27,20:10,Deportivo Cali,Águilas Doradas,Deportivo Cali,,,codigo_espn=401877955; status=Full Time; placar=2-0,2026-10-09T19:09:49,Colombia,Cali
01b16774528107ab,CBF,Brasil - Série B,2026-09-28,19:30,América (MG),Juventude (RS),Arena da Independência,Rodada 30,https://stcbfsiteprdimgbrs.blob.core.windows.net/img-site/cdn/Tabela_Detalhada_Brasileiro_Serie_B_2026_09_10_25ec926739.pdf,pais=Brasil; cidade=Belo Horizonte,2026-10-10T09:45:06,,Belo Horizonte
8d539b5e61f9dd31,ESPN,Bolivia - Copa Bolivia,2026-09-29,15:00,Universitario de Vinto,Guabirá,Estadio Félix Capriles,,,codigo_espn=401907911; status=Full Time; placar=3-1,2026-10-09T19:58:11,Bolivia,Cochabamba
7347e407c93f960d,ESPN,Colombia - Liga BetPlay,2026-09-29,15:30,Deportivo Pereira,Independiente Santa Fe,Estadio Santiago de Las Atalayas,,,codigo_espn=401877965; status=Full Time; placar=1-2,2026-10-09T19:09:49,Colombia,Yopal
0081be666cc6065d,ESPN,Bolivia - Copa Bolivia,2026-09-29,18:00,Real Potosí,ABB,Estadio Víctor Agustín Ugarte,,,codigo_espn=401907910; status=Full Time; placar=3-1,2026-10-09T19:58:11,Bolivia,Potosí
838fe61df26ff621,CBF,Brasil - Série B,2026-09-29,19:30,Botafogo (SP),Ponte Preta (SP),Santa Cruz,Rodada 30,https://stcbfsiteprdimgbrs.blob.core.windows.net/img-site/cdn/Tabela_Detalhada_Brasileiro_Serie_B_2026_09_10_25ec926739.pdf,pais=Brasil; cidade=Ribeirão Preto,2026-10-10T09:45:06,,Ribeirão Preto
937aca1f0191d936,ESPN,Bolivia - Copa Bolivia,2026-09-29,20:00,Aurora,San Antonio Bulo Bulo,Estadio Félix Capriles,,,codigo_espn=401907809; status=Full Time; placar=2-2,2026-10-09T19:58:11,Bolivia,Cochabamba
b22d4d9824b1dde7,ESPN,Colombia - Liga BetPlay,2026-09-29,20:05,Independiente Medellín,Millonarios,Atanasio Girardot,,,codigo_espn=401877876; status=Full Time; placar=2-2,2026-10-09T19:09:49,Colombia,Medellin
11aea92d20226667,ESPN,Bolivia - Copa Bolivia,2026-09-30,15:00,Real Oruro,Always Ready,Estadio Jesús Bermúdez,,,codigo_espn=401907808; status=Full Time; placar=2-2,2026-10-09T19:58:11,Bolivia,Oruro
1bca132ea5691827,CBF,Brasil - Sub-17,2026-09-30,15:00,A Atlético (MG),Juventude (RS),Arena MRV,Rodada 19,https://stcbfsiteprdimgbrs.blob.core.windows.net/img-site/cdn/TABELA_DETALHADA_CAMPEONATO_BRASILEIRO_MASCULINO_SUB_17_2026_09_10_c5a12e96a3.pdf,pais=Brasil; cidade=Belo Horizonte,2026-10-10T09:45:06,,Belo Horizonte
d2f8a350c41f33ba,CBF,Brasil - Sub-17,2026-09-30,15:00,Athletico (PR),Cruzeiro (MG),CAT do Caju,Rodada 19,https://stcbfsiteprdimgbrs.blob.core.windows.net/img-site/cdn/TABELA_DETALHADA_CAMPEONATO_BRASILEIRO_MASCULINO_SUB_17_2026_09_10_c5a12e96a3.pdf,pais=Brasil; cidade=Curitiba,2026-10-10T09:45:06,,Curitiba
86308f8098d449b6,CBF,Brasil - Sub-17,2026-09-30,15:00,Bahia (BA),Fluminense (RJ),CT Evaristo de Macedo,Rodada 19,https://stcbfsiteprdimgbrs.blob.core.windows.net/img-site/cdn/TABELA_DETALHADA_CAMPEONATO_BRASILEIRO_MASCULINO_SUB_17_2026_09_10_c5a12e96a3.pdf,pais=Brasil; cidade=Dias D'Ávila,2026-10-10T09:45:06,,Dias D'Ávila
7374f915fcab8390,CBF,Brasil - Sub-17,2026-09-30,15:00,Botafogo (RJ),RB Bragantino (SP),Nilton Santos,Rodada 19,https://stcbfsiteprdimgbrs.blob.core.windows.net/img-site/cdn/TABELA_DETALHADA_CAMPEONATO_BRASILEIRO_MASCULINO_SUB_17_2026_09_10_c5a12e96a3.pdf,pais=Brasil; cidade=Rio de Janeiro,2026-10-10T09:45:06,,Rio de Janeiro
5e51a8d848821dd1,CBF,Brasil - Sub-17,2026-09-30,15:00,Corinthians (SP),Atlético (GO),Alfredo Schürig,Rodada 19,https://stcbfsiteprdimgbrs.blob.core.windows.net/img-site/cdn/TABELA_DETALHADA_CAMPEONATO_BRASILEIRO_MASCULINO_SUB_17_2026_09_10_c5a12e96a3.pdf,pais=Brasil; cidade=São Paulo,2026-10-10T09:45:06,,São Paulo
a48cbaf97401aad0,CBF,Brasil - Sub-17,2026-09-30,15:00,Flamengo (RJ),América (MG),Gávea*,Rodada 19,https://stcbfsiteprdimgbrs.blob.core.windows.net/img-site/cdn/TABELA_DETALHADA_CAMPEONATO_BRASILEIRO_MASCULINO_SUB_17_2026_09_10_c5a12e96a3.pdf,pais=Brasil; cidade=Rio de Janeiro,2026-10-10T09:45:06,,Rio de Janeiro
c52cbb6b367f8ff5,CBF,Brasil - Sub-17,2026-09-30,15:00,Fortaleza (CE),Internacional (RS),CT Ribamar,Rodada 19,https://stcbfsiteprdimgbrs.blob.core.windows.net/img-site/cdn/TABELA_DETALHADA_CAMPEONATO_BRASILEIRO_MASCULINO_SUB_17_2026_09_10_c5a12e96a3.pdf,pais=Brasil; cidade=Bezerra* Maracanaú,2026-10-10T09:45:06,,Bezerra* Maracanaú
245492e52a8db42b,CBF,Brasil - Sub-17,2026-09-30,15:00,Grêmio (RS),São Paulo (SP),Airton Ferreira da Silva Eldorado,Rodada 19,https://stcbfsiteprdimgbrs.blob.core.windows.net/img-site/cdn/TABELA_DETALHADA_CAMPEONATO_BRASILEIRO_MASCULINO_SUB_17_2026_09_10_c5a12e96a3.pdf,pais=Brasil; cidade=do Sul,2026-10-10T09:45:06,,do Sul
45a58de73398b9f8,CBF,Brasil - Sub-17,2026-09-30,15:00,Palmeiras (SP),Vasco da Gama (RJ),Arena,Rodada 19,https://stcbfsiteprdimgbrs.blob.core.windows.net/img-site/cdn/TABELA_DETALHADA_CAMPEONATO_BRASILEIRO_MASCULINO_SUB_17_2026_09_10_c5a12e96a3.pdf,pais=Brasil; cidade=Barueri Barueri,2026-10-10T09:45:06,,Barueri Barueri
56b864b55ce32685,CBF,Brasil - Sub-17,2026-09-30,15:00,Santos (SP),Vitória (BA),CT Rei Pelé*,Rodada 19,https://stcbfsiteprdimgbrs.blob.core.windows.net/img-site/cdn/TABELA_DETALHADA_CAMPEONATO_BRASILEIRO_MASCULINO_SUB_17_2026_09_10_c5a12e96a3.pdf,pais=Brasil; cidade=Santos,2026-10-10T09:45:06,,Santos
bdae8a4c01bfd885,ESPN,Peru - Liga 1,2026-09-30,15:00,Cienciano del Cusco,Los Chankas,Estadio Inca Garcilaso de la Vega,,,codigo_espn=401886198; status=Full Time; placar=1-1,2026-10-09T21:00:56,Peru,Cusco
7ab6f3dd94f94355,ESPN,Bolivia - Copa Bolivia,2026-09-30,18:30,Real Tomayapo,Nacional Potosí,Estadio IV Centenário,,,codigo_espn=401907807; status=Full Time; placar=1-1,2026-10-09T19:58:11,Bolivia,Tarija
7dd83f74b19e7576,ESPN,Colombia - Liga BetPlay,2026-09-30,20:00,Atlético Nacional,Atlético Junior,Atanasio Girardot,,,codigo_espn=401877865; status=Full Time; placar=3-1,2026-10-09T19:09:49,Colombia,Medellin
b1f1cca1ba68668a,ESPN,Bolivia - Copa Bolivia,2026-09-30,20:30,Oriente Petrolero,The Strongest,Estadio Ramón Tahuichi,,,codigo_espn=401907909; status=Full Time; placar=1-1,2026-10-09T19:58:11,Bolivia,Santa Cruz
a06de6bef053ef19,FUTBOLPERUANO,Peru - Copa de la Liga,2026-10-01,15:00,Cristal,ADT,,Semifinales,,status=Jugado; placar=5-0,2026-10-09T18:42:43,Peru,
d3a727e99a6de17f,ESPN,Bolivia - Copa Bolivia,2026-10-01,18:30,Bolívar,GV San José,Estadio Hernando Siles,,,codigo_espn=401907908; status=Full Time; placar=3-2,2026-10-09T19:58:11,Bolivia,La Paz
9a7ae3adcf010427,ESPN,Bolivia - Copa Bolivia,2026-10-01,20:30,Blooming,Independiente Petrolero,Estadio Ramón Tahuichi,,,codigo_espn=401907806; status=Full Time; placar=0-1,2026-10-09T19:58:11,Bolivia,Santa Cruz
b3e85e68948c249c,CBF,Brasil - Série B,2026-10-01,20:30,Athletic (MG),Sport (PE),Arena Sicredi,Rodada 31,https://stcbfsiteprdimgbrs.blob.core.windows.net/img-site/cdn/Tabela_Detalhada_Brasileiro_Serie_B_2026_09_10_25ec926739.pdf,pais=Brasil; cidade=São João Del Rei,2026-10-10T09:45:06,,São João Del Rei
b643cf7a075960b0,CBF,Brasil - Série B,2026-10-01,21:00,Novorizontino (SP),Goiás (GO),Jorge Ismael de Biasi,Rodada 31,https://stcbfsiteprdimgbrs.blob.core.windows.net/img-site/cdn/Tabela_Detalhada_Brasileiro_Serie_B_2026_09_10_25ec926739.pdf,pais=Brasil; cidade=Novo Horizonte,2026-10-10T09:45:06,,Novo Horizonte
3dbff26b4be35577,ESPN,Bolivia - Copa Bolivia,2026-10-02,15:00,San Antonio Bulo Bulo,ABB,,,,codigo_espn=401907805; status=Full Time; placar=0-2,2026-10-09T19:58:11,Bolivia,
a455d376fb4f14ce,CBF,Brasil - Série B,2026-10-02,19:30,São Bernardo FC (SP),CRB (AL),1º de Maio,Rodada 31,https://stcbfsiteprdimgbrs.blob.core.windows.net/img-site/cdn/Tabela_Detalhada_Brasileiro_Serie_B_2026_09_10_25ec926739.pdf,pais=Brasil; cidade=São Bernardo do Campo,2026-10-10T09:45:06,,São Bernardo do Campo
522f99776182511c,ESPN,Bolivia - Copa Bolivia,2026-10-02,20:00,Real Potosí,Aurora,Estadio Víctor Agustín Ugarte,,,codigo_espn=401907804; status=Full Time; placar=1-1,2026-10-09T19:58:11,Bolivia,Potosí
0bd8902bad293590,CBF,Brasil - Série A,2026-10-02,20:00,São Paulo (SP),Santos (SP),Morumbis,Rodada 21,https://stcbfsiteprdimgbrs.blob.core.windows.net/img-site/cdn/Tabela_Detalhada_BSA_2026_09_10_e4440cfd8e.pdf,pais=Brasil; cidade=São Paulo,2026-10-10T09:45:06,,São Paulo
c6ed6fa5d3e52411,CBF,Brasil - Série B,2026-10-02,20:30,Londrina (PR),Criciúma (SC),Vitorino Gonçalves Dias,Rodada 31,https://stcbfsiteprdimgbrs.blob.core.windows.net/img-site/cdn/Tabela_Detalhada_Brasileiro_Serie_B_2026_09_10_25ec926739.pdf,pais=Brasil; cidade=Londrina,2026-10-10T09:45:06,,Londrina
be2d68ec13c56130,ESPN,Colombia - Liga BetPlay,2026-10-02,20:30,Deportivo Cali,Alianza FC,Deportivo Cali,,,codigo_espn=401878069; status=Full Time; placar=3-1,2026-10-09T19:09:49,Colombia,Cali
f269c0a5e5c1c11a,CBF,Brasil - Série B,2026-10-02,20:45,Juventude (RS),Operário (PR),Alfredo Jaconi,Rodada 31,https://stcbfsiteprdimgbrs.blob.core.windows.net/img-site/cdn/Tabela_Detalhada_Brasileiro_Serie_B_2026_09_10_25ec926739.pdf,pais=Brasil; cidade=Caxias do Sul,2026-10-10T09:45:06,,Caxias do Sul
e100e4b8d2d9c5d3,CBF,Brasil - Série B,2026-10-02,21:35,Fortaleza (CE),Náutico (PE),Arena Castelão,Rodada 31,https://stcbfsiteprdimgbrs.blob.core.windows.net/img-site/cdn/Tabela_Detalhada_Brasileiro_Serie_B_2026_09_10_25ec926739.pdf,pais=Brasil; cidade=Fortaleza,2026-10-10T09:45:06,,Fortaleza
d69c4731364fdd9a,CBF,Brasil - Série B,2026-10-03,11:00,Avaí (SC),Ceará (CE),Ressacada,Rodada 31,https://stcbfsiteprdimgbrs.blob.core.windows.net/img-site/cdn/Tabela_Detalhada_Brasileiro_Serie_B_2026_09_10_25ec926739.pdf,pais=Brasil; cidade=Florianópolis,2026-10-10T09:45:06,,Florianópolis
8433a6d2ba842e1e,ESPN,Colombia - Liga BetPlay,2026-10-03,14:00,Águilas Doradas,Jaguares de Córdoba,Estadio Cincuentenario,,,codigo_espn=401877776; status=Full Time; placar=2-0,2026-10-09T19:09:49,Colombia,Medellin
7ec4b6b06c29cd77,ESPN,Bolivia - Copa Bolivia,2026-10-03,15:00,Always Ready,Real Tomayapo,Municipal Villa Ingenio,,,codigo_espn=401907907; status=Full Time; placar=4-0,2026-10-09T19:58:11,Bolivia,"El Alto, La Paz."
24811780ef05046d,FGF,Gauchão Série A2 2026,2026-10-03,15:00,APF,STA,SESI Caxias do Sul,Quartas de Final,https://fgf.com.br/competicoes/profissional/24,placar: 1 X 0,2026-10-09T19:22:44,Brasil,
21095e125e0ee393,FGF,Gauchão Série A2 2026,2026-10-03,15:00,BFA,PFU,Castanheiras,Quartas de Final,https://fgf.com.br/competicoes/profissional/24,placar: 0 X 2,2026-10-09T19:22:44,Brasil,
08becf4341d78ff9,CBF,Brasil - Série B,2026-10-03,16:00,Atlético (GO),América (MG),Antônio Accioly,Rodada 31,https://stcbfsiteprdimgbrs.blob.core.windows.net/img-site/cdn/Tabela_Detalhada_Brasileiro_Serie_B_2026_09_10_25ec926739.pdf,pais=Brasil; cidade=Goiânia,2026-10-10T09:45:06,,Goiânia
b7dd2949e2a97519,ESPN,Colombia - Liga BetPlay,2026-10-03,16:05,Deportes Tolima,Boyacá Chicó FC,Estadio Manuel Murillo Toro,,,codigo_espn=401877904; status=Full Time; placar=0-0,2026-10-09T19:09:49,Colombia,Ibague
eabee7a351325b35,CBF,Brasil - Série B,2026-10-03,17:00,Cuiabá (MT),Ponte Preta (SP),Arena Pantanal,Rodada 31,https://stcbfsiteprdimgbrs.blob.core.windows.net/img-site/cdn/Tabela_Detalhada_Brasileiro_Serie_B_2026_09_10_25ec926739.pdf,pais=Brasil; cidade=Cuiabá,2026-10-10T09:45:06,,Cuiabá
5c92051cad1811df,ESPN,Bolivia - Copa Bolivia,2026-10-03,17:15,Nacional Potosí,Real Oruro,Estadio Víctor Agustín Ugarte,,,codigo_espn=401907906; status=Full Time; placar=2-0,2026-10-09T19:58:11,Bolivia,Potosí
4eb55a9e4ae95e4d,ESPN,Colombia - Copa BetPlay,2026-10-03,18:10,Barranquilla FC,Millonarios,Romelio Martínez,,,codigo_espn=401902929; status=Final Score - After Penalties; placar=1-1,2026-10-09T19:09:49,Colombia,Barranquilla
9a09decd3e73ff62,CBF,Brasil - Série A,2026-10-03,18:30,Atlético (MG),Red Bull Bragantino (SP),Arena MRV,Rodada 21,https://stcbfsiteprdimgbrs.blob.core.windows.net/img-site/cdn/Tabela_Detalhada_BSA_2026_09_10_e4440cfd8e.pdf,pais=Brasil; cidade=Belo Horizonte,2026-10-10T09:45:06,,Belo Horizonte
98ed7344a5b63abe,CBF,Brasil - Série B,2026-10-03,18:30,Botafogo (SP),Vila Nova (GO),Santa Cruz,Rodada 31,https://stcbfsiteprdimgbrs.blob.core.windows.net/img-site/cdn/Tabela_Detalhada_Brasileiro_Serie_B_2026_09_10_25ec926739.pdf,pais=Brasil; cidade=Ribeirão Preto,2026-10-10T09:45:06,,Ribeirão Preto
08ca99d5c167ea96,FGF,Gauchão Série A2 2026,2026-10-03,19:00,Brasil-Pel,ESP,Bento Freitas,Quartas de Final,https://fgf.com.br/competicoes/profissional/24,placar: 0 X 0,2026-10-09T19:22:44,Brasil,
671ca5839e4b88a2,FGF,Gauchão Série A2 2026,2026-10-03,19:00,UNI,VEC,Arena União Frederiquense,Quartas de Final,https://fgf.com.br/competicoes/profissional/24,placar: 2 X 0,2026-10-09T19:22:44,Brasil,
ae682ca9ec238ebd,ESPN,Bolivia - Copa Bolivia,2026-10-03,19:30,The Strongest,Universitario de Vinto,Estadio Hernando Siles,,,codigo_espn=401907803; status=Full Time; placar=5-2,2026-10-09T19:58:11,Bolivia,La Paz
07cba5be1c55e3b9,ESPN,Colombia - Liga BetPlay,2026-10-04,14:00,Deportivo Pasto,Fortaleza CEIF,Departamental Libertad,,,codigo_espn=401878051; status=Full Time; placar=0-0,2026-10-09T19:09:49,Colombia,Pasto
e31588c2eab3f7f7,ESPN,Bolivia - Copa Bolivia,2026-10-04,15:00,GV San José,Blooming,Estadio Jesús Bermúdez,,,codigo_espn=401907905; status=Full Time; placar=3-2,2026-10-09T19:58:11,Bolivia,Oruro
0051abed71184228,ESPN,Colombia - Liga BetPlay,2026-10-04,16:05,Cúcuta Deportivo,Deportivo Pereira,General Santander,,,codigo_espn=401878066; status=Full Time; placar=4-0,2026-10-09T19:09:49,Colombia,Cúcuta
9a8e1f97450f6be9,ESPN,Colombia - Liga BetPlay,2026-10-04,16:05,Internacional de Bogotá,Once Caldas,Metropolitano de Techo,,,codigo_espn=401877909; status=Full Time; placar=1-1,2026-10-09T19:09:49,Colombia,Bogota
3815d96f2a87ed54,ESPN,Bolivia - Copa Bolivia,2026-10-04,17:15,Guabirá,Oriente Petrolero,Estadio Gilberto Parada,,,codigo_espn=401907802; status=Full Time; placar=2-1,2026-10-09T19:58:11,Bolivia,Montero
b54e5c7dbd7eb895,ESPN,Colombia - Liga BetPlay,2026-10-04,18:10,Atlético Bucaramanga,Atlético Junior,Estadio Alfonso López,,,codigo_espn=401877900; status=Full Time; placar=3-1,2026-10-09T19:09:49,Colombia,Bucaramanga
f07c56c809c28d13,ESPN,Bolivia - Copa Bolivia,2026-10-04,19:30,Independiente Petrolero,Bolívar,Estadio Olímpico Patria,,,codigo_espn=401907801; status=Full Time; placar=0-3,2026-10-09T19:58:11,Bolivia,Cochabamba
d07024f052209c8a,ESPN,Colombia - Liga BetPlay,2026-10-04,20:15,Llaneros FC,América de Cali,Estadio Bello Horizonte - Rey Pele,,,codigo_espn=401878014; status=Full Time; placar=1-2,2026-10-09T19:09:49,Colombia,Villavicencio
55f9b7b816b52ad1,FUTBOLPERUANO,Peru - Liga 3,2026-10-05,13:00,Carlos Stein,D. Lute,,Grupo A,,status=Jugado; placar=0-0,2026-10-09T18:42:43,Peru,
a93232a679d4f660,ESPN,Colombia - Liga BetPlay,2026-10-05,19:00,Independiente Medellín,Independiente Santa Fe,Metropolitano Ciudad de Itagüí,,,codigo_espn=401877960; status=Full Time; placar=0-1,2026-10-09T19:09:49,Colombia,Itagui
01a2057eb4e5d9c5,ESPN,Bolivia - Copa Bolivia,2026-10-06,15:00,Real Oruro,Real Tomayapo,Estadio Jesús Bermúdez,,,codigo_espn=401907800; status=Full Time; placar=4-0,2026-10-09T19:58:11,Bolivia,Oruro
8e65b939d223445f,FUTBOLPERUANO,Peru - Copa de la Liga,2026-10-06,15:00,A. Atlético,Boys,,Semifinales,,status=Jugado; placar=3-0,2026-10-09T18:42:43,Peru,
eb6252afad848713,ESPN,Bolivia - Copa Bolivia,2026-10-06,18:00,Real Potosí,San Antonio Bulo Bulo,Estadio Víctor Agustín Ugarte,,,codigo_espn=401907904; status=Full Time; placar=4-2,2026-10-09T19:58:11,Bolivia,Potosí
572ef14636ac140c,CBF,Brasil - Série B,2026-10-06,19:30,Sport (PE),São Bernardo FC (SP),Ilha do Retiro,Rodada 32,https://stcbfsiteprdimgbrs.blob.core.windows.net/img-site/cdn/Tabela_Detalhada_Brasileiro_Serie_B_2026_09_10_25ec926739.pdf,pais=Brasil; cidade=Recife,2026-10-10T09:45:06,,Recife
1fe2e81378d6c923,ESPN,Bolivia - Copa Bolivia,2026-10-06,20:00,Aurora,ABB,Estadio Félix Capriles,,,codigo_espn=401907903; status=Full Time; placar=2-0,2026-10-09T19:58:11,Bolivia,Cochabamba
9846034e082b7f05,CBF,Brasil - Série B,2026-10-06,20:30,Goiás (GO),Athletic (MG),Hailé Pinheiro,Rodada 32,https://stcbfsiteprdimgbrs.blob.core.windows.net/img-site/cdn/Tabela_Detalhada_Brasileiro_Serie_B_2026_09_10_25ec926739.pdf,pais=Brasil; cidade=Goiânia,2026-10-10T09:45:06,,Goiânia
0562d50fd13c7f57,CBF,Brasil - Série B,2026-10-06,21:35,Ponte Preta (SP),Juventude (RS),Ítalo,Rodada 32,https://stcbfsiteprdimgbrs.blob.core.windows.net/img-site/cdn/Tabela_Detalhada_Brasileiro_Serie_B_2026_09_10_25ec926739.pdf,pais=Brasil; cidade=Limongi Indaiatuba,2026-10-10T09:45:06,,Limongi Indaiatuba
36c30a0ed5925980,FUTBOLPERUANO,Peru - Liga 2,2026-10-07,10:45,Cantolao,Santos FC,,Grupo Descenso B,,status=Jugado; placar=0-3,2026-10-09T18:42:43,Peru,
80370cf3a2253f97,FUTBOLPERUANO,Peru - Liga 2,2026-10-07,13:00,Llacuabamba,Comerciantes FC,,Grupo Campeonato B,,status=Jugado; placar=4-0,2026-10-09T18:42:43,Peru,
09685c7b921a4cc9,FUTBOLPERUANO,Peru - Liga 2,2026-10-07,13:30,Sport Huancayo,ADA Jaén,,Grupo Campeonato B,,status=Jugado; placar=0-1,2026-10-09T18:42:43,Peru,
c004d6ad284e3627,CBF,Brasil - Sub-17,2026-10-07,15:00,B Atlético (MG),Palmeiras (SP),Arena MRV,Ida,https://stcbfsiteprdimgbrs.blob.core.windows.net/img-site/cdn/TABELA_DETALHADA_CAMPEONATO_BRASILEIRO_MASCULINO_SUB_17_2026_09_10_c5a12e96a3.pdf,pais=Brasil; cidade=Belo Horizonte,2026-10-10T09:45:06,,Belo Horizonte
a125b81b5177c2e9,CBF,Brasil - Sub-17,2026-10-07,15:00,C Cruzeiro (MG),Fluminense (RJ),CT Toca da Raposa*,Rodada 1,https://stcbfsiteprdimgbrs.blob.core.windows.net/img-site/cdn/TABELA_DETALHADA_CAMPEONATO_BRASILEIRO_MASCULINO_SUB_17_2026_09_10_c5a12e96a3.pdf,pais=Brasil; cidade=Belo Horizonte,2026-10-10T09:45:06,,Belo Horizonte
5d1b2607e431a696,CBF,Brasil - Sub-17,2026-10-07,15:00,E Fortaleza (CE),Red Bull BragantinoSP CT Ribamar Bezerra* Macaranaú (CE),A definir,Rodada 1,https://stcbfsiteprdimgbrs.blob.core.windows.net/img-site/cdn/TABELA_DETALHADA_CAMPEONATO_BRASILEIRO_MASCULINO_SUB_17_2026_09_10_c5a12e96a3.pdf,pais=Brasil,2026-10-10T09:45:06,,
48c5f780952f5483,FUTBOLPERUANO,Peru - Liga 2,2026-10-07,15:15,CNI,César Vallejo,,Grupo Descenso A,,status=Jugado; placar=3-3,2026-10-09T18:42:43,Peru,
0b9fd9af1bfb0e33,ESPN,Bolivia - Copa Bolivia,2026-10-07,17:30,Independiente Petrolero,GV San José,Estadio Olímpico Patria,,,codigo_espn=401907901; status=Full Time; placar=1-0,2026-10-09T19:58:11,Bolivia,Cochabamba
45af418c0c4a24f8,CBF,Brasil - Sub-17,2026-10-07,17:30,D Flamengo (RJ),Corinthians (SP),Luso Brasileiro,Rodada 1,https://stcbfsiteprdimgbrs.blob.core.windows.net/img-site/cdn/TABELA_DETALHADA_CAMPEONATO_BRASILEIRO_MASCULINO_SUB_17_2026_09_10_c5a12e96a3.pdf,pais=Brasil; cidade=Rio de Janeiro,2026-10-10T09:45:06,,Rio de Janeiro
9c085232ad94a677,CBF,Brasil - Série A,2026-10-07,19:30,Internacional (RS),Corinthians (SP),Beira-Rio,Rodada 29,https://stcbfsiteprdimgbrs.blob.core.windows.net/img-site/cdn/Tabela_Detalhada_BSA_2026_09_10_e4440cfd8e.pdf,pais=Brasil; cidade=Porto Alegre,2026-10-10T09:45:06,,Porto Alegre
46aa51065a8c18c3,CBF,Brasil - Série A,2026-10-07,19:30,Red Bull Bragantino (SP),Mirassol (SP),Cícero S. Marques,Rodada 29,https://stcbfsiteprdimgbrs.blob.core.windows.net/img-site/cdn/Tabela_Detalhada_BSA_2026_09_10_e4440cfd8e.pdf,pais=Brasil; cidade=Bragança Paulista,2026-10-10T09:45:06,,Bragança Paulista
f46beef0e1518dd3,CBF,Brasil - Série A,2026-10-07,19:30,Remo (PA),Grêmio (RS),Mangueirão,Rodada 29,https://stcbfsiteprdimgbrs.blob.core.windows.net/img-site/cdn/Tabela_Detalhada_BSA_2026_09_10_e4440cfd8e.pdf,pais=Brasil; cidade=Belém,2026-10-10T09:45:06,,Belém
5889ab026655ad10,CBF,Brasil - Série B,2026-10-07,19:30,Avaí (SC),Londrina (PR),Ressacada,Rodada 32,https://stcbfsiteprdimgbrs.blob.core.windows.net/img-site/cdn/Tabela_Detalhada_Brasileiro_Serie_B_2026_09_10_25ec926739.pdf,pais=Brasil; cidade=Florianópolis,2026-10-10T09:45:06,,Florianópolis
94c1aa3fd72a9829,CBF,Brasil - Série B,2026-10-07,19:30,Operário (PR),Botafogo (SP),Germano Kruger,Rodada 32,https://stcbfsiteprdimgbrs.blob.core.windows.net/img-site/cdn/Tabela_Detalhada_Brasileiro_Serie_B_2026_09_10_25ec926739.pdf,pais=Brasil; cidade=Ponta Grossa,2026-10-10T09:45:06,,Ponta Grossa
afe2b8733f2c44fc,CBF,Brasil - Série A,2026-10-07,20:00,Vitória (BA),Chapecoense (SC),Barradão,Rodada 29,https://stcbfsiteprdimgbrs.blob.core.windows.net/img-site/cdn/Tabela_Detalhada_BSA_2026_09_10_e4440cfd8e.pdf,pais=Brasil; cidade=Salvador,2026-10-10T09:45:06,,Salvador
34a811874c054e75,ESPN,Bolivia - Copa Bolivia,2026-10-07,20:30,Guabirá,The Strongest,Estadio Gilberto Parada,,,codigo_espn=401907902; status=Full Time; placar=2-1,2026-10-09T19:58:11,Bolivia,Montero
9ebab11ac825c441,ESPN,Bolivia - Copa Bolivia,2026-10-07,20:30,Oriente Petrolero,Universitario de Vinto,Estadio Ramón Tahuichi,,,codigo_espn=401907900; status=Full Time; placar=2-0,2026-10-09T19:58:11,Bolivia,Santa Cruz
5470a819abfc0ff5,CBF,Brasil - Série A,2026-10-07,20:30,Botafogo (RJ),Vasco da Gama (RJ),Nilton Santos,Rodada 29,https://stcbfsiteprdimgbrs.blob.core.windows.net/img-site/cdn/Tabela_Detalhada_BSA_2026_09_10_e4440cfd8e.pdf,pais=Brasil; cidade=Rio de Janeiro,2026-10-10T09:45:06,,Rio de Janeiro
74fbc9403e991f87,CBF,Brasil - Série B,2026-10-07,20:30,América (MG),Fortaleza (CE),Arena da Independência,Rodada 32,https://stcbfsiteprdimgbrs.blob.core.windows.net/img-site/cdn/Tabela_Detalhada_Brasileiro_Serie_B_2026_09_10_25ec926739.pdf,pais=Brasil; cidade=Belo Horizonte,2026-10-10T09:45:06,,Belo Horizonte
efa8cafe599ed90b,CBF,Brasil - Série B,2026-10-07,20:30,CRB (AL),Atlético (GO),Rei Pelé,Rodada 32,https://stcbfsiteprdimgbrs.blob.core.windows.net/img-site/cdn/Tabela_Detalhada_Brasileiro_Serie_B_2026_09_10_25ec926739.pdf,pais=Brasil; cidade=Maceió,2026-10-10T09:45:06,,Maceió
c66b8d4dc36bc3e5,CBF,Brasil - Série B,2026-10-07,20:30,Vila Nova (GO),Cuiabá (MT),Onésio B. Alvarenga,Rodada 32,https://stcbfsiteprdimgbrs.blob.core.windows.net/img-site/cdn/Tabela_Detalhada_Brasileiro_Serie_B_2026_09_10_25ec926739.pdf,pais=Brasil; cidade=Goiânia,2026-10-10T09:45:06,,Goiânia
b112d74eff89dcd2,CBF,Brasil - Série A,2026-10-07,21:30,Cruzeiro (MG),São Paulo (SP),Mineirão,Rodada 29,https://stcbfsiteprdimgbrs.blob.core.windows.net/img-site/cdn/Tabela_Detalhada_BSA_2026_09_10_e4440cfd8e.pdf,pais=Brasil; cidade=Belo Horizonte,2026-10-10T09:45:06,,Belo Horizonte
f5c0e4faff7f23ab,FUTBOLPERUANO,Peru - Liga 1,2026-10-08,13:00,D. Moquegua,Cienciano,,Fase Regular,,status=50'; placar=0-2,2026-10-09T18:42:43,Peru,
b1d555db664a0f35,ESPN,Peru - Liga 1,2026-10-08,13:00,Deportivo Moquegua,Cienciano del Cusco,Estadio 25 de Noviembre,,,codigo_espn=401886173; status=Full Time; placar=0-2,2026-10-09T21:00:56,Peru,Moquegua
b36babd511a342df,ESPN,Bolivia - Copa Bolivia,2026-10-08,15:00,Always Ready,Nacional Potosí,Municipal Villa Ingenio,,,codigo_espn=401907899; status=Full Time; placar=2-3,2026-10-09T19:58:11,Bolivia,"El Alto, La Paz."
babb068f726030b5,ESPN,Peru - Liga 1,2026-10-08,15:30,Atlético Grau,Los Chankas,Estadio Municipal Ambrosio Maco Arroyo,,,codigo_espn=401886170; status=Full Time; placar=0-0,2026-10-09T21:00:56,Peru,Piura
e9d6ecf203f64800,FUTBOLPERUANO,Peru - Liga 1,2026-10-08,15:30,Grau,Los Chankas,,Fase Regular,,status=Por jugar; placar=0-0,2026-10-09T18:42:43,Peru,
b250c861c066c59a,ESPN,Colombia - Liga BetPlay,2026-10-08,18:05,Atlético Nacional,Deportes Tolima,Metropolitano Ciudad de Itagüí,,,codigo_espn=401877883; status=Full Time; placar=0-0,2026-10-09T19:09:49,Colombia,Itagui
b723c331f5d6974b,CBF,Brasil - Série A,2026-10-08,19:30,Santos (SP),Flamengo (RJ),Vila Belmiro,Rodada 29,https://stcbfsiteprdimgbrs.blob.core.windows.net/img-site/cdn/Tabela_Detalhada_BSA_2026_09_10_e4440cfd8e.pdf,pais=Brasil; cidade=Santos,2026-10-10T09:45:06,,Santos
b06fed6623c87899,CBF,Brasil - Série B,2026-10-08,19:30,Ceará (CE),Criciúma (SC),Arena Castelão,Rodada 32,https://stcbfsiteprdimgbrs.blob.core.windows.net/img-site/cdn/Tabela_Detalhada_Brasileiro_Serie_B_2026_09_10_25ec926739.pdf,pais=Brasil; cidade=Fortaleza,2026-10-10T09:45:06,,Fortaleza
76602a1baa99322d,CBF,Brasil - Série B,2026-10-08,19:30,Náutico (PE),Novorizontino (SP),Aflitos,Rodada 32,https://stcbfsiteprdimgbrs.blob.core.windows.net/img-site/cdn/Tabela_Detalhada_Brasileiro_Serie_B_2026_09_10_25ec926739.pdf,pais=Brasil; cidade=Recife,2026-10-10T09:45:06,,Recife
c01f722c3796927d,ESPN,Bolivia - Copa Bolivia,2026-10-08,20:00,Blooming,Bolívar,Estadio Ramón Tahuichi,,,codigo_espn=401907799; status=Full Time; placar=1-1,2026-10-09T19:58:11,Bolivia,Santa Cruz
3dafce0a3a43ffca,CBF,Brasil - Série A,2026-10-08,20:00,Athletico (PR),Atlético (MG),Arena da Baixada,Rodada 29,https://stcbfsiteprdimgbrs.blob.core.windows.net/img-site/cdn/Tabela_Detalhada_BSA_2026_09_10_e4440cfd8e.pdf,pais=Brasil; cidade=Curitiba,2026-10-10T09:45:06,,Curitiba
cf334ff7ad29bd10,ESPN,Colombia - Liga BetPlay,2026-10-08,20:10,Fortaleza CEIF,Millonarios,Metropolitano de Techo,,,codigo_espn=401877887; status=Full Time; placar=1-1,2026-10-09T19:09:49,Colombia,Bogota
96e05a645e5044c9,CBF,Brasil - Série A,2026-10-08,21:30,Fluminense (RJ),Coritiba (PR),Maracanã,Rodada 29,https://stcbfsiteprdimgbrs.blob.core.windows.net/img-site/cdn/Tabela_Detalhada_BSA_2026_09_10_e4440cfd8e.pdf,pais=Brasil; cidade=Rio de Janeiro,2026-10-10T09:45:06,,Rio de Janeiro
e5e4b01f564be0a5,CBF,Brasil - Série A,2026-10-08,21:30,Palmeiras (SP),Bahia (BA),Nubank Parque,Rodada 29,https://stcbfsiteprdimgbrs.blob.core.windows.net/img-site/cdn/Tabela_Detalhada_BSA_2026_09_10_e4440cfd8e.pdf,pais=Brasil; cidade=São Paulo,2026-10-10T09:45:06,,São Paulo
df418099de5e22ca,FFERJ,Brasil - FFERJ - Competição não identificada,2026-10-09,09:30,Vasco da Gama S.A.F,Olaria A.C,ESTÁDIO NIVALDO PEREIRA,,https://www.fferj.com.br/partidas/5937,codigo_fferj=5937; fonte_tag=FERJ,2026-10-05T21:16:30,Brasil,Rio de Janeiro
220f9590fb6bfdce,campeonatochileno.cl,Campeonato Juvenil Femenino,2026-10-09,09:30,Deportes La Serena Juvenil Fem,Everton Juvenil Fem,,Fecha 3,https://www.campeonatochileno.cl/ligas/campeonato-juvenil-femenino/,,2026-10-09T18:12:25,,
e108d16ee8a542c4,FFERJ,Brasil - FFERJ - Competição não identificada,2026-10-09,10:00,C.R Flamengo,Madureira E.C,ESTÁDIO CFZ RECREIO,,https://www.fferj.com.br/partidas/6246,codigo_fferj=6246; fonte_tag=FERJ,2026-10-05T21:16:30,Brasil,Rio de Janeiro
6a5f7e08a800d633,FGF,Brasil - FGF - Taça Mané Garrincha Sub 17 da 2ª Divisão / 2026,2026-10-09,10:00,CEC - Cerrado Esporte Clube,Ovel,CT TOCA DO LOBO,7ª Rodada,https://www.fgf.esp.br/pt/competicoes/jogo.php?id=1788&jogo=57016,status=Programado; pais=Brasil; estado=Goiás; fonte=api_ajax,2026-10-09T18:00:23,Brasil,
dbfdd123bd9189a1,campeonatochileno.cl,Campeonato Juvenil Femenino,2026-10-09,13:00,Curicó Unido Juvenil Fem,Huachipato Juvenil Fem,,Fecha 14,https://www.campeonatochileno.cl/ligas/campeonato-juvenil-femenino/,,2026-10-09T18:12:25,,
ae4da7a621da0bb6,ESPN,Ecuador - LigaPro Serie A,2026-10-09,13:00,Libertad (Ecuador),Leones,Estadio Federativo Reina del Cisne,,,codigo_espn=401921382; status=Full Time; placar=3-0,2026-10-09T20:23:29,Ecuador,Loja
298d5896aab3c9a6,AFA,Argentina - Torneo Clausura,2026-10-09,14:30,Aldosivi,Sarmiento,,Zona B,https://www.afa.com.ar/Sitio/posts/la-agenda-de-la-afa,,2026-10-09T18:15:50,Argentina,
6c0b71ec27449831,ESPN,Bolivia - Liga Profesional Boliviana,2026-10-09,15:00,San Antonio Bulo Bulo,Real Tomayapo,Estadio Félix Capriles,,,codigo_espn=401906309; status=Halftime; placar=0-0,2026-10-09T19:58:11,Bolivia,Cochabamba
aaf70dc87e38e714,FFERJ,Brasil - FFERJ - Competição não identificada,2026-10-09,15:00,PETRÓPOLIS GONÇALENSE FC,Univassouras Artsul FC,ESTÁDIO RONALDO NAZÁRIO,,https://www.fferj.com.br/partidas/6147,codigo_fferj=6147; fonte_tag=FERJ,2026-10-05T21:16:30,Brasil,Rio de Janeiro
a1ba043c54d2cafe,FFERJ,Brasil - FFERJ - Competição não identificada,2026-10-09,15:00,Sampaio Corrêa F.E Ltda,Rio Barra Futebol Clube Ltda,ESTÁDIO LOURIVAL GOMES DE ALMEIDA,,https://www.fferj.com.br/partidas/6169,codigo_fferj=6169; fonte_tag=FERJ,2026-10-05T21:16:30,Brasil,Rio de Janeiro
a86d242fe98ee531,FFERJ,Brasil - FFERJ - Competição não identificada,2026-10-09,15:00,Volta Redonda F.C,America F.C (RJ),ESTÁDIO CT VOLTA REDONDA,,https://www.fferj.com.br/partidas/6168,codigo_fferj=6168; fonte_tag=FERJ,2026-10-05T21:16:30,Brasil,Rio de Janeiro
fbeac7c48d9808b5,FMF,Brasil - FMF - FEMININO - 2026,2026-10-09,15:00,ARAGUARI,ITABIRITO,Estádio Ilvo Marani,RODADA 6,https://www.fmf.com.br/Competicoes/ProxJogos.aspx?d=7,pais=Brasil; estado=Minas Gerais; codigo_fmf=7; placar_original=X; jogo_numero=16; cidade=Vespasiano,2026-09-28T20:17:21,Brasil,Vespasiano
2b8b4fd9cc902ece,FPF,Brasil - FPF - Paulista Sub-20 - Série A (SUB20 - Série A),2026-10-09,15:00,AA Flamengo,Red Bull Bragantino,Estádio Municipal Antonio Soares de Oliveira,Rodada 18,https://www.futebolpaulista.com.br/Competicoes/Tabela.aspx,status=Programado; pais=Brasil; estado=São Paulo; fonte=api_ashx; jogo_numero=334; grupo=20; fase=TERCEIRA FASE; canais=YouTube Paulistão; suspencao=LIBERADO,2026-10-09T18:57:44,Brasil,Guarulhos
6bf7d044b0f71619,FPF,Brasil - FPF - Paulista Sub-20 - Série A (SUB20 - Série A),2026-10-09,15:00,AA Portuguesa,Corinthians,Estádio Ulrico Mursa,Rodada 18,https://www.futebolpaulista.com.br/Competicoes/Tabela.aspx,status=Programado; pais=Brasil; estado=São Paulo; fonte=api_ashx; jogo_numero=335; grupo=22; fase=TERCEIRA FASE; canais=TNT; suspencao=LIBERADO,2026-10-09T18:57:44,Brasil,Santos
3146055cf26602ae,FPF,Brasil - FPF - Paulista Sub-20 - Série A (SUB20 - Série A),2026-10-09,15:00,Santo André,Juventus SAF,Estádio Municipal Bruno José Daniel,Rodada 18,https://www.futebolpaulista.com.br/Competicoes/Tabela.aspx,status=Programado; pais=Brasil; estado=São Paulo; fonte=api_ashx; jogo_numero=337; grupo=27; fase=TERCEIRA FASE; canais=YouTube Paulistão; suspencao=LIBERADO,2026-10-09T18:57:44,Brasil,Santo André
564d64cbc975d617,FPF,Brasil - FPF - Paulista Sub-20 - Série A (SUB20 - Série A),2026-10-09,15:00,Sfera FC,Guarani,Centro de Formação de Atletas Jarinu,Rodada 18,https://www.futebolpaulista.com.br/Competicoes/Tabela.aspx,status=Programado; pais=Brasil; estado=São Paulo; fonte=api_ashx; jogo_numero=336; grupo=25; fase=TERCEIRA FASE; canais=YouTube Paulistão; suspencao=LIBERADO,2026-10-09T18:57:44,Brasil,Jarinu
7b4622a18594c272,FGF,Brasil - FGF - Taça Mané Garrincha Sub 17 da 1ª Divisão / 2026,2026-10-09,15:30,Anapolina S.a.f.,Jataiense,CT Anapolina,10ª Rodada,https://www.fgf.esp.br/pt/competicoes/jogo.php?id=1783&jogo=56739,status=Programado; pais=Brasil; estado=Goiás; fonte=api_ajax,2026-10-09T18:00:23,Brasil,
ebac4dff9df3554d,FGF,Brasil - FGF - Taça Mané Garrincha Sub 17 da 1ª Divisão / 2026,2026-10-09,15:30,Atlético Goianiense Saf,Goiás,Dorvalino Monteiro dos Reis,10ª Rodada,https://www.fgf.esp.br/pt/competicoes/jogo.php?id=1783&jogo=56740,status=Programado; pais=Brasil; estado=Goiás; fonte=api_ajax,2026-10-09T18:00:23,Brasil,
06ff71fbb06ceab6,FGF,Brasil - FGF - Taça Mané Garrincha Sub 17 da 1ª Divisão / 2026,2026-10-09,15:30,Canedo FC,Goiania E.c. S.a.f.,CT Cidade do Tubarão,10ª Rodada,https://www.fgf.esp.br/pt/competicoes/jogo.php?id=1783&jogo=56738,status=Programado; pais=Brasil; estado=Goiás; fonte=api_ajax,2026-10-09T18:00:23,Brasil,
e8c1d1570b93b708,FGF,Brasil - FGF - Taça Mané Garrincha Sub 17 da 1ª Divisão / 2026,2026-10-09,15:30,Cristianópols FC,Itaberaí Saf,Sandoval Prudente,10ª Rodada,https://www.fgf.esp.br/pt/competicoes/jogo.php?id=1783&jogo=56741,status=Programado; pais=Brasil; estado=Goiás; fonte=api_ajax,2026-10-09T18:00:23,Brasil,
57d6004231c556f7,FGF,Brasil - FGF - Taça Mané Garrincha Sub 17 da 1ª Divisão / 2026,2026-10-09,15:30,Planalto Esporte Clube,São Luiz,CT Buriti Sereno,10ª Rodada,https://www.fgf.esp.br/pt/competicoes/jogo.php?id=1783&jogo=56737,status=Programado; pais=Brasil; estado=Goiás; fonte=api_ajax,2026-10-09T18:00:23,Brasil,
78cabf929be7e2b9,FGF,Brasil - FGF - Taça Mané Garrincha Sub 17 da 1ª Divisão / 2026,2026-10-09,15:30,Vila Nova,Trindade,CT Vila do Tigre,10ª Rodada,https://www.fgf.esp.br/pt/competicoes/jogo.php?id=1783&jogo=56736,status=Programado; pais=Brasil; estado=Goiás; fonte=api_ajax,2026-10-09T18:00:23,Brasil,
fcdcaca791369c57,FGF,Brasil - FGF - Taça Mané Garrincha Sub 17 da 2ª Divisão / 2026,2026-10-09,15:30,Associacao Esportiva Evangelica,Cap Pontalina,Campo da Lobense,7ª Rodada,https://www.fgf.esp.br/pt/competicoes/jogo.php?id=1788&jogo=57021,status=Programado; pais=Brasil; estado=Goiás; fonte=api_ajax,2026-10-09T18:00:23,Brasil,
df039ee7f9941336,FGF,Brasil - FGF - Taça Mané Garrincha Sub 17 da 2ª Divisão / 2026,2026-10-09,15:30,CEC - Cerrado Esporte Clube,Ovel,CT TOCA DO LOBO,7ª Rodada,https://www.fgf.esp.br/pt/competicoes/jogo.php?id=1788&jogo=57016,status=Programado; pais=Brasil; estado=Goiás; fonte=api_ajax,2026-10-04T16:27:33,Brasil,
d2af448290da7ec1,FGF,Brasil - FGF - Taça Mané Garrincha Sub 17 da 2ª Divisão / 2026,2026-10-09,15:30,Cewg,Apec,CE WILSON GOIANO,7ª Rodada,https://www.fgf.esp.br/pt/competicoes/jogo.php?id=1788&jogo=57020,status=Programado; pais=Brasil; estado=Goiás; fonte=api_ajax,2026-10-09T18:00:23,Brasil,
fd4f4e5b296899e8,FGF,Brasil - FGF - Taça Mané Garrincha Sub 17 da 2ª Divisão / 2026,2026-10-09,15:30,Flugoiania,Atlético Goianésia,CT Fazendinha,7ª Rodada,https://www.fgf.esp.br/pt/competicoes/jogo.php?id=1788&jogo=57017,status=Programado; pais=Brasil; estado=Goiás; fonte=api_ajax,2026-10-09T18:00:23,Brasil,
3519e69d94ef4b6c,FGF,Brasil - FGF - Taça Mané Garrincha Sub 17 da 2ª Divisão / 2026,2026-10-09,15:30,Grêmio Trindade,Abadia,Nilson José Ribeiro,7ª Rodada,https://www.fgf.esp.br/pt/competicoes/jogo.php?id=1788&jogo=57019,status=Programado; pais=Brasil; estado=Goiás; fonte=api_ajax,2026-10-05T20:19:25,Brasil,
0e9db55344fe5d11,FGF,Brasil - FGF - Taça Mané Garrincha Sub 17 da 2ª Divisão / 2026,2026-10-09,15:30,Hidrolandense,Estrela,Clube Transbrasiliana,7ª Rodada,https://www.fgf.esp.br/pt/competicoes/jogo.php?id=1788&jogo=57014,status=Programado; pais=Brasil; estado=Goiás; fonte=api_ajax,2026-10-09T18:00:23,Brasil,
a7fd723e227886f0,FGF,Brasil - FGF - Taça Mané Garrincha Sub 17 da 2ª Divisão / 2026,2026-10-09,15:30,Independencia,Morrinhos,Vila Multirão,7ª Rodada,https://www.fgf.esp.br/pt/competicoes/jogo.php?id=1788&jogo=57018,status=Programado; pais=Brasil; estado=Goiás; fonte=api_ajax,2026-10-09T18:00:23,Brasil,
88ac577d46b192bf,FGF,Brasil - FGF - Taça Mané Garrincha Sub 17 da 2ª Divisão / 2026,2026-10-09,15:30,Santa Cruz,Aparecida Esporte Clube,Divino Boró,7ª Rodada,https://www.fgf.esp.br/pt/competicoes/jogo.php?id=1788&jogo=57015,status=Programado; pais=Brasil; estado=Goiás; fonte=api_ajax,2026-10-09T18:00:23,Brasil,
17fa06290e8e0073,ESPN,Ecuador - LigaPro Serie A,2026-10-09,15:30,Delfín,Mushuc Runa,Estadio Jocay,,,codigo_espn=401921385; status=Scheduled,2026-10-09T20:23:29,Ecuador,Manta
a6cdaa31f13cea12,campeonatochileno.cl,Campeonato Juvenil Femenino,2026-10-09,16:00,Ñublense Juvenil Fem,Deportes Concepción Juvenil Fem,,Fecha 14,https://www.campeonatochileno.cl/ligas/campeonato-juvenil-femenino/,,2026-10-09T18:12:25,,
1fd35eccac600c87,AUF,Uruguay - Liga AUF Uruguaya,2026-10-09,17:00,M.C. Torque,Danubio,ESTADIO CHARRUA,Fecha 10,https://www.auf.org.uy/liga-auf-uruguaya/,,2026-10-09T18:16:42,Uruguay,
ac573c8f07d7c885,AFA,Argentina - Torneo Clausura,2026-10-09,18:00,Gimnasia (LP),Atlético Tucumán,,Zona B,https://www.afa.com.ar/Sitio/posts/la-agenda-de-la-afa,,2026-10-09T18:15:50,Argentina,
b84f796ac3f60cb9,ESPN,Colombia - Liga BetPlay,2026-10-09,18:00,Alianza FC,Águilas Doradas,Armando Maestre Pavajeau,,,codigo_espn=401877775; status=Scheduled,2026-10-09T19:09:49,Colombia,Valledupar
ea459ce793db4b16,CBF,Brasil - Campeonato Mineiro - Segunda Divisão - 2026,2026-10-09,18:30,São João Del Rei,Paracatu,Complexo Esportivo Bonfim,Rodada 4,https://www.cbf.com.br/futebol-brasileiro/tabelas/campeonato-mineiro/,fonte_tag=CBF; competicao=Mineiro_Div2,2026-07-30T23:40:14.663562,Brasil,São João Del-rei
be1212af01ae975b,FMF,Brasil - FMF - SEGUNDA DIVISÃO - 2026,2026-10-09,18:30,SÃO JOÃO DEL REI,ARAXA ESPORTE CLUBE,Complexo Esportivo Bonfim,RODADA 4,https://www.fmf.com.br/Competicoes/ProxJogos.aspx?d=3,pais=Brasil; estado=Minas Gerais; codigo_fmf=3; placar_original=X; jogo_numero=19; cidade=Sao Joao Del Rei,2026-08-24T14:09:02,Brasil,Sao Joao Del Rei
e6a238052e528211,FMF,Brasil - FMF - SEGUNDA DIVISÃO - 2026,2026-10-09,18:30,SÃO JOÃO DEL REI,PARACATU,Complexo Esportivo Bonfim,RODADA 4,https://www.fmf.com.br/Competicoes/ProxJogos.aspx?d=3,pais=Brasil; estado=Minas Gerais; codigo_fmf=3; placar_original=X; jogo_numero=19; cidade=Sao Joao Del Rei,2026-09-28T20:17:21,Brasil,Sao Joao Del Rei
eeccb9b6a3a55d8d,FGF,Brasil - FGF - Campeonato Goiano de Profissionais da Divisão de Acesso (2ª Divisão) / 2026,2026-10-09,19:00,Trindade,Tupy de Jussara,Abrão Manoel da Costa,18ª Rodada,https://www.fgf.esp.br/pt/competicoes/jogo.php?id=1756&jogo=55357,status=Programado; pais=Brasil; estado=Goiás; fonte=api_ajax,2026-10-09T18:00:23,Brasil,
1c47770473d1f093,FMF,Brasil - FMF - SEGUNDA DIVISÃO - 2026,2026-10-09,19:00,NOVO E.C. ITABIRINHA,ARAXA ESPORTE CLUBE,Dr. Adilson Machado de Farias,RODADA 4,https://www.fmf.com.br/Competicoes/ProxJogos.aspx?d=3,pais=Brasil; estado=Minas Gerais; codigo_fmf=3; placar_original=X; jogo_numero=20; cidade=Itabirinha,2026-08-24T14:09:02,Brasil,Itabirinha
72522ca896f08b53,AFA,Argentina - Torneo Clausura,2026-10-09,19:30,Instituto,Boca,,Zona A,https://www.afa.com.ar/Sitio/posts/la-agenda-de-la-afa,,2026-10-09T18:15:50,Argentina,
76f3bdd391990e5a,AFA,Argentina - Primera B,2026-10-09,20:00,Excursionistas,Villa San Carlos,,,https://www.afa.com.ar/Sitio/posts/la-agenda-de-la-afa,,2026-10-09T18:15:50,Argentina,
cfa201c06f902f6f,AFA,Argentina - Primera B,2026-10-09,20:00,Talleres (Remedios de Escalada),Camioneros,,,https://www.afa.com.ar/Sitio/posts/la-agenda-de-la-afa,,2026-10-09T18:15:50,Argentina,
52869de8cc5f65d4,CBF,Brasil - Copa do Brasil,2026-10-09,20:00,Palmeiras (SP),Santos (SP),Arena,,https://stcbfsiteprdimgbrs.blob.core.windows.net/img-site/cdn/TABELA_DETALHADA_2_FASE_COPA_DO_BRASIL_MASCULINA_SUB_20_2026_eb51483399.pdf,pais=Brasil; cidade=Barueri Barueri,2026-09-25T17:03:03,,Barueri Barueri
58b1c053d3d47668,CBF,Brasil - Série A Sub-20,2026-10-09,20:00,Palmeiras (SP),Santos (SP),Arena,,https://stcbfsiteprdimgbrs.blob.core.windows.net/img-site/cdn/TABELA_DETALHADA_2_FASE_COPA_DO_BRASIL_MASCULINA_SUB_20_2026_eb51483399.pdf,pais=Brasil; cidade=Barueri Barueri,2026-09-25T17:03:03,,Barueri Barueri
cf3b854205d91de5,campeonatochileno.cl,Liga de Primera Mercado Libre,2026-10-09,20:00,Universidad de Chile,Ñublense,Estadio Nacional Julio Martínez Prádanos,Fecha 24,https://www.campeonatochileno.cl/ligas/liga-de-primera-mercado-libre/,,2026-09-01T16:20:56,,
81767dcc14dcf62e,ESPN,Peru - Liga 1,2026-10-09,20:00,Deportivo Garcilaso,Sport Huancayo,Estadio Inca Garcilaso de la Vega,,,codigo_espn=401886178; status=Scheduled,2026-10-09T21:00:56,Peru,Cusco
3f8cdc05ad958b1b,FUTBOLPERUANO,Peru - Liga 1,2026-10-09,20:00,Garcilaso,S. Huancayo,,Fase Regular,,status=Por jugar; placar=0-0,2026-10-09T18:42:43,Peru,
0c2049d953064ec5,anfaterceradivision.cl/calendario,Tercera B - Norte,2026-10-09,20:00,CEFF Atacama,Julio Covarrubias Metropolitana,,,https://anfaterceradivision.cl/assets/php/calendario.php,calendario.php,2026-10-09T18:12:25,,
28043de6f2bae65c,cf3.cl,Tercera B - Norte,2026-10-09,20:00,CEFF Copiapó,Julio Covarrubias,Luis Valenzuela Hermosilla,Jornada 26,https://cf3.cl/torneo/tercera-b/grupo-norte/fecha/26,,2026-10-09T18:12:25,,
5bc98dc6886a32ef,AUF,Uruguay - Liga AUF Uruguaya,2026-10-09,20:00,D. Maldonado,Liverpool,DOMINGO BURGUEÑO MIGUEL,Fecha 10,https://www.auf.org.uy/liga-auf-uruguaya/,,2026-10-09T18:16:42,Uruguay,
36a3b324c0c03b82,ESPN,Colombia - Liga BetPlay,2026-10-09,20:10,Once Caldas,Llaneros FC,Palogrande,,,codigo_espn=401877911; status=Scheduled,2026-10-09T19:09:49,Colombia,Manizales
3a418516f1edc29b,AFA,Argentina - Torneo Clausura,2026-10-09,21:45,Unión,Defensa y Justicia,,Zona A,https://www.afa.com.ar/Sitio/posts/la-agenda-de-la-afa,,2026-10-09T18:15:50,Argentina,
78de736f540f9e9c,campeonatochileno.cl,Liga de Primera Mercado Libre,2026-10-09,8:00,Universidad de Chile,Ñublense,Estadio Nacional Julio Martínez Prádanos,Fecha 24,https://www.campeonatochileno.cl/ligas/liga-de-primera-mercado-libre/,,2026-08-19T12:57:38,,
de770f92ef043fda,FFERJ,Brasil - FFERJ - Competição não identificada,2026-10-10,09:00,America F.C (RJ),Bangu A.C,ESTÁDIO ESTADIO GIULITTE COUTINHO,,https://www.fferj.com.br/partidas/5966,codigo_fferj=5966; fonte_tag=FERJ,2026-10-05T21:16:30,Brasil,Rio de Janeiro
e08fd894464104fd,FPF,Brasil - FPF - Paulista Sub-15 (SUB15),2026-10-10,09:00,Corinthians,AA Portuguesa,Estádio Alfredo Schürig,Rodada 22,https://www.futebolpaulista.com.br/Competicoes/Tabela.aspx,status=Programado; pais=Brasil; estado=São Paulo; fonte=api_ashx; jogo_numero=740; grupo=31; fase=TERCEIRA FASE; suspencao=LIBERADO,2026-10-09T18:57:44,Brasil,São Paulo
8b65e165a6f421b6,FPF,Brasil - FPF - Paulista Sub-15 (SUB15),2026-10-10,09:00,Cosmopolitano,CA Bandeirante,Estádio Thelmo de Almeida,Rodada 22,https://www.futebolpaulista.com.br/Competicoes/Tabela.aspx,status=Programado; pais=Brasil; estado=São Paulo; fonte=api_ashx; jogo_numero=745; grupo=36; fase=TERCEIRA FASE; suspencao=LIBERADO,2026-10-09T18:57:44,Brasil,Cosmópolis
da14c500d4ad31c4,FPF,Brasil - FPF - Paulista Sub-15 (SUB15),2026-10-10,09:00,FC Primeira Camisa,Ituano SAF,Centro Poliesportivo João do Pulo,Rodada 22,https://www.futebolpaulista.com.br/Competicoes/Tabela.aspx,status=Programado; pais=Brasil; estado=São Paulo; fonte=api_ashx; jogo_numero=749; grupo=40; fase=TERCEIRA FASE; suspencao=LIBERADO,2026-10-09T18:57:44,Brasil,São José dos Campos
d06b46a85cc7d7cd,FPF,Brasil - FPF - Paulista Sub-15 (SUB15),2026-10-10,09:00,Ferroviária,Comercial FC (Tietê),Estádio Municipal Antônio Luiz de Mattos,Rodada 22,https://www.futebolpaulista.com.br/Competicoes/Tabela.aspx,status=Programado; pais=Brasil; estado=São Paulo; fonte=api_ashx; jogo_numero=741; grupo=32; fase=TERCEIRA FASE; suspencao=LIBERADO,2026-10-09T18:57:44,Brasil,Serrana
848a783eec34b482,FPF,Brasil - FPF - Paulista Sub-15 (SUB15),2026-10-10,09:00,Grêmio Novorizontino,Audax,Estádio Municipal Josué Quirino de Moraes,Rodada 22,https://www.futebolpaulista.com.br/Competicoes/Tabela.aspx,status=Programado; pais=Brasil; estado=São Paulo; fonte=api_ashx; jogo_numero=742; grupo=33; fase=TERCEIRA FASE; suspencao=LIBERADO,2026-10-09T18:57:44,Brasil,Novo Horizonte
8ff1a1f95cc755cb,FPF,Brasil - FPF - Paulista Sub-15 (SUB15),2026-10-10,09:00,Grêmio Prudente,Amparo,Estádio Municipal Paulo Constantino,Rodada 22,https://www.futebolpaulista.com.br/Competicoes/Tabela.aspx,status=Programado; pais=Brasil; estado=São Paulo; fonte=api_ashx; jogo_numero=747; grupo=38; fase=TERCEIRA FASE; suspencao=LIBERADO,2026-10-09T18:57:44,Brasil,Presidente Prudente
d983b0a70f4bc11c,FPF,Brasil - FPF - Paulista Sub-15 (SUB15),2026-10-10,09:00,Guarani,XV Jaú,Estádio Brinco de Ouro da Princesa,Rodada 22,https://www.futebolpaulista.com.br/Competicoes/Tabela.aspx,status=Programado; pais=Brasil; estado=São Paulo; fonte=api_ashx; jogo_numero=743; grupo=34; fase=TERCEIRA FASE; suspencao=LIBERADO,2026-10-09T18:57:44,Brasil,Campinas
704e91d7326fb9e9,FPF,Brasil - FPF - Paulista Sub-15 (SUB15),2026-10-10,09:00,I9 Futebol Clube,São Caetano,CT I9 International Academy,Rodada 22,https://www.futebolpaulista.com.br/Competicoes/Tabela.aspx,status=Programado; pais=Brasil; estado=São Paulo; fonte=api_ashx; jogo_numero=750; grupo=41; fase=TERCEIRA FASE; suspencao=LIBERADO,2026-10-09T18:57:44,Brasil,Ribeirão Preto
b68c326c45a11161,FPF,Brasil - FPF - Paulista Sub-15 (SUB15),2026-10-10,09:00,Ibrachina FC,Brasilis FC Ltda,Ibrachina Arena,Rodada 22,https://www.futebolpaulista.com.br/Competicoes/Tabela.aspx,status=Programado; pais=Brasil; estado=São Paulo; fonte=api_ashx; jogo_numero=739; grupo=30; fase=TERCEIRA FASE; suspencao=LIBERADO,2026-10-09T18:57:44,Brasil,São Paulo
b8ab0b813637c2f8,FPF,Brasil - FPF - Paulista Sub-15 (SUB15),2026-10-10,09:00,Meia Noite SAF,Sfera FC,Estádio Galileu de Andrade Lopes,Rodada 22,https://www.futebolpaulista.com.br/Competicoes/Tabela.aspx,status=Programado; pais=Brasil; estado=São Paulo; fonte=api_ashx; jogo_numero=746; grupo=37; fase=TERCEIRA FASE; suspencao=LIBERADO,2026-10-09T18:57:44,Brasil,Patrocínio Paulista
b76d0f475426a131,FPF,Brasil - FPF - Paulista Sub-15 (SUB15),2026-10-10,09:00,Mirassol,Desportivo Brasil,Estádio Municipal Manoel Francisco Ferreira,Rodada 22,https://www.futebolpaulista.com.br/Competicoes/Tabela.aspx,status=Programado; pais=Brasil; estado=São Paulo; fonte=api_ashx; jogo_numero=738; grupo=29; fase=TERCEIRA FASE; suspencao=LIBERADO,2026-10-09T18:57:44,Brasil,Bálsamo
06a39181e213e5ed,FPF,Brasil - FPF - Paulista Sub-15 (SUB15),2026-10-10,09:00,Palmeiras,Monte Azul,Academia de Futebol II do Palmeiras - Campo 01,Rodada 22,https://www.futebolpaulista.com.br/Competicoes/Tabela.aspx,status=Programado; pais=Brasil; estado=São Paulo; fonte=api_ashx; jogo_numero=736; grupo=27; fase=TERCEIRA FASE; suspencao=LIBERADO,2026-10-09T18:57:44,Brasil,Guarulhos
28acbe14e23afc90,FPF,Brasil - FPF - Paulista Sub-15 (SUB15),2026-10-10,09:00,Ponte Preta,Jabaquara,Estádio Municipal Coronel Francisco Vieira,Rodada 22,https://www.futebolpaulista.com.br/Competicoes/Tabela.aspx,status=Programado; pais=Brasil; estado=São Paulo; fonte=api_ashx; jogo_numero=748; grupo=39; fase=TERCEIRA FASE; suspencao=LIBERADO,2026-10-09T18:57:44,Brasil,Itapira
4a255694fa90db8b,FPF,Brasil - FPF - Paulista Sub-15 (SUB15),2026-10-10,09:00,Red Bull Bragantino,Valinhos Hyper FC S.A.F,CPD Red Bull Bragantino,Rodada 22,https://www.futebolpaulista.com.br/Competicoes/Tabela.aspx,status=Programado; pais=Brasil; estado=São Paulo; fonte=api_ashx; jogo_numero=737; grupo=28; fase=TERCEIRA FASE; suspencao=LIBERADO,2026-10-09T18:57:44,Brasil,Atibaia
baa321ce7f47c429,FPF,Brasil - FPF - Paulista Sub-15 (SUB15),2026-10-10,09:00,Santos,Ska Brasil,CT Rei Pelé - Campo I,Rodada 22,https://www.futebolpaulista.com.br/Competicoes/Tabela.aspx,status=Programado; pais=Brasil; estado=São Paulo; fonte=api_ashx; jogo_numero=735; grupo=26; fase=TERCEIRA FASE; suspencao=LIBERADO,2026-10-09T18:57:44,Brasil,Santos
95f0b85f32fde7d4,FPF,Brasil - FPF - Paulista Sub-15 (SUB15),2026-10-10,09:00,São Paulo,AA Flamengo,Marcelo Portugal Gouvêa (Laudo Natel),Rodada 22,https://www.futebolpaulista.com.br/Competicoes/Tabela.aspx,status=Programado; pais=Brasil; estado=São Paulo; fonte=api_ashx; jogo_numero=744; grupo=35; fase=TERCEIRA FASE; suspencao=LIBERADO,2026-10-09T18:57:44,Brasil,Cotia
b4add47cd388691f,campeonatochileno.cl,Campeonato Juvenil Femenino,2026-10-10,09:00,Deportes Antofagasta Juvenil Fem,Deportes Iquique Juvenil Fem,"Estadio Calvo y Bascuñan, Cancha 3",Fecha 12,https://www.campeonatochileno.cl/ligas/campeonato-juvenil-femenino/,,2026-10-09T18:12:25,,
dd5bb2ddeb9508d2,CBF,Brasil - Campeonato Mineiro - Segunda Divisão - 2026,2026-10-10,10:00,Venda Nova,Inter de Minas,Arena Gregorão,Rodada 4,https://www.cbf.com.br/futebol-brasileiro/tabelas/campeonato-mineiro/,fonte_tag=CBF; competicao=Mineiro_Div2,2026-07-30T23:40:14.663574,Brasil,Contagem
7910518adc5d5c60,FGF,Brasil - FGF - Copa Goiás Sub 11 da 1ª Divisão / 2026,2026-10-10,10:00,Planalto Esporte Clube,Olímpio,CT Buriti Sereno,10ª Rodada,https://www.fgf.esp.br/pt/competicoes/jogo.php?id=1780&jogo=56508,status=Programado; pais=Brasil; estado=Goiás; fonte=api_ajax,2026-10-04T16:27:33,Brasil,
147d3594c2aec96a,FGF,Brasil - FGF - Copa Goiás Sub 11 da 1ª Divisão / 2026,2026-10-10,10:00,Vila Nova,Ovel,CT Vila do Tigre,10ª Rodada,https://www.fgf.esp.br/pt/competicoes/jogo.php?id=1780&jogo=56507,status=Programado; pais=Brasil; estado=Goiás; fonte=api_ajax,2026-10-09T18:00:23,Brasil,
b3eaac0fff39d81d,FGF,Brasil - FGF - Copa Goiás Sub 20 da 1ª Divisão / 2026,2026-10-10,10:00,Aparecidense,Trindade,Anibal Batista de Toledo,10ª Rodada,https://www.fgf.esp.br/pt/competicoes/jogo.php?id=1784&jogo=56855,status=Programado; pais=Brasil; estado=Goiás; fonte=api_ajax,2026-10-09T18:00:23,Brasil,
51bf7b174b45e5cc,FGF,Brasil - FGF - Copa Goiás Sub 20 da 1ª Divisão / 2026,2026-10-10,10:00,Guanabara City F.c.,CEC - Cerrado Esporte Clube,Sesi Multiparque,10ª Rodada,https://www.fgf.esp.br/pt/competicoes/jogo.php?id=1784&jogo=56857,status=Programado; pais=Brasil; estado=Goiás; fonte=api_ajax,2026-10-09T18:00:23,Brasil,
3102ff15b2781e11,FMF,Brasil - FMF - FEMININO SUB-17 - 2026,2026-10-10,10:00,DEMOCRATA GV,AMÉRICA TO,"Jose Mammoud Abbas ""Mamudão""",RODADA 2,https://www.fmf.com.br/Competicoes/ProxJogos.aspx?d=36,pais=Brasil; estado=Minas Gerais; codigo_fmf=36; placar_original=X; jogo_numero=4; cidade=Governador Valadares,2026-09-28T20:17:21,Brasil,Governador Valadares
d6e065bf1cf9ce55,FMF,Brasil - FMF - SEGUNDA DIVISÃO - 2026,2026-10-10,10:00,BETIM FUTEBOL,ARAXA ESPORTE CLUBE,,RODADA 4,https://www.fmf.com.br/Competicoes/ProxJogos.aspx?d=3,pais=Brasil; estado=Minas Gerais; codigo_fmf=3; placar_original=X; jogo_numero=22,2026-09-28T20:17:21,Brasil,
e21627280bb3fcfc,FMF,Brasil - FMF - SEGUNDA DIVISÃO - 2026,2026-10-10,10:00,VENDA NOVA,INTER DE MINAS,Arena Gregorão,RODADA 4,https://www.fmf.com.br/Competicoes/ProxJogos.aspx?d=3,pais=Brasil; estado=Minas Gerais; codigo_fmf=3; placar_original=X; jogo_numero=21; cidade=Contagem,2026-09-28T20:17:21,Brasil,Contagem
aa8a02a0e96e7d12,FPF,Brasil - FPF - Paulista Sub-17 (SUB17),2026-10-10,10:00,Ska Brasil,Barretos,Estádio Municipal Prefeito Gabriel Marques da Silva,Rodada 22,https://www.futebolpaulista.com.br/Competicoes/Tabela.aspx,status=Programado; pais=Brasil; estado=São Paulo; fonte=api_ashx; jogo_numero=735; grupo=41; fase=TERCEIRA FASE; suspencao=LIBERADO,2026-10-09T18:57:44,Brasil,Santana de Parnaíba
99c8346c7f2cb19a,FPF,Brasil - FPF - Paulista Sub-20 - Série A (SUB20 - Série A),2026-10-10,10:00,Capivariano,Ibrachina FC,Estádio Municipal Carlos Colnaghi,Rodada 18,https://www.futebolpaulista.com.br/Competicoes/Tabela.aspx,status=Programado; pais=Brasil; estado=São Paulo; fonte=api_ashx; jogo_numero=338; grupo=24; fase=TERCEIRA FASE; canais=YouTube Paulistão; suspencao=LIBERADO,2026-10-09T18:57:44,Brasil,Capivari
f5638394b47d9f8c,campeonatochileno.cl,Campeonato Juvenil Femenino,2026-10-10,10:00,Atlético Colina Juvenil Fem,Universidad Católica Juvenil Fem,Estadio Victoria de Chacabuco,Fecha 7,https://www.campeonatochileno.cl/ligas/campeonato-juvenil-femenino/,,2026-10-08T18:41:51,,
e2221de28464ae34,AUF,Uruguay - Segunda División Profesional,2026-10-10,10:00,River Plate,Oriental de La Paz,FEDERICO SAROLDI,Fecha 22,https://www.auf.org.uy/segunda-division-profesional/,,2026-10-09T18:16:42,Uruguay,
0d04455266868cd5,FFERJ,Brasil - FFERJ - Competição não identificada,2026-10-10,11:00,America F.C (RJ),Bangu A.C,ESTÁDIO ESTADIO GIULITTE COUTINHO,,https://www.fferj.com.br/partidas/5960,codigo_fferj=5960; fonte_tag=FERJ,2026-10-05T21:16:30,Brasil,Rio de Janeiro
6ff7ad5d0eaac241,FPF,Brasil - FPF - Paulista Sub-17 (SUB17),2026-10-10,11:00,Corinthians,Ponte Preta,Estádio Alfredo Schürig,Rodada 22,https://www.futebolpaulista.com.br/Competicoes/Tabela.aspx,status=Programado; pais=Brasil; estado=São Paulo; fonte=api_ashx; jogo_numero=744; grupo=34; fase=TERCEIRA FASE; suspencao=LIBERADO,2026-10-09T18:57:44,Brasil,São Paulo
aa8b0a60ae9e3bba,FPF,Brasil - FPF - Paulista Sub-17 (SUB17),2026-10-10,11:00,Ferroviária,Rio Branco,Estádio Municipal Antônio Luiz de Mattos,Rodada 22,https://www.futebolpaulista.com.br/Competicoes/Tabela.aspx,status=Programado; pais=Brasil; estado=São Paulo; fonte=api_ashx; jogo_numero=738; grupo=28; fase=TERCEIRA FASE; suspencao=LIBERADO,2026-10-09T18:57:44,Brasil,Serrana
35c1562486e59a74,FPF,Brasil - FPF - Paulista Sub-17 (SUB17),2026-10-10,11:00,Grêmio Novorizontino,Juventus SAF,Estádio Municipal Josué Quirino de Moraes,Rodada 22,https://www.futebolpaulista.com.br/Competicoes/Tabela.aspx,status=Programado; pais=Brasil; estado=São Paulo; fonte=api_ashx; jogo_numero=742; grupo=32; fase=TERCEIRA FASE; suspencao=LIBERADO,2026-10-09T18:57:44,Brasil,Novo Horizonte
49eb2b3191b251a9,FPF,Brasil - FPF - Paulista Sub-17 (SUB17),2026-10-10,11:00,Guarani,Santacruzense,Estádio Brinco de Ouro da Princesa,Rodada 22,https://www.futebolpaulista.com.br/Competicoes/Tabela.aspx,status=Programado; pais=Brasil; estado=São Paulo; fonte=api_ashx; jogo_numero=739; grupo=29; fase=TERCEIRA FASE; suspencao=LIBERADO,2026-10-09T18:57:44,Brasil,Campinas
717029569f1eef2d,FPF,Brasil - FPF - Paulista Sub-17 (SUB17),2026-10-10,11:00,I9 Futebol Clube,Votuporanguense,CT I9 International Academy,Rodada 22,https://www.futebolpaulista.com.br/Competicoes/Tabela.aspx,status=Programado; pais=Brasil; estado=São Paulo; fonte=api_ashx; jogo_numero=746; grupo=36; fase=TERCEIRA FASE; suspencao=LIBERADO,2026-10-09T18:57:44,Brasil,Ribeirão Preto
3801c7397720e981,FPF,Brasil - FPF - Paulista Sub-17 (SUB17),2026-10-10,11:00,Ibrachina FC,EC São Bernardo,Ibrachina Arena,Rodada 22,https://www.futebolpaulista.com.br/Competicoes/Tabela.aspx,status=Programado; pais=Brasil; estado=São Paulo; fonte=api_ashx; jogo_numero=740; grupo=30; fase=TERCEIRA FASE; suspencao=LIBERADO,2026-10-09T18:57:44,Brasil,São Paulo
9bfa0920b3ad6dc1,FPF,Brasil - FPF - Paulista Sub-17 (SUB17),2026-10-10,11:00,Ituano SAF,Cosmopolitano,Estádio Municipal Dr. Novelli Junior,Rodada 22,https://www.futebolpaulista.com.br/Competicoes/Tabela.aspx,status=Programado; pais=Brasil; estado=São Paulo; fonte=api_ashx; jogo_numero=750; grupo=40; fase=TERCEIRA FASE; suspencao=LIBERADO,2026-10-09T18:57:44,Brasil,Itu
a66dfb0e1ca292fb,FPF,Brasil - FPF - Paulista Sub-17 (SUB17),2026-10-10,11:00,Mirassol,Itaquaquecetuba AC,Estádio Municipal Manoel Francisco Ferreira,Rodada 22,https://www.futebolpaulista.com.br/Competicoes/Tabela.aspx,status=Programado; pais=Brasil; estado=São Paulo; fonte=api_ashx; jogo_numero=743; grupo=33; fase=TERCEIRA FASE; suspencao=LIBERADO,2026-10-09T18:57:44,Brasil,Bálsamo
2f16fdce0b4f5ece,FPF,Brasil - FPF - Paulista Sub-17 (SUB17),2026-10-10,11:00,Palmeiras,AA Flamengo,Academia de Futebol II do Palmeiras - Campo 01,Rodada 22,https://www.futebolpaulista.com.br/Competicoes/Tabela.aspx,status=Programado; pais=Brasil; estado=São Paulo; fonte=api_ashx; jogo_numero=736; grupo=26; fase=TERCEIRA FASE; suspencao=LIBERADO,2026-10-09T18:57:44,Brasil,Guarulhos
335833309ef4f109,FPF,Brasil - FPF - Paulista Sub-17 (SUB17),2026-10-10,11:00,Red Bull Bragantino,Salto FC,CPD Red Bull Bragantino,Rodada 22,https://www.futebolpaulista.com.br/Competicoes/Tabela.aspx,status=Programado; pais=Brasil; estado=São Paulo; fonte=api_ashx; jogo_numero=737; grupo=27; fase=TERCEIRA FASE; suspencao=LIBERADO,2026-10-09T18:57:44,Brasil,Atibaia
940227ccc09bd31d,FPF,Brasil - FPF - Paulista Sub-17 (SUB17),2026-10-10,11:00,Santos,Brasilis FC Ltda,CT Rei Pelé - Campo I,Rodada 22,https://www.futebolpaulista.com.br/Competicoes/Tabela.aspx,status=Programado; pais=Brasil; estado=São Paulo; fonte=api_ashx; jogo_numero=748; grupo=38; fase=TERCEIRA FASE; suspencao=LIBERADO,2026-10-09T18:57:44,Brasil,Santos
08511a5ae859abe2,FPF,Brasil - FPF - Paulista Sub-17 (SUB17),2026-10-10,11:00,Sfera FC,ECUS SAF,Centro de Formação de Atletas Jarinu,Rodada 22,https://www.futebolpaulista.com.br/Competicoes/Tabela.aspx,status=Programado; pais=Brasil; estado=São Paulo; fonte=api_ashx; jogo_numero=741; grupo=31; fase=TERCEIRA FASE; suspencao=LIBERADO,2026-10-09T18:57:44,Brasil,Jarinu
be92fb9c1c60fe45,FPF,Brasil - FPF - Paulista Sub-17 (SUB17),2026-10-10,11:00,São José EC SAF,Independente,Estádio Municipal Martins Pereira,Rodada 22,https://www.futebolpaulista.com.br/Competicoes/Tabela.aspx,status=Programado; pais=Brasil; estado=São Paulo; fonte=api_ashx; jogo_numero=745; grupo=35; fase=TERCEIRA FASE; suspencao=LIBERADO,2026-10-09T18:57:44,Brasil,São José dos Campos
f84b1a1a67e8ba47,FPF,Brasil - FPF - Paulista Sub-17 (SUB17),2026-10-10,11:00,São Paulo,Meia Noite SAF,Marcelo Portugal Gouvêa (Laudo Natel),Rodada 22,https://www.futebolpaulista.com.br/Competicoes/Tabela.aspx,status=Programado; pais=Brasil; estado=São Paulo; fonte=api_ashx; jogo_numero=749; grupo=39; fase=TERCEIRA FASE; suspencao=LIBERADO,2026-10-09T18:57:44,Brasil,Cotia
b5937400b6b9089c,FPF,Brasil - FPF - Paulista Sub-17 (SUB17),2026-10-10,11:00,Terceiro Milênio SAF,Comercial FC (Tietê),Centro Esportivo Recreativo Educativo do Trabalhador,Rodada 22,https://www.futebolpaulista.com.br/Competicoes/Tabela.aspx,status=Programado; pais=Brasil; estado=São Paulo; fonte=api_ashx; jogo_numero=747; grupo=37; fase=TERCEIRA FASE; suspencao=LIBERADO,2026-10-09T18:57:44,Brasil,São Paulo
b8c1c538ee273ec0,FPF,Brasil - FPF - Paulista Sub-20 - Série B (SUB20 - Série B),2026-10-10,11:00,Taubaté,Comercial FC (Tietê),Estádio Joaquim de Morais Filho,Rodada 19,https://www.futebolpaulista.com.br/Competicoes/Tabela.aspx,status=Programado; pais=Brasil; estado=São Paulo; fonte=api_ashx; jogo_numero=241; grupo=40; fase=FINAL; canais=YouTube Paulistão; suspencao=LIBERADO,2026-10-09T18:57:44,Brasil,Taubaté
35d1ea89caede64d,FUTBOLPERUANO,Peru - Liga 3,2026-10-10,11:00,S. Cristal,Universitario,,Grupo B,,status=Por jugar,2026-10-09T18:42:43,Peru,
2a3e26a0540d5569,AUF,Uruguay - Liga AUF Uruguaya,2026-10-10,11:00,Def. Sporting,Cerro,LUIS FRANZINI,Fecha 10,https://www.auf.org.uy/liga-auf-uruguaya/,,2026-10-09T18:16:42,Uruguay,
e0daa2e16ee1a098,ESPN,Ecuador - LigaPro Serie A,2026-10-10,11:30,Independiente del Valle,Aucas,Estadio Banco Guayaquil,,,codigo_espn=401921351; status=Scheduled,2026-10-09T20:23:29,Ecuador,Quito
3a33dcc3633945b4,campeonatochileno.cl,Campeonato Nacional Juvenil Femenino Clausura,2026-10-10,12:00,Deportes Concepción Juvenil Fem,Deportes Temuco Juvenil Fem,,Fecha 11,https://www.campeonatochileno.cl/ligas/campeonato-nacional-juvenil-femenino-clausura/,,2026-07-14T13:55:28,,
e033e5c9595cd5b5,cf3.cl,Tercera B - Norte,2026-10-10,12:00,Jardín del Edén,Curacaví FC,"San Gregorio, La Granja",Jornada 26,https://cf3.cl/torneo/tercera-b/grupo-norte/fecha/26,,2026-10-09T18:12:25,,
951169b0d9c93016,anfaterceradivision.cl/calendario,Tercera B - Norte,2026-10-10,12:00,Jardín del Edén Metropolitana,Curacaví FC Metropolitana,"10 Oct 2026, 12:00 Municipal de San Gregorio",,https://anfaterceradivision.cl/assets/php/calendario.php,calendario.php,2026-10-09T18:12:25,,
5c3cd3509a011b54,campeonatochileno.cl,Liga de Ascenso Caixun,2026-10-10,12:30,Deportes Recoleta,Magallanes,Estadio Municipal de Recoleta Leonel Sánchez,Fecha 27,https://www.campeonatochileno.cl/ligas/liga-de-ascenso-caixun/,,2026-10-09T18:12:25,,
376d7d864a3b4826,FFERJ,Brasil - FFERJ - Competição não identificada,2026-10-10,13:00,Resende F. C.,S.A.F Botafogo,ESTÁDIO TRABALHADOR,,https://www.fferj.com.br/partidas/5956,codigo_fferj=5956; fonte_tag=FERJ,2026-10-05T21:16:30,Brasil,Rio de Janeiro
5fde82a5345fd567,campeonatochileno.cl,Campeonato Nacional Juvenil Femenino Clausura,2026-10-10,13:00,Unión La Calera Juvenil Fem,Deportes La Serena Juvenil Fem,,Fecha 11,https://www.campeonatochileno.cl/ligas/campeonato-nacional-juvenil-femenino-clausura/,,2026-07-13T14:46:09,,
c78000e82b779c30,FUTBOLPERUANO,Peru - Liga 1,2026-10-10,13:00,ADT,FC Cajamarca,,Fase Regular,,status=Por jugar; placar=0-0,2026-10-09T18:42:43,Peru,
93cd674c89a05512,ESPN,Peru - Liga 1,2026-10-10,13:00,ADT,FC Cajamarca,Estadio Unión Tarma,,,codigo_espn=401886171; status=Scheduled,2026-10-09T21:00:56,Peru,Tarma
3a68a72e20cb253b,cf3.cl,Tercera B - Sur,2026-10-10,13:00,V. Pérez Rosales,Nacimiento CDSC,Regional de Chinquihue,Jornada 26,https://cf3.cl/torneo/tercera-b/grupo-sur/fecha/26,,2026-10-09T18:12:25,,
3034d67b54bb8996,anfaterceradivision.cl/calendario,Tercera B - Sur,2026-10-10,13:00,Vicente Pérez Rosales Los Lagos,Nacimiento Biobío,,,https://anfaterceradivision.cl/assets/php/calendario.php,calendario.php,2026-10-09T18:12:25,,
b4186f369ef6b594,AUF,Uruguay - Segunda División Profesional,2026-10-10,13:00,Uruguay Montevideo,Colón,PARQUE ANCAP,Fecha 22,https://www.auf.org.uy/segunda-division-profesional/,,2026-10-09T18:16:42,Uruguay,
4e9021eefff737fd,FPF,Brasil - FPF - Paulista Sub-14 (SUB14),2026-10-10,14:00,Inter Limeira,São Paulo,Estádio Antonio Lins Ribeiro Guimarães,Rodada 17,https://www.futebolpaulista.com.br/Competicoes/Tabela.aspx,status=Programado; pais=Brasil; estado=São Paulo; fonte=api_ashx; jogo_numero=635; grupo=29; fase=TERCEIRA FASE; suspencao=LIBERADO,2026-10-09T18:57:44,Brasil,Santa Bárbara dOeste
90eadcb9c5b3162f,ESPN,Ecuador - LigaPro Serie A,2026-10-10,14:00,Manta F.C.,Técnico Universitario,Estadio Jocay,,,codigo_espn=401921383; status=Scheduled,2026-10-09T20:23:29,Ecuador,Manta
585d50007a0f498e,FPF,Brasil - FPF - Paulista Sub-11 (SUB11),2026-10-10,14:30,Araçatuba FC,AA Portuguesa,Estádio Municipal Dr. Adhemar de Barros,Rodada 16,https://www.futebolpaulista.com.br/Competicoes/Tabela.aspx,status=Programado; pais=Brasil; estado=São Paulo; fonte=api_ashx; jogo_numero=563; grupo=11; fase=SEGUNDA FASE; suspencao=LIBERADO,2026-10-09T18:57:44,Brasil,Araçatuba
66a6458341c3dfde,FPF,Brasil - FPF - Paulista Sub-11 (SUB11),2026-10-10,14:30,Corinthians,Marília,Estádio Alfredo Schürig,Rodada 16,https://www.futebolpaulista.com.br/Competicoes/Tabela.aspx,status=Programado; pais=Brasil; estado=São Paulo; fonte=api_ashx; jogo_numero=570; grupo=19; fase=SEGUNDA FASE; suspencao=LIBERADO,2026-10-09T18:57:44,Brasil,São Paulo
ea4c9c8f31fdd226,FPF,Brasil - FPF - Paulista Sub-11 (SUB11),2026-10-10,14:30,Cosmopolitano,São Bernardo FC,Estádio Thelmo de Almeida,Rodada 16,https://www.futebolpaulista.com.br/Competicoes/Tabela.aspx,status=Programado; pais=Brasil; estado=São Paulo; fonte=api_ashx; jogo_numero=567; grupo=15; fase=SEGUNDA FASE; suspencao=LIBERADO,2026-10-09T18:57:44,Brasil,Cosmópolis
0a1b84cfffebe8ae,FPF,Brasil - FPF - Paulista Sub-11 (SUB11),2026-10-10,14:30,FC Primeira Camisa,Guarani,Centro Poliesportivo João do Pulo,Rodada 16,https://www.futebolpaulista.com.br/Competicoes/Tabela.aspx,status=Programado; pais=Brasil; estado=São Paulo; fonte=api_ashx; jogo_numero=576; grupo=25; fase=SEGUNDA FASE; suspencao=LIBERADO,2026-10-09T18:57:44,Brasil,São José dos Campos
4c029d2071427122,FPF,Brasil - FPF - Paulista Sub-11 (SUB11),2026-10-10,14:30,I9 Futebol Clube,Referência FC,CT I9 International Academy,Rodada 16,https://www.futebolpaulista.com.br/Competicoes/Tabela.aspx,status=Programado; pais=Brasil; estado=São Paulo; fonte=api_ashx; jogo_numero=565; grupo=13; fase=SEGUNDA FASE; suspencao=LIBERADO,2026-10-09T18:57:44,Brasil,Ribeirão Preto
e4bac09da31d7819,FPF,Brasil - FPF - Paulista Sub-11 (SUB11),2026-10-10,14:30,Noroeste,São José EC SAF,Estádio Municipal José Antônio Rossi,Rodada 16,https://www.futebolpaulista.com.br/Competicoes/Tabela.aspx,status=Programado; pais=Brasil; estado=São Paulo; fonte=api_ashx; jogo_numero=564; grupo=12; fase=SEGUNDA FASE; suspencao=LIBERADO,2026-10-09T18:57:44,Brasil,Iacanga
9990dcf02e295eae,FPF,Brasil - FPF - Paulista Sub-11 (SUB11),2026-10-10,14:30,Prata da Casa,Mirassol,Ibrachina Arena,Rodada 16,https://www.futebolpaulista.com.br/Competicoes/Tabela.aspx,status=Programado; pais=Brasil; estado=São Paulo; fonte=api_ashx; jogo_numero=572; grupo=21; fase=SEGUNDA FASE; suspencao=LIBERADO,2026-10-09T18:57:44,Brasil,São Paulo
3c44d95ce39c7c73,FPF,Brasil - FPF - Paulista Sub-11 (SUB11),2026-10-10,14:30,Real Soccer,XV Jaú,Estádio Municipal Walter Ribeiro,Rodada 16,https://www.futebolpaulista.com.br/Competicoes/Tabela.aspx,status=Programado; pais=Brasil; estado=São Paulo; fonte=api_ashx; jogo_numero=573; grupo=22; fase=SEGUNDA FASE; suspencao=LIBERADO,2026-10-09T18:57:44,Brasil,Sorocaba
2559a5f9aa287710,FPF,Brasil - FPF - Paulista Sub-11 (SUB11),2026-10-10,14:30,Red Bull Bragantino,Valinhos Hyper FC S.A.F,CPD Red Bull Bragantino,Rodada 16,https://www.futebolpaulista.com.br/Competicoes/Tabela.aspx,status=Programado; pais=Brasil; estado=São Paulo; fonte=api_ashx; jogo_numero=577; grupo=26; fase=SEGUNDA FASE; suspencao=LIBERADO,2026-10-09T18:57:44,Brasil,Atibaia
c7530c8b2dd3c3d0,FPF,Brasil - FPF - Paulista Sub-11 (SUB11),2026-10-10,14:30,Santos,Penapolense,CT Rei Pelé - Campo I,Rodada 16,https://www.futebolpaulista.com.br/Competicoes/Tabela.aspx,status=Programado; pais=Brasil; estado=São Paulo; fonte=api_ashx; jogo_numero=571; grupo=20; fase=SEGUNDA FASE; suspencao=LIBERADO,2026-10-09T18:57:44,Brasil,Santos
f43250fce91532be,FPF,Brasil - FPF - Paulista Sub-11 (SUB11),2026-10-10,14:30,Sfera FC,UA Barbarense,Centro de Formação de Atletas Jarinu,Rodada 16,https://www.futebolpaulista.com.br/Competicoes/Tabela.aspx,status=Programado; pais=Brasil; estado=São Paulo; fonte=api_ashx; jogo_numero=568; grupo=16; fase=SEGUNDA FASE; suspencao=LIBERADO,2026-10-09T18:57:44,Brasil,Jarinu
2fc1777bb6291e49,FPF,Brasil - FPF - Paulista Sub-11 (SUB11),2026-10-10,14:30,Suzano,LG Futebol Clube,Estádio Municipal Ildeu Silvestre do Carmo,Rodada 16,https://www.futebolpaulista.com.br/Competicoes/Tabela.aspx,status=Programado; pais=Brasil; estado=São Paulo; fonte=api_ashx; jogo_numero=574; grupo=23; fase=SEGUNDA FASE; suspencao=LIBERADO,2026-10-09T18:57:44,Brasil,Itaquaquecetuba
7afcd6f27f8fc958,FPF,Brasil - FPF - Paulista Sub-11 (SUB11),2026-10-10,14:30,São Paulo,Batatais,Estádio Municipal Prefeito José Liberatti,Rodada 16,https://www.futebolpaulista.com.br/Competicoes/Tabela.aspx,status=Programado; pais=Brasil; estado=São Paulo; fonte=api_ashx; jogo_numero=569; grupo=18; fase=SEGUNDA FASE; suspencao=LIBERADO,2026-10-09T18:57:44,Brasil,Osasco
b408f75e1bb7392e,FPF,Brasil - FPF - Paulista Sub-11 (SUB11),2026-10-10,14:30,Taquaritinga,Juventus SAF,Estádio Municipal Dr. Adail Nunes da Silva,Rodada 16,https://www.futebolpaulista.com.br/Competicoes/Tabela.aspx,status=Programado; pais=Brasil; estado=São Paulo; fonte=api_ashx; jogo_numero=566; grupo=14; fase=SEGUNDA FASE; suspencao=LIBERADO,2026-10-09T18:57:44,Brasil,Taquaritinga
d5cff344e381f261,FPF,Brasil - FPF - Paulista Sub-11 (SUB11),2026-10-10,14:30,Velo Clube,São Caetano,Estádio Benito Agnelo Castellano,Rodada 16,https://www.futebolpaulista.com.br/Competicoes/Tabela.aspx,status=Programado; pais=Brasil; estado=São Paulo; fonte=api_ashx; jogo_numero=575; grupo=24; fase=SEGUNDA FASE; suspencao=LIBERADO,2026-10-09T18:57:44,Brasil,Rio Claro
a2971ab8c69627dc,campeonatochileno.cl,Liga de Segunda Panini,2026-10-10,14:30,Santiago City,Colchagua,Estadio Municipal de Lo Barnechea,Fecha 8,https://www.campeonatochileno.cl/ligas/segunda-la-liga-2d/,,2026-10-09T18:12:25,,
7a2b0e68d5cce53a,AUF,Uruguay - Liga AUF Uruguaya,2026-10-10,14:30,Juventud,Racing,PARQUE ARTIGAS,Fecha 10,https://www.auf.org.uy/liga-auf-uruguaya/,,2026-10-02T17:48:58,Uruguay,
f0b852609f159e66,AFA,Argentina - Torneo Clausura,2026-10-10,14:45,Barracas Central,Huracán,,Zona B,https://www.afa.com.ar/Sitio/posts/la-agenda-de-la-afa,,2026-09-30T17:54:37,Argentina,
92dddd78857a4279,AFA,Argentina - Primera B,2026-10-10,15:00,Arsenal,San Martín (Burzaco),,,https://www.afa.com.ar/Sitio/posts/la-agenda-de-la-afa,,2026-10-09T18:15:50,Argentina,
e2edf2d3f48b443b,AFA,Argentina - Primera B,2026-10-10,15:00,Deportivo Laferrere,Deportivo Merlo,,,https://www.afa.com.ar/Sitio/posts/la-agenda-de-la-afa,,2026-10-09T18:15:50,Argentina,
22136fa5dfe4bfcf,AFA,Argentina - Primera B,2026-10-10,15:00,Flandria,Defensores Unidos,,,https://www.afa.com.ar/Sitio/posts/la-agenda-de-la-afa,,2026-10-09T18:15:50,Argentina,
eecb8b6cb43c7037,AFA,Argentina - Primera B,2026-10-10,15:00,Ituzaingó,Argentino de Quilmes,,,https://www.afa.com.ar/Sitio/posts/la-agenda-de-la-afa,,2026-10-09T18:15:50,Argentina,
d46f790a44c4bdb7,AFA,Argentina - Primera B,2026-10-10,15:00,Villa Dálmine,Liniers,,,https://www.afa.com.ar/Sitio/posts/la-agenda-de-la-afa,,2026-10-09T18:15:50,Argentina,
242525e884f90d5b,AFA,Argentina - Primera Nacional,2026-10-10,15:00,Colegiales,Tristán Suárez,,,https://www.afa.com.ar/Sitio/posts/la-agenda-de-la-afa,,2026-10-09T18:15:50,Argentina,
74dfbdba258578ff,ESPN,Bolivia - Liga Profesional Boliviana,2026-10-10,15:00,Universitario de Vinto,Real Oruro,Estadio Félix Capriles,,,codigo_espn=401906472; status=Scheduled,2026-10-09T19:58:11,Bolivia,Cochabamba
7dc49e3a4c440eac,FFERJ,Brasil - FFERJ - Competição não identificada,2026-10-10,15:00,A.D Cabofriense,S. E. de Búzios,ESTÁDIO --NÃO INFORMADO,,https://www.fferj.com.br/partidas/6242,codigo_fferj=6242; fonte_tag=FERJ,2026-10-05T21:16:30,Brasil,Rio de Janeiro
90257c92e9896f08,FFERJ,Brasil - FFERJ - Competição não identificada,2026-10-10,15:00,AE Araruama,C e Social e Cultural Heips,ESTÁDIO --NÃO INFORMADO,,https://www.fferj.com.br/partidas/6240,codigo_fferj=6240; fonte_tag=FERJ,2026-10-05T21:16:30,Brasil,Rio de Janeiro
e7c328d622715508,FFERJ,Brasil - FFERJ - Competição não identificada,2026-10-10,15:00,Campos Atlético Associação,Pérolas Negras,ESTÁDIO --NÃO INFORMADO,,https://www.fferj.com.br/partidas/6241,codigo_fferj=6241; fonte_tag=FERJ,2026-10-05T21:16:30,Brasil,Rio de Janeiro
a7beef07cb8127c6,FFERJ,Brasil - FFERJ - Competição não identificada,2026-10-10,15:00,Duque de Caxias F.C,Gpa Audax Rio E.C,ESTÁDIO DE LOS LARIOS,,https://www.fferj.com.br/partidas/6149,codigo_fferj=6149; fonte_tag=FERJ,2026-10-05T21:16:30,Brasil,Rio de Janeiro
7dba7f773f7b471c,FFERJ,Brasil - FFERJ - Competição não identificada,2026-10-10,15:00,Nova Iguaçu S.A.F,Sociedade Esportiva Paraty,ESTÁDIO CT NOVA IGUAÇU,,https://www.fferj.com.br/partidas/5938,codigo_fferj=5938; fonte_tag=FERJ,2026-10-05T21:16:30,Brasil,Rio de Janeiro
1363c78fa7e77704,FFERJ,Brasil - FFERJ - Competição não identificada,2026-10-10,15:00,Resende F. C.,S.A.F Botafogo,ESTÁDIO TRABALHADOR,,https://www.fferj.com.br/partidas/5962,codigo_fferj=5962; fonte_tag=FERJ,2026-10-05T21:16:30,Brasil,Rio de Janeiro
1a87f1aadf9e8bb5,FGF,Brasil - FGF - Copa Goiás Sub 20 da 2ª Divisão / 2026,2026-10-10,15:00,Cap Pontalina,Independente de Rio Verde,Euripedes da Silva Nolasco,2ª Rodada,https://www.fgf.esp.br/pt/competicoes/jogo.php?id=1787&jogo=59489,status=Programado; pais=Brasil; estado=Goiás; fonte=api_ajax,2026-10-09T18:00:23,Brasil,
b5a3fbc96216e8eb,FMF,Brasil - FMF - FEMININO - 2026,2026-10-10,15:00,ATLÉTICO SAF,CRUZEIRO - SAF,Arena Gregorão,RODADA 6,https://www.fmf.com.br/Competicoes/ProxJogos.aspx?d=7,pais=Brasil; estado=Minas Gerais; codigo_fmf=7; placar_original=X; jogo_numero=17; cidade=Contagem,2026-09-28T20:17:21,Brasil,Contagem
3996100b1e4378a2,FMF,Brasil - FMF - FEMININO SUB-17 - 2026,2026-10-10,15:00,ARAGUARI,CRUZEIRO - SAF,Victor Andrade de Brito - Frimisa,RODADA 2,https://www.fmf.com.br/Competicoes/ProxJogos.aspx?d=36,pais=Brasil; estado=Minas Gerais; codigo_fmf=36; placar_original=X; jogo_numero=5; cidade=Santa Luzia,2026-09-28T20:17:21,Brasil,Santa Luzia
daeb3e7c37ec33b0,FMF,Brasil - FMF - FEMININO SUB-17 - 2026,2026-10-10,15:00,VENDA NOVA,SERRANENSE,Estádio Ilvo Marani,RODADA 2,https://www.fmf.com.br/Competicoes/ProxJogos.aspx?d=36,pais=Brasil; estado=Minas Gerais; codigo_fmf=36; placar_original=X; jogo_numero=6; cidade=Vespasiano,2026-09-28T20:17:21,Brasil,Vespasiano
14b3bb3b8a537277,FPF,Brasil - FPF - Amador do Estado,2026-10-10,15:00,BSC/PM NUPORANGA (BRK),Santa Rita FC (LARFA),Estádio José Martins de Barros Junior,Rodada 1,https://www.futebolpaulista.com.br/Competicoes/Tabela.aspx,status=Programado; pais=Brasil; estado=São Paulo; fonte=api_ashx; jogo_numero=2; suspencao=LIBERADO,2026-10-09T18:57:44,Brasil,Nuporanga
669f3197ce0124d6,FPF,Brasil - FPF - Amador do Estado,2026-10-10,15:00,Campo Novo (BRG),IV Centenário (MAU),Estadio Olimpio Rodrigues,Rodada 1,https://www.futebolpaulista.com.br/Competicoes/Tabela.aspx,status=Programado; pais=Brasil; estado=São Paulo; fonte=api_ashx; jogo_numero=5; suspencao=LIBERADO,2026-10-09T18:57:44,Brasil,Bragança Paulista
b138aebe9d7fb98a,FPF,Brasil - FPF - Amador do Estado,2026-10-10,15:00,EC Jardim Gonzaga (LARFA),Grêmio da Balbo (LDP),Estádio Municipal Prof. Luiz Augusto de Oliveira,Rodada 1,https://www.futebolpaulista.com.br/Competicoes/Tabela.aspx,status=Programado; pais=Brasil; estado=São Paulo; fonte=api_ashx; jogo_numero=1; suspencao=LIBERADO,2026-10-09T18:57:44,Brasil,São Carlos
b154804ff88a5680,FPF,Brasil - FPF - Amador do Estado,2026-10-10,15:00,Nova Detroit (SJC),MAEC (PIN),Praça Hélio Dias (Campo de Futebol do Parque Santa Rita),Rodada 1,https://www.futebolpaulista.com.br/Competicoes/Tabela.aspx,status=Programado; pais=Brasil; estado=São Paulo; fonte=api_ashx; jogo_numero=3; suspencao=LIBERADO,2026-10-09T18:57:44,Brasil,São José dos Campos
cafbd4096fb51c79,FPF,Brasil - FPF - Amador do Estado,2026-10-10,15:00,UNIDOS DO TANQUE (ATB),EC Santa Rita (SJC),Estádio Municipal Salvador Russani,Rodada 1,https://www.futebolpaulista.com.br/Competicoes/Tabela.aspx,status=Programado; pais=Brasil; estado=São Paulo; fonte=api_ashx; jogo_numero=4; suspencao=LIBERADO,2026-10-09T18:57:44,Brasil,Atibaia
9b178477180cc1ed,FPF,Brasil - FPF - Paulista Sub-12 (SUB12),2026-10-10,15:00,Inter Bebedouro,Audax,Estádio Municipal Sócrates Stamato,Rodada 16,https://www.futebolpaulista.com.br/Competicoes/Tabela.aspx,status=Programado; pais=Brasil; estado=São Paulo; fonte=api_ashx; jogo_numero=565; grupo=13; fase=SEGUNDA FASE; suspencao=LIBERADO,2026-10-09T18:57:44,Brasil,Bebedouro
336a2a0db47778e5,FPF,Brasil - FPF - Paulista Sub-12 (SUB12),2026-10-10,15:00,Mirassol,EC São Bernardo,Estádio Municipal Manoel Francisco Ferreira,Rodada 16,https://www.futebolpaulista.com.br/Competicoes/Tabela.aspx,status=Programado; pais=Brasil; estado=São Paulo; fonte=api_ashx; jogo_numero=563; grupo=11; fase=SEGUNDA FASE; suspencao=LIBERADO,2026-10-09T18:57:44,Brasil,Bálsamo
29f0fb1a047ac60f,FPF,Brasil - FPF - Paulista Sub-12 (SUB12),2026-10-10,15:00,Referência FC,I9 Futebol Clube,Estádio Municipal Hermínio Esposito,Rodada 16,https://www.futebolpaulista.com.br/Competicoes/Tabela.aspx,status=Programado; pais=Brasil; estado=São Paulo; fonte=api_ashx; jogo_numero=566; grupo=18; fase=SEGUNDA FASE; suspencao=LIBERADO,2026-10-09T18:57:44,Brasil,Embu das Artes
1c2e184b8fb59fca,FPF,Brasil - FPF - Paulista Sub-12 (SUB12),2026-10-10,15:00,Taubaté,LG Futebol Clube,Estádio Joaquim de Morais Filho,Rodada 16,https://www.futebolpaulista.com.br/Competicoes/Tabela.aspx,status=Programado; pais=Brasil; estado=São Paulo; fonte=api_ashx; jogo_numero=567; grupo=23; fase=SEGUNDA FASE; suspencao=LIBERADO,2026-10-09T18:57:44,Brasil,Taubaté
fd72b3322dfd43a7,FPF,Brasil - FPF - Paulista Sub-12 (SUB12),2026-10-10,15:00,XV Jaú,São José EC SAF,Estádio Zezinho Magalhães,Rodada 16,https://www.futebolpaulista.com.br/Competicoes/Tabela.aspx,status=Programado; pais=Brasil; estado=São Paulo; fonte=api_ashx; jogo_numero=564; grupo=12; fase=SEGUNDA FASE; suspencao=LIBERADO,2026-10-09T18:57:44,Brasil,Jaú
7c718f384052afaa,FPF,Brasil - FPF - Paulista Sub-14 (SUB14),2026-10-10,15:00,São Caetano,Mirassol,Estádio Municipal Anacleto Campanella,Rodada 17,https://www.futebolpaulista.com.br/Competicoes/Tabela.aspx,status=Programado; pais=Brasil; estado=São Paulo; fonte=api_ashx; jogo_numero=636; grupo=28; fase=TERCEIRA FASE; suspencao=LIBERADO,2026-10-09T18:57:44,Brasil,São Caetano do Sul
ef29e83643d1d69c,FPF,Brasil - FPF - Taça Paulistana Petrobras (Amador),2026-10-10,15:00,Mauaense,São José EC SAF,Estádio Municipal Pedro Benedetti,Rodada 6,https://www.futebolpaulista.com.br/Competicoes/Tabela.aspx,status=Programado; pais=Brasil; estado=São Paulo; fonte=api_ashx; jogo_numero=16; grupo=01; fase=PRIMEIRA FASE; canais=YouTube Paulistão; suspencao=LIBERADO,2026-10-09T18:57:44,Brasil,Mauá
10fc3b44588a90bb,FPF,Brasil - FPF - Taça Paulistana Petrobras (Amador),2026-10-10,15:00,Realidade Jovem,AD Centro Olimpico,Estádio Benedito Teixeira,Rodada 6,https://www.futebolpaulista.com.br/Competicoes/Tabela.aspx,status=Programado; pais=Brasil; estado=São Paulo; fonte=api_ashx; jogo_numero=18; grupo=01; fase=PRIMEIRA FASE; canais=YouTube Paulistão; suspencao=LIBERADO,2026-10-09T18:57:44,Brasil,São José do Rio Preto
d68450e24f84a67e,FPF,Brasil - FPF - Taça Paulistana Petrobras (Amador),2026-10-10,15:00,Sociedade Esportiva Lemense,São Bento,Estádio Municipal Bruno Lazzarini,Rodada 6,https://www.futebolpaulista.com.br/Competicoes/Tabela.aspx,status=Programado; pais=Brasil; estado=São Paulo; fonte=api_ashx; jogo_numero=17; grupo=01; fase=PRIMEIRA FASE; canais=YouTube Paulistão; suspencao=LIBERADO,2026-10-09T18:57:44,Brasil,Leme
b5805f086a54729c,campeonatochileno.cl,Campeonato Nacional Juvenil Femenino Clausura,2026-10-10,15:00,Cobresal Juvenil Fem,Audax Italiano Juvenil Fem,,Fecha 11,https://www.campeonatochileno.cl/ligas/campeonato-nacional-juvenil-femenino-clausura/,,2026-07-13T14:46:09,,
39465b58b0459edd,FGF,Gauchão Série A2 2026,2026-10-10,15:00,STA,APF,Plátanos,Quartas de Final,https://fgf.com.br/competicoes/profissional/24,,2026-10-09T19:22:44,Brasil,
58e2cf0af47e0484,campeonatochileno.cl,Liga de Ascenso Caixun,2026-10-10,15:00,Santiago Wanderers,Curicó Unido,Elías Figueroa Brander,Fecha 27,https://www.campeonatochileno.cl/ligas/liga-de-ascenso-caixun/,,2026-10-09T18:12:25,,
774587f4a1f12569,campeonatochileno.cl,Liga de Primera Mercado Libre,2026-10-10,15:00,Cobresal,Universidad de Concepción,Estadio El Cobre,Fecha 24,https://www.campeonatochileno.cl/ligas/liga-de-primera-mercado-libre/,,2026-10-09T18:12:25,,
ce4a735081e67209,FUTBOLPERUANO,Peru - Liga 3,2026-10-10,15:00,ANBA,Patriotas FC,,Grupo D,,status=Por jugar,2026-10-09T18:42:43,Peru,
62c94227c358fcea,FUTBOLPERUANO,Peru - Liga 3,2026-10-10,15:00,Nacional,Melgar,,Grupo D,,status=Por jugar,2026-10-09T18:42:43,Peru,
30fde02837f4f053,FUTBOLPERUANO,Peru - Liga 3,2026-10-10,15:00,Valle Sagrado,S. Company,,Grupo D,,status=Por jugar,2026-10-07T19:15:54,Peru,
093237ea4bf6d958,AUF,Uruguay - Liga AUF Uruguaya,2026-10-10,15:00,Wanderers,Boston River,ALFREDO VICTOR VIERA,Fecha 10,https://www.auf.org.uy/liga-auf-uruguaya/,,2026-10-09T18:16:42,Uruguay,
f189b1d56af69a68,AFA,Argentina - Primera B,2026-10-10,15:30,Deportivo Armenio,Comunicaciones,,,https://www.afa.com.ar/Sitio/posts/la-agenda-de-la-afa,,2026-10-09T18:15:50,Argentina,
c7e8b21a851dd423,AFA,Argentina - Primera Nacional,2026-10-10,15:30,Almagro,Chacarita Juniors,,,https://www.afa.com.ar/Sitio/posts/la-agenda-de-la-afa,,2026-10-09T18:15:50,Argentina,
2bac6f3971ba87b3,FGF,Brasil - FGF - Campeonato Goiano Feminino Adulto / 2026,2026-10-10,15:30,Anapolina S.a.f.,Flugoiania,Jonas Duarte,5ª Rodada,https://www.fgf.esp.br/pt/competicoes/jogo.php?id=1816&jogo=57461,status=Programado; pais=Brasil; estado=Goiás; fonte=api_ajax,2026-10-09T18:00:23,Brasil,
3c769c680959cca4,FGF,Brasil - FGF - Campeonato Goiano Feminino Adulto / 2026,2026-10-10,15:30,Vila Nova,Planalto Esporte Clube,CT Vila do Tigre,5ª Rodada,https://www.fgf.esp.br/pt/competicoes/jogo.php?id=1816&jogo=57462,status=Programado; pais=Brasil; estado=Goiás; fonte=api_ajax,2026-10-09T18:00:23,Brasil,
bcd9a90305e93d6c,FGF,Brasil - FGF - Copa Goiás Sub 20 da 1ª Divisão / 2026,2026-10-10,15:30,Atlético Goianiense Saf,Goiás,Dorvalino Monteiro dos Reis,10ª Rodada,https://www.fgf.esp.br/pt/competicoes/jogo.php?id=1784&jogo=56859,status=Programado; pais=Brasil; estado=Goiás; fonte=api_ajax,2026-09-23T16:07:08,Brasil,
3e141955b53a4cb1,FGF,Brasil - FGF - Copa Goiás Sub 20 da 1ª Divisão / 2026,2026-10-10,15:30,Goiania E.c. S.a.f.,Anápolis,João José Teodoro,10ª Rodada,https://www.fgf.esp.br/pt/competicoes/jogo.php?id=1784&jogo=56854,status=Programado; pais=Brasil; estado=Goiás; fonte=api_ajax,2026-10-09T18:00:23,Brasil,
4477692ac539dba7,FGF,Brasil - FGF - Copa Goiás Sub 20 da 1ª Divisão / 2026,2026-10-10,15:30,Royal,Planalto Esporte Clube,Defelê,10ª Rodada,https://www.fgf.esp.br/pt/competicoes/jogo.php?id=1784&jogo=56858,status=Programado; pais=Brasil; estado=Goiás; fonte=api_ajax,2026-09-28T19:16:17,Brasil,
5586fee5c9a410cd,FGF,Brasil - FGF - Copa Goiás Sub 20 da 1ª Divisão / 2026,2026-10-10,15:30,Vila Nova,São Luiz,CT Vila do Tigre,10ª Rodada,https://www.fgf.esp.br/pt/competicoes/jogo.php?id=1784&jogo=56851,status=Programado; pais=Brasil; estado=Goiás; fonte=api_ajax,2026-08-07T13:00:10,Brasil,
b2f970cad7cf5135,ESPN,Colombia - Liga BetPlay,2026-10-10,15:30,Deportivo Pereira,Deportivo Cali,Estadio Santiago de Las Atalayas,,,codigo_espn=401878004; status=Scheduled,2026-10-09T19:09:49,Colombia,Yopal
4716c5978a626b15,campeonatochileno.cl,Liga de Segunda Panini,2026-10-10,15:30,Santiago City,Colchagua,Estadio Municipal de Lo Barnechea,Fecha 8,https://www.campeonatochileno.cl/ligas/segunda-la-liga-2d/,,2026-10-08T18:41:51,,
00a744721e7243ca,FUTBOLPERUANO,Peru - Liga 1,2026-10-10,15:30,Comerciantes,Juan Pablo II,,Fase Regular,,status=Por jugar; placar=0-0,2026-10-09T18:42:43,Peru,
f4109d554c131dbf,ESPN,Peru - Liga 1,2026-10-10,15:30,Comerciantes Unidos,Juan Pablo II,Juan Maldonado Gamarra,,,codigo_espn=401886175; status=Scheduled,2026-10-09T21:00:56,Peru,"Cutervo, Cajamarca"
7c66d873b12359dd,AFA,Argentina - Torneo Clausura,2026-10-10,15:45,Barracas Central,Huracán,,Zona B,https://www.afa.com.ar/Sitio/posts/la-agenda-de-la-afa,,2026-10-09T18:15:50,Argentina,
289861e81ef468f8,AFA,Argentina - Primera Nacional,2026-10-10,16:00,Quilmes,Agropecuario Argentino,,,https://www.afa.com.ar/Sitio/posts/la-agenda-de-la-afa,,2026-10-09T18:15:50,Argentina,
378c27b1a6768796,FGF,Brasil - FGF - Copa Goiás Sub 11 da 1ª Divisão / 2026,2026-10-10,16:00,Estrela,Goiás,Resenha Sports Center,10ª Rodada,https://www.fgf.esp.br/pt/competicoes/jogo.php?id=1780&jogo=56511,status=Programado; pais=Brasil; estado=Goiás; fonte=api_ajax,2026-10-02T17:28:43,Brasil,
d158d4f2e57f383e,FGF,Brasil - FGF - Copa Goiás Sub 11 da 1ª Divisão / 2026,2026-10-10,16:00,Flugoiania,Desportivo Real Fc,CT Fazendinha,10ª Rodada,https://www.fgf.esp.br/pt/competicoes/jogo.php?id=1780&jogo=56509,status=Programado; pais=Brasil; estado=Goiás; fonte=api_ajax,2026-10-09T18:00:23,Brasil,
67f8bd2a93f42962,FGF,Brasil - FGF - Copa Goiás Sub 11 da 1ª Divisão / 2026,2026-10-10,16:00,Independente de Rio Verde,Cewg,Mozart Veloso do Carmo,10ª Rodada,https://www.fgf.esp.br/pt/competicoes/jogo.php?id=1780&jogo=56512,status=Programado; pais=Brasil; estado=Goiás; fonte=api_ajax,2026-10-09T18:00:23,Brasil,
aad2c1319bc76584,FGF,Brasil - FGF - Copa Goiás Sub 11 da 1ª Divisão / 2026,2026-10-10,16:00,Real Clube,Canedo FC,Onofre Ferreira de Cubas,10ª Rodada,https://www.fgf.esp.br/pt/competicoes/jogo.php?id=1780&jogo=56510,status=Programado; pais=Brasil; estado=Goiás; fonte=api_ajax,2026-10-09T18:00:23,Brasil,
a0fde631ef9fe5d5,FMF,Brasil - FMF - SEGUNDA DIVISÃO - 2026,2026-10-10,16:00,E.C. NOVA LAVRAS,SANTARRITENSE FC,Estádio Municipal Coronel Juventino Dias,RODADA 4,https://www.fmf.com.br/Competicoes/ProxJogos.aspx?d=3,pais=Brasil; estado=Minas Gerais; codigo_fmf=3; placar_original=X; jogo_numero=23; cidade=Lavras,2026-09-28T20:17:21,Brasil,Lavras
c8b59bddff9b10dd,FMF,Brasil - FMF - SEGUNDA DIVISÃO - 2026,2026-10-10,16:00,FUNORTE,SIDERÚRGICA,Estádio José Maria Melo,RODADA 4,https://www.fmf.com.br/Competicoes/ProxJogos.aspx?d=3,pais=Brasil; estado=Minas Gerais; codigo_fmf=3; placar_original=X; jogo_numero=24; cidade=Montes Claros,2026-09-28T20:17:21,Brasil,Montes Claros
d587dc971c55c646,FMF,Brasil - FMF - SEGUNDA DIVISÃO - 2026,2026-10-10,16:00,NOVO E.C. ITABIRINHA,NAC MURIAÉ,Dr. Adilson Machado de Farias,RODADA 4,https://www.fmf.com.br/Competicoes/ProxJogos.aspx?d=3,pais=Brasil; estado=Minas Gerais; codigo_fmf=3; placar_original=X; jogo_numero=20; cidade=Itabirinha,2026-09-28T20:17:21,Brasil,Itabirinha
7858e9e3268da20b,FPF,Brasil - FPF - Paulista Sub-12 (SUB12),2026-10-10,16:00,Corinthians,Marília,Estádio Alfredo Schürig,Rodada 16,https://www.futebolpaulista.com.br/Competicoes/Tabela.aspx,status=Programado; pais=Brasil; estado=São Paulo; fonte=api_ashx; jogo_numero=572; grupo=19; fase=SEGUNDA FASE; suspencao=LIBERADO,2026-10-09T18:57:44,Brasil,São Paulo
badbaa352297b9ca,FPF,Brasil - FPF - Paulista Sub-12 (SUB12),2026-10-10,16:00,Cosmopolitano,Primavera SAF,Estádio Thelmo de Almeida,Rodada 16,https://www.futebolpaulista.com.br/Competicoes/Tabela.aspx,status=Programado; pais=Brasil; estado=São Paulo; fonte=api_ashx; jogo_numero=570; grupo=15; fase=SEGUNDA FASE; suspencao=LIBERADO,2026-10-09T18:57:44,Brasil,Cosmópolis
acd63c06c2479b72,FPF,Brasil - FPF - Paulista Sub-12 (SUB12),2026-10-10,16:00,Inter Limeira,FC Primeira Camisa,Estádio Antonio Lins Ribeiro Guimarães,Rodada 16,https://www.futebolpaulista.com.br/Competicoes/Tabela.aspx,status=Programado; pais=Brasil; estado=São Paulo; fonte=api_ashx; jogo_numero=568; grupo=25; fase=SEGUNDA FASE; suspencao=LIBERADO,2026-10-09T18:57:44,Brasil,Santa Bárbara dOeste
c0f54d39418b2b44,FPF,Brasil - FPF - Paulista Sub-12 (SUB12),2026-10-10,16:00,Prata da Casa,Linense,Ibrachina Arena,Rodada 16,https://www.futebolpaulista.com.br/Competicoes/Tabela.aspx,status=Programado; pais=Brasil; estado=São Paulo; fonte=api_ashx; jogo_numero=574; grupo=21; fase=SEGUNDA FASE; suspencao=LIBERADO,2026-10-09T18:57:44,Brasil,São Paulo
d4ef70a26968d92f,FPF,Brasil - FPF - Paulista Sub-12 (SUB12),2026-10-10,16:00,Red Bull Bragantino,Real Soccer,CPD Red Bull Bragantino,Rodada 16,https://www.futebolpaulista.com.br/Competicoes/Tabela.aspx,status=Programado; pais=Brasil; estado=São Paulo; fonte=api_ashx; jogo_numero=577; grupo=26; fase=SEGUNDA FASE; suspencao=LIBERADO,2026-10-09T18:57:44,Brasil,Atibaia
38ece4d43871ce2c,FPF,Brasil - FPF - Paulista Sub-12 (SUB12),2026-10-10,16:00,Santos,Olímpia,CT Rei Pelé - Campo I,Rodada 16,https://www.futebolpaulista.com.br/Competicoes/Tabela.aspx,status=Programado; pais=Brasil; estado=São Paulo; fonte=api_ashx; jogo_numero=573; grupo=20; fase=SEGUNDA FASE; suspencao=LIBERADO,2026-10-09T18:57:44,Brasil,Santos
210c1013b082c340,FPF,Brasil - FPF - Paulista Sub-12 (SUB12),2026-10-10,16:00,Sfera FC,Rio Branco,Centro de Formação de Atletas Jarinu,Rodada 16,https://www.futebolpaulista.com.br/Competicoes/Tabela.aspx,status=Programado; pais=Brasil; estado=São Paulo; fonte=api_ashx; jogo_numero=571; grupo=16; fase=SEGUNDA FASE; suspencao=LIBERADO,2026-10-09T18:57:44,Brasil,Jarinu
c753866f87baa18b,FPF,Brasil - FPF - Paulista Sub-12 (SUB12),2026-10-10,16:00,São Paulo,Presidente Prudente,Estádio Municipal Prefeito José Liberatti,Rodada 16,https://www.futebolpaulista.com.br/Competicoes/Tabela.aspx,status=Programado; pais=Brasil; estado=São Paulo; fonte=api_ashx; jogo_numero=575; grupo=22; fase=SEGUNDA FASE; suspencao=LIBERADO,2026-10-09T18:57:44,Brasil,Osasco
a39a26e906e78577,FPF,Brasil - FPF - Paulista Sub-12 (SUB12),2026-10-10,16:00,Taquaritinga,Paulista,Estádio Municipal Dr. Adail Nunes da Silva,Rodada 16,https://www.futebolpaulista.com.br/Competicoes/Tabela.aspx,status=Programado; pais=Brasil; estado=São Paulo; fonte=api_ashx; jogo_numero=569; grupo=14; fase=SEGUNDA FASE; suspencao=LIBERADO,2026-10-09T18:57:44,Brasil,Taquaritinga
a23c4dfc6e9bb0c4,FPF,Brasil - FPF - Paulista Sub-12 (SUB12),2026-10-10,16:00,Velo Clube,Jabaquara,Estádio Benito Agnelo Castellano,Rodada 16,https://www.futebolpaulista.com.br/Competicoes/Tabela.aspx,status=Programado; pais=Brasil; estado=São Paulo; fonte=api_ashx; jogo_numero=576; grupo=24; fase=SEGUNDA FASE; suspencao=LIBERADO,2026-10-09T18:57:44,Brasil,Rio Claro
42d4ad07af23c15e,FGF,Gauchão Série A2 2026,2026-10-10,16:00,ESP,Brasil-Pel,Montanha dos Vinhedos,Quartas de Final,https://fgf.com.br/competicoes/profissional/24,,2026-10-09T19:22:44,Brasil,
6697ea0626d465da,FGF,Gauchão Série A2 2026,2026-10-10,16:00,PFU,BFA,RazaoInfo Vermelhão da Serra,Quartas de Final,https://fgf.com.br/competicoes/profissional/24,,2026-10-09T19:22:44,Brasil,
ec5402c6157c568f,campeonatochileno.cl,Liga de Segunda Panini,2026-10-10,16:00,Santiago Morning,Real San Joaquín,Estadio Municipal de La Pintana,Fecha 8,https://www.campeonatochileno.cl/ligas/segunda-la-liga-2d/,,2026-09-29T17:56:27,,
9e8cbcde3dd54637,AUF,Uruguay - Segunda División Profesional,2026-10-10,16:00,Cerrito,Tacuarembó,PARQUE MARACANA,Fecha 22,https://www.auf.org.uy/segunda-division-profesional/,,2026-10-09T18:16:42,Uruguay,
b151f975820001ce,AFA,Argentina - Primera Nacional,2026-10-10,16:30,F.C. Midland,Atlético de Rafaela,,,https://www.afa.com.ar/Sitio/posts/la-agenda-de-la-afa,,2026-10-09T18:15:50,Argentina,
27a74e8272029279,ESPN,Ecuador - LigaPro Serie A,2026-10-10,16:30,Guayaquil City FC,Emelec,Estadio Christian Benítez Betancourt,,,codigo_espn=401921381; status=Scheduled,2026-10-09T20:23:29,Ecuador,Quito
2d2f28cd50857dff,cf3.cl,Tercera B - Norte,2026-10-10,16:30,EF Conchalí,Dep. Hualpén,Mun. de Conchalí,Jornada 26,https://cf3.cl/torneo/tercera-b/grupo-sur/fecha/26,,2026-10-09T18:12:25,,
5d43ff7d97a22442,anfaterceradivision.cl/calendario,Tercera B - Sur,2026-10-10,16:30,EF Conchalí Metropolitana,Deportes Hualpén Biobío,"10 Oct 2026, 16:30 Municipal de Conchalí",,https://anfaterceradivision.cl/assets/php/calendario.php,calendario.php,2026-10-09T18:12:25,,
622887458c10ddcc,anfaterceradivision.cl/calendario,Tercera B - Sur,2026-10-10,16:30,Laja Histórico Biobío,Deportivo Pumanque O'Higgins,,,https://anfaterceradivision.cl/assets/php/calendario.php,calendario.php,2026-10-09T18:12:25,,
368b00eb61421b37,cf3.cl,Tercera B - Sur,2026-10-10,16:30,Laja Histórico,Deportivo Pumanque,Facela de Laja,Jornada 26,https://cf3.cl/torneo/tercera-b/grupo-sur/fecha/26,,2026-10-09T18:12:25,,
c0cc0abbb61ce3f0,AFA,Argentina - Torneo Clausura,2026-10-10,17:00,Central Córdoba,Estudiantes (LP),,Zona A,https://www.afa.com.ar/Sitio/posts/la-agenda-de-la-afa,,2026-10-09T18:15:50,Argentina,
a3e049629405a2df,CBF,Brasil - Série A,2026-10-10,17:00,Vasco da Gama (RJ),Remo (PA),São Januário,Rodada 30,https://stcbfsiteprdimgbrs.blob.core.windows.net/img-site/cdn/Tabela_Detalhada_BSA_2026_28_09_cf82981ce6.pdf,pais=Brasil; cidade=Rio de Janeiro,2026-10-05T20:40:10,,Rio de Janeiro
fa1481c8fb644daa,CBF,Brasil - Série C,2026-10-10,17:00,B Botafogo (PB),Santa Cruz (PE),Almeidão,Rodada 6,https://stcbfsiteprdimgbrs.blob.core.windows.net/img-site/cdn/Tabela_Detalhada_Brasileiro_Serie_C_2026_14_09_8fc02a8729.pdf,pais=Brasil; cidade=João Pessoa,2026-09-15T16:50:22,,João Pessoa
38a212ed5817a407,CBF,Brasil - Série C,2026-10-10,17:00,B Maringá (PR),Floresta (CE),Willie Davids,Rodada 6,https://stcbfsiteprdimgbrs.blob.core.windows.net/img-site/cdn/Tabela_Detalhada_Brasileiro_Serie_C_2026_14_09_8fc02a8729.pdf,pais=Brasil; cidade=Maringá,2026-09-15T16:50:22,,Maringá
d133b3855b4c2c33,CBF,Brasil - Série C,2026-10-10,17:00,C Brusque (SC),Paysandu (PA),Augusto,Rodada 6,https://stcbfsiteprdimgbrs.blob.core.windows.net/img-site/cdn/Tabela_Detalhada_Brasileiro_Serie_C_2026_14_09_8fc02a8729.pdf,pais=Brasil; cidade=Bauer* Brusque,2026-09-15T16:50:22,,Bauer* Brusque
9ede71722f327d04,CBF,Brasil - Série C,2026-10-10,17:00,C Ferroviária (SP),Inter de Limeira (SP),Fonte,Rodada 6,https://stcbfsiteprdimgbrs.blob.core.windows.net/img-site/cdn/Tabela_Detalhada_Brasileiro_Serie_C_2026_14_09_8fc02a8729.pdf,pais=Brasil; cidade=Luminosa Araraquara,2026-09-15T16:50:22,,Luminosa Araraquara
0271800cd8658537,FGF,Gauchão Série A2 2026,2026-10-10,17:00,ESP,Brasil-Pel,Montanha dos Vinhedos,Quartas de Final,https://fgf.com.br/competicoes/profissional/24,,2026-10-01T19:22:41,Brasil,
8a9c777cfc5668e7,campeonatochileno.cl,Liga de Segunda Panini,2026-10-10,17:00,Concón National,Provincial Osorno,Estadio Atlético Municipal de Concón,Fecha 8,https://www.campeonatochileno.cl/ligas/segunda-la-liga-2d/,,2026-10-09T18:12:25,,
09edcdcb0be64136,APF,Paraguay - APF - Copa de Primera,2026-10-10,17:00,Club Sportivo San Lorenzo,Club Sportivo Trinidense,Estadio Gunther Vogel,Jornada 14,https://www.apf.org.py/partidos/temporada-2026-paraguay-primera-division-clausura-14-san-lorenzo-vs-trinidense-904,status=PreMatch; status_nome=Previo,2026-10-09T17:36:22,Paraguay,
96b61531f323671b,cf3.cl,Tercera B - Norte,2026-10-10,17:00,Mun. Paillaco,Dep. Valdivia,Mun. de Paillaco,Jornada 26,https://cf3.cl/torneo/tercera-b/grupo-sur/fecha/26,,2026-10-09T18:12:25,,
5c75712f79a8e95d,cf3.cl,Tercera B - Sur,2026-10-10,17:00,CDSC Iberia,Buenos Aires,Mun. de Los Ángeles,Jornada 26,https://cf3.cl/torneo/tercera-b/grupo-sur/fecha/26,,2026-10-09T18:12:25,,
750ab4bb2e32f65f,cf3.cl,Tercera B - Sur,2026-10-10,17:00,Inter Concepción,Rep. Ind. de Hualqui,El Morro,Jornada 26,https://cf3.cl/torneo/tercera-b/grupo-sur/fecha/26,,2026-10-09T18:12:25,,
e2916d5a6483793c,anfaterceradivision.cl/calendario,Tercera B - Sur,2026-10-10,17:00,CDSC Iberia Biobío,Buenos Aires Maule,"10 Oct 2026, 17:00 Municipal de Los Ángeles",,https://anfaterceradivision.cl/assets/php/calendario.php,calendario.php,2026-10-09T18:12:25,,
591f7f2b85c87478,anfaterceradivision.cl/calendario,Tercera B - Sur,2026-10-10,17:00,Inter Concepción Biobío,Rep Ind de Hualqui Biobío,"10 Oct 2026, 17:00 El Morro",,https://anfaterceradivision.cl/assets/php/calendario.php,calendario.php,2026-10-09T18:12:25,,
bbbbe198de0f9b9b,ESPN,Venezuela - Liga FUTVE (Primera División),2026-10-10,17:00,Portuguesa,Deportivo La Guaira,Estadio General José Antonio Páez,,,codigo_espn=401903439; status=Scheduled,2026-10-09T20:06:06,Venezuela,Acarigua
49a22578b9c41191,campeonatochileno.cl,Liga de Ascenso Caixun,2026-10-10,17:30,Deportes Temuco,Club Deportes Santa Cruz,,Fecha 27,https://www.campeonatochileno.cl/ligas/liga-de-ascenso-caixun/,,2026-10-09T18:12:25,,
58cdb0ecba797962,campeonatochileno.cl,Liga de Primera Mercado Libre,2026-10-10,17:30,Huachipato,O'Higgins,Estadio Huachipato,Fecha 24,https://www.campeonatochileno.cl/ligas/liga-de-primera-mercado-libre/,,2026-10-09T18:12:25,,
b7cef7daf5c13fda,anfaterceradivision.cl/calendario,Tercera B - Norte,2026-10-10,17:30,Audax Italiano Atacama,Deportes Vallenar Atacama,,,https://anfaterceradivision.cl/assets/php/calendario.php,calendario.php,2026-10-09T18:12:25,,
366c90618a85fae4,cf3.cl,Tercera B - Norte,2026-10-10,17:30,Audax Italiano de Paipote,Dep. Vallenar,Luis Valenzuela Hermosilla,Jornada 26,https://cf3.cl/torneo/tercera-b/grupo-norte/fecha/26,,2026-10-09T18:12:25,,
3abadb054df0b1dc,cf3.cl,Tercera B - Norte,2026-10-10,17:30,Mun. Mejillones,Dep. Ovalle,Mun. de Mejillones,Jornada 26,https://cf3.cl/torneo/tercera-b/grupo-norte/fecha/26,,2026-10-09T18:12:25,,
1364a96c1df41f6a,cf3.cl,Tercera B - Norte,2026-10-10,17:30,Mun. Ovalle,Cultural Maipú,Diaguita Ovalle,Jornada 26,https://cf3.cl/torneo/tercera-b/grupo-norte/fecha/26,,2026-10-09T18:12:25,,
2c3a6a9179687bda,CBF,Brasil - Série A,2026-10-10,18:00,Vasco da Gama (RJ),Remo (PA),São Januário,Rodada 30,https://stcbfsiteprdimgbrs.blob.core.windows.net/img-site/cdn/Tabela_Detalhada_BSA_2026_09_10_e4440cfd8e.pdf,pais=Brasil; cidade=Rio de Janeiro,2026-10-10T09:45:06,,Rio de Janeiro
8cd11466e270c54a,AUF,Uruguay - Liga AUF Uruguaya,2026-10-10,18:00,Peñarol,Progreso,CAMPEON DEL SIGLO,Fecha 10,https://www.auf.org.uy/liga-auf-uruguaya/,,2026-10-02T17:48:58,Uruguay,
48016fba96a553e0,ESPN,Venezuela - Liga FUTVE (Primera División),2026-10-10,18:00,Deportivo Táchira,UCV FC,Estadio Pueblo Nuevo,,,codigo_espn=401903440; status=Scheduled,2026-10-09T20:06:06,Venezuela,San Cristóbal
da56884640113fe7,ESPN,Colombia - Liga BetPlay,2026-10-10,18:10,Atlético Junior,Internacional de Bogotá,Romelio Martínez,,,codigo_espn=401877899; status=Scheduled,2026-10-09T19:09:49,Colombia,Barranquilla
b37f739462d9afad,FFERJ,Brasil - FFERJ - Competição não identificada,2026-10-10,18:30,Aa Carapebus,Niteroiense Futebol Clube,ESTÁDIO CLÁUDIO MOACYR,,https://www.fferj.com.br/partidas/6145,codigo_fferj=6145; fonte_tag=FERJ,2026-10-05T21:16:30,Brasil,Rio de Janeiro
f1dabcb661f31a74,AUF,Uruguay - Liga AUF Uruguaya,2026-10-10,18:30,Peñarol,Progreso,CAMPEON DEL SIGLO,Fecha 10,https://www.auf.org.uy/liga-auf-uruguaya/,,2026-10-09T18:16:42,Uruguay,
3d7d596bf83d29b4,FMF,Brasil - FMF - FEMININO - 2026,2026-10-10,19:00,DEMOCRATA GV,VENDA NOVA,"Jose Mammoud Abbas ""Mamudão""",RODADA 6,https://www.fmf.com.br/Competicoes/ProxJogos.aspx?d=7,pais=Brasil; estado=Minas Gerais; codigo_fmf=7; placar_original=X; jogo_numero=18; cidade=Governador Valadares,2026-09-28T20:17:21,Brasil,Governador Valadares
9d972e7293616f45,campeonatochileno.cl,Liga de Segunda Panini,2026-10-10,19:00,Deportes Linares,Trasandino,Estadio Tucapel Bustamante de Linares,Fecha 8,https://www.campeonatochileno.cl/ligas/segunda-la-liga-2d/,,2026-10-09T18:12:25,,
90f1d3f3ebba0dbe,ESPN,Peru - Liga 1,2026-10-10,19:00,Universitario,Melgar,Estadio Monumental de Lima,,,codigo_espn=401886179; status=Scheduled,2026-10-09T21:00:56,Peru,Lima
bbb18b7443acfcba,FUTBOLPERUANO,Peru - Liga 1,2026-10-10,19:00,Universitario,Melgar,,Fase Regular,,status=Por jugar; placar=0-0,2026-10-09T18:42:43,Peru,
9be390f09521758d,cf3.cl,Tercera A,2026-10-10,19:00,Quintero Unido,Lautaro de Buin,Mun. de Quintero Raúl Vargas Verdejo,Jornada 16,https://cf3.cl/torneo/tercera-a/fecha/16,,2026-10-09T18:12:25,,
f54782ab3c4ddbaf,anfaterceradivision.cl/calendario,Tercera A,2026-10-10,19:00,Quintero Unido Valparaíso,Lautaro Metropolitana,,,https://anfaterceradivision.cl/assets/php/calendario.php,calendario.php,2026-10-09T18:12:25,,
18377c8485092699,AUF,Uruguay - Segunda División Profesional,2026-10-10,19:00,Paysandú FC,Rentistas,ESTADIO ARTIGAS DE PAYSANDU,Fecha 22,https://www.auf.org.uy/segunda-division-profesional/,,2026-10-09T18:16:42,Uruguay,
3b71f85768ec2a80,AFA,Argentina - Torneo Clausura,2026-10-10,19:15,Tigre,Banfield,,Zona B,https://www.afa.com.ar/Sitio/posts/la-agenda-de-la-afa,,2026-10-09T18:15:50,Argentina,
9d4ee3032a8bfbf8,APF,Paraguay - APF - Copa de Primera,2026-10-10,19:20,Club Sportivo Luqueño,Club Cerro Porteño,Estadio ueno Luis Salinas Tanasio,Jornada 14,https://www.apf.org.py/partidos/temporada-2026-paraguay-primera-division-clausura-14-luqueno-vs-cerro-porteno-903,status=PreMatch; status_nome=Previo,2026-10-09T17:36:22,Paraguay,
25852d50d2a36803,ESPN,Bolivia - Liga Profesional Boliviana,2026-10-10,19:30,Oriente Petrolero,ABB,Estadio Ramón Tahuichi,,,codigo_espn=401906471; status=Scheduled,2026-10-09T19:58:11,Bolivia,Santa Cruz
70b79dc45a4b13af,cf3.cl,Tercera B - Norte,2026-10-10,19:30,Prov. Talagante,Tricolor de Paine,Mun. Lucas Pacheco Toro,Jornada 26,https://cf3.cl/torneo/tercera-b/grupo-norte/fecha/26,,2026-10-09T18:12:25,,
0e6c32881f02054e,ESPN,Venezuela - Liga FUTVE (Primera División),2026-10-10,19:30,Metropolitanos,Rayo Zuliano,Estadio Olímpico de la UCV,,,codigo_espn=401903443; status=Scheduled,2026-10-09T20:06:06,Venezuela,Caracas
aff9eec3a24ec546,campeonatochileno.cl,Campeonato Nacional Juvenil Femenino Clausura,2026-10-10,1:00,Unión La Calera Juvenil Fem,Deportes La Serena Juvenil Fem,,Fecha 11,https://www.campeonatochileno.cl/ligas/campeonato-nacional-juvenil-femenino-clausura/,,2026-07-14T13:55:28,,
b9fc0b0a3eebe3c6,campeonatochileno.cl,Liga de Primera Mercado Libre,2026-10-10,20:00,Universidad Católica,Audax Italiano,Claro Arena,Fecha 24,https://www.campeonatochileno.cl/ligas/liga-de-primera-mercado-libre/,,2026-10-09T18:12:25,,
e95e421a830ac267,CBF,Brasil - Série A,2026-10-10,21:00,São Paulo (SP),Vitória (BA),Morumbis,Rodada 30,https://stcbfsiteprdimgbrs.blob.core.windows.net/img-site/cdn/Tabela_Detalhada_BSA_2026_09_10_e4440cfd8e.pdf,pais=Brasil; cidade=São Paulo,2026-10-10T09:45:06,,São Paulo
d6f2c62098e96859,cf3.cl,Tercera B - Norte,2026-10-10,21:00,Unión Compañías,Glorias Navales,Mun. ANFA de Tierras Blancas,Jornada 26,https://cf3.cl/torneo/tercera-b/grupo-norte/fecha/26,,2026-10-09T18:12:25,,
71c37490b1fea1b6,anfaterceradivision.cl/calendario,Tercera B - Norte,2026-10-10,21:00,Unión Compañías Coquimbo,Unión Glorias Navales Valparaíso,"10 Oct 2026, 21:00 Municipal Tierras Blancas",,https://anfaterceradivision.cl/assets/php/calendario.php,calendario.php,2026-10-09T18:12:25,,
14b9dba7b99fab0d,AFA,Argentina - Torneo Clausura,2026-10-10,21:30,River,Estudiantes (Río Cuarto),,Zona B,https://www.afa.com.ar/Sitio/posts/la-agenda-de-la-afa,,2026-10-09T18:15:50,Argentina,
ddaf2cdf62115a7b,AUF,Uruguay - Liga AUF Uruguaya,2026-10-10,21:30,M.C. Torque,Danubio,ESTADIO CHARRUA,Fecha 10,https://www.auf.org.uy/liga-auf-uruguaya/,,2026-10-02T17:48:58,Uruguay,
6133c6512666dd57,campeonatochileno.cl,Campeonato Nacional Juvenil Femenino Clausura,2026-10-10,3:00,Cobresal Juvenil Fem,Audax Italiano Juvenil Fem,,Fecha 11,https://www.campeonatochileno.cl/ligas/campeonato-nacional-juvenil-femenino-clausura/,,2026-07-14T13:55:28,,
1743e688e1e10712,campeonatochileno.cl,Liga de Ascenso Caixun,2026-10-10,3:00,Santiago Wanderers,Curicó Unido,Elías Figueroa Brander,Fecha 27,https://www.campeonatochileno.cl/ligas/liga-de-ascenso-caixun/,,2026-08-19T12:57:38,,
fb3a06f3bd027d44,campeonatochileno.cl,Liga de Primera Mercado Libre,2026-10-10,3:00,Cobresal,Universidad de Concepción,Estadio El Cobre,Fecha 24,https://www.campeonatochileno.cl/ligas/liga-de-primera-mercado-libre/,,2026-08-19T12:57:38,,
98b50bacff3cdb2c,campeonatochileno.cl,Liga de Ascenso Caixun,2026-10-10,5:30,Deportes Temuco,Club Deportes Santa Cruz,,Fecha 27,https://www.campeonatochileno.cl/ligas/liga-de-ascenso-caixun/,,2026-08-19T12:57:38,,
9d541d6f48c40eec,campeonatochileno.cl,Liga de Primera Mercado Libre,2026-10-10,5:30,Huachipato,O'Higgins,Estadio Huachipato,Fecha 24,https://www.campeonatochileno.cl/ligas/liga-de-primera-mercado-libre/,,2026-08-19T12:57:38,,
67bb7c0bbb98a886,campeonatochileno.cl,Liga de Primera Mercado Libre,2026-10-10,8:00,Universidad Católica,Audax Italiano,Claro Arena,Fecha 24,https://www.campeonatochileno.cl/ligas/liga-de-primera-mercado-libre/,,2026-08-19T12:57:38,,
790e1111eb0c13d7,FPF,Brasil - FPF - Paulista Sub-11 (SUB11),2026-10-11,09:00,Palmeiras,Porto Foot Ball,Academia de Futebol II do Palmeiras - Campo 02,Rodada 16,https://www.futebolpaulista.com.br/Competicoes/Tabela.aspx,status=Programado; pais=Brasil; estado=São Paulo; fonte=api_ashx; jogo_numero=578; grupo=17; fase=SEGUNDA FASE; suspencao=LIBERADO,2026-10-09T18:57:44,Brasil,Guarulhos
7229f5e944823653,FPF,Brasil - FPF - Paulista Sub-13 (SUB13),2026-10-11,09:00,AA Portuguesa,Guarani,Estádio Ulrico Mursa,Rodada 17,https://www.futebolpaulista.com.br/Competicoes/Tabela.aspx,status=Programado; pais=Brasil; estado=São Paulo; fonte=api_ashx; jogo_numero=635; grupo=29; fase=TERCEIRA FASE; suspencao=LIBERADO,2026-10-09T18:57:44,Brasil,Santos
b81fb99a6a432c88,FPF,Brasil - FPF - Paulista Sub-13 (SUB13),2026-10-11,09:00,Botafogo,Prata da Casa,CT Botafogo Academy,Rodada 17,https://www.futebolpaulista.com.br/Competicoes/Tabela.aspx,status=Programado; pais=Brasil; estado=São Paulo; fonte=api_ashx; jogo_numero=640; grupo=34; fase=TERCEIRA FASE; suspencao=LIBERADO,2026-10-09T18:57:44,Brasil,Jardinópolis
cba1fa97c111f7aa,FPF,Brasil - FPF - Paulista Sub-13 (SUB13),2026-10-11,09:00,Paulista,Corinthians,Estádio Dr. Jayme Pinheiro de Ulhoa Cintra,Rodada 17,https://www.futebolpaulista.com.br/Competicoes/Tabela.aspx,status=Programado; pais=Brasil; estado=São Paulo; fonte=api_ashx; jogo_numero=636; grupo=30; fase=TERCEIRA FASE; suspencao=LIBERADO,2026-10-09T18:57:44,Brasil,Jundiaí
aeca1509769d97c9,FPF,Brasil - FPF - Paulista Sub-13 (SUB13),2026-10-11,09:00,Red Bull Bragantino,Santos,CPD Red Bull Bragantino,Rodada 17,https://www.futebolpaulista.com.br/Competicoes/Tabela.aspx,status=Programado; pais=Brasil; estado=São Paulo; fonte=api_ashx; jogo_numero=637; grupo=31; fase=TERCEIRA FASE; suspencao=LIBERADO,2026-10-09T18:57:44,Brasil,Atibaia
b63ed3ecee6314e2,FPF,Brasil - FPF - Paulista Sub-13 (SUB13),2026-10-11,09:00,Referência FC,São Paulo,Estádio Municipal Hermínio Esposito,Rodada 17,https://www.futebolpaulista.com.br/Competicoes/Tabela.aspx,status=Programado; pais=Brasil; estado=São Paulo; fonte=api_ashx; jogo_numero=638; grupo=32; fase=TERCEIRA FASE; suspencao=LIBERADO,2026-10-09T18:57:44,Brasil,Embu das Artes
b0684b96181efb75,FPF,Brasil - FPF - Paulista Sub-13 (SUB13),2026-10-11,09:00,Rio Branco,I9 Futebol Clube,Estádio Décio Vitta,Rodada 17,https://www.futebolpaulista.com.br/Competicoes/Tabela.aspx,status=Programado; pais=Brasil; estado=São Paulo; fonte=api_ashx; jogo_numero=639; grupo=33; fase=TERCEIRA FASE; suspencao=LIBERADO,2026-10-09T18:57:44,Brasil,Americana
00fb9d09ce67cb28,campeonatochileno.cl,Campeonato Nacional Juvenil Femenino Clausura,2026-10-11,09:30,U. de Concepción Juvenil Fem,Huachipato Juvenil Fem,,Fecha 11,https://www.campeonatochileno.cl/ligas/campeonato-nacional-juvenil-femenino-clausura/,,2026-07-13T14:46:09,,
3556838dd8cf8ebe,FPF,Brasil - FPF - Copa Paulista (Profissional),2026-10-11,10:00,União São João,São José EC SAF,Estádio Dr. Hermínio Ometto,Rodada 13,https://www.futebolpaulista.com.br/Competicoes/Tabela.aspx,"status=Programado; pais=Brasil; estado=São Paulo; fonte=api_ashx; jogo_numero=69; grupo=15; fase=FINAL; canais=YouTube Paulistão, Metrópoles, Xsports, Ulisses TV, BR IN TV; suspencao=LIBERADO",2026-10-09T18:57:44,Brasil,Araras
c13ce63f5b898dc1,FPF,Brasil - FPF - Paulista Sub-20 - Série A (SUB20 - Série A),2026-10-11,10:00,Desportivo Brasil,São Paulo,Estádio Municipal Ernesto Rocco,Rodada 18,https://www.futebolpaulista.com.br/Competicoes/Tabela.aspx,status=Programado; pais=Brasil; estado=São Paulo; fonte=api_ashx; jogo_numero=339; grupo=26; fase=TERCEIRA FASE; canais=YouTube Ulisses TV; suspencao=LIBERADO,2026-10-09T18:57:44,Brasil,Porto Feliz
34beddc9e56bc69c,campeonatochileno.cl,Campeonato Juvenil Femenino,2026-10-11,10:00,U. de Concepción Juvenil Fem,Deportes Puerto Montt Juvenil Fem,,Fecha 14,https://www.campeonatochileno.cl/ligas/campeonato-juvenil-femenino/,,2026-10-08T18:41:51,,
2494937ac074e551,AUF,Uruguay - Liga AUF Uruguaya,2026-10-11,10:00,ESTADIO MUNICIPAL ARQ. ANTONIO UBILLA,Boston River,ALFREDO VICTOR VIERA,Fecha 10,https://www.auf.org.uy/liga-auf-uruguaya/,,2026-10-02T17:48:58,Uruguay,
b0f4dc03209944cb,FPF,Brasil - FPF - Paulista Sub-12 (SUB12),2026-10-11,10:30,Palmeiras,Porto Foot Ball,Academia de Futebol II do Palmeiras - Campo 02,Rodada 16,https://www.futebolpaulista.com.br/Competicoes/Tabela.aspx,status=Programado; pais=Brasil; estado=São Paulo; fonte=api_ashx; jogo_numero=578; grupo=17; fase=SEGUNDA FASE; suspencao=LIBERADO,2026-10-09T18:57:44,Brasil,Guarulhos
d6973a39a0eb6830,campeonatochileno.cl,Campeonato Juvenil Femenino,2026-10-11,10:30,O'Higgins Juvenil Fem,Palestino Juvenil Fem,,Fecha 3,https://www.campeonatochileno.cl/ligas/campeonato-juvenil-femenino/,,2026-10-09T18:12:25,,
06b5ab03425f7e8a,campeonatochileno.cl,Campeonato Juvenil Femenino,2026-10-11,10:30,Trasandino Juvenil fem,San Luis Juvenil Fem,Estadio Mario Inostroza,Fecha 5,https://www.campeonatochileno.cl/ligas/campeonato-juvenil-femenino/,,2026-10-09T18:12:25,,
239b98879eb4374d,FPF,Brasil - FPF - Paulista Sub-14 (SUB14),2026-10-11,10:40,Comercial RP,Guarani,Estádio Dr. Francisco de Palma Travassos,Rodada 17,https://www.futebolpaulista.com.br/Competicoes/Tabela.aspx,status=Programado; pais=Brasil; estado=São Paulo; fonte=api_ashx; jogo_numero=640; grupo=33; fase=TERCEIRA FASE; suspencao=LIBERADO,2026-10-09T18:57:44,Brasil,Ribeirão Preto
7e4e17de20fc233b,FPF,Brasil - FPF - Paulista Sub-14 (SUB14),2026-10-11,10:40,Cosmopolitano,Meia Noite SAF,Estádio Thelmo de Almeida,Rodada 17,https://www.futebolpaulista.com.br/Competicoes/Tabela.aspx,status=Programado; pais=Brasil; estado=São Paulo; fonte=api_ashx; jogo_numero=641; grupo=34; fase=TERCEIRA FASE; suspencao=LIBERADO,2026-10-09T18:57:44,Brasil,Cosmópolis
5d4bd77b7906f158,FPF,Brasil - FPF - Paulista Sub-14 (SUB14),2026-10-11,10:40,EC São Bernardo,Santos,Estádio do Taboão,Rodada 17,https://www.futebolpaulista.com.br/Competicoes/Tabela.aspx,status=Programado; pais=Brasil; estado=São Paulo; fonte=api_ashx; jogo_numero=638; grupo=31; fase=TERCEIRA FASE; suspencao=LIBERADO,2026-10-09T18:57:44,Brasil,São Bernardo do Campo
875b5f516ffd447e,FPF,Brasil - FPF - Paulista Sub-14 (SUB14),2026-10-11,10:40,Referência FC,Palmeiras,Estádio Municipal Hermínio Esposito,Rodada 17,https://www.futebolpaulista.com.br/Competicoes/Tabela.aspx,status=Programado; pais=Brasil; estado=São Paulo; fonte=api_ashx; jogo_numero=639; grupo=32; fase=TERCEIRA FASE; suspencao=LIBERADO,2026-10-09T18:57:44,Brasil,Embu das Artes
0d658cf0fe3a06f8,FPF,Brasil - FPF - Paulista Sub-14 (SUB14),2026-10-11,10:40,Sfera FC,Corinthians,Centro de Formação de Atletas Jarinu,Rodada 17,https://www.futebolpaulista.com.br/Competicoes/Tabela.aspx,status=Programado; pais=Brasil; estado=São Paulo; fonte=api_ashx; jogo_numero=637; grupo=30; fase=TERCEIRA FASE; suspencao=LIBERADO,2026-10-09T18:57:44,Brasil,Jarinu
130d4da776c39c4b,FPF,Brasil - FPF - Paulista F Sub-15 Petrobras (Amador),2026-10-11,11:00,Ferroviária,São Paulo,Estádio Municipal Dr. Ademar Pereira de Barros,Rodada 12,https://www.futebolpaulista.com.br/Competicoes/Tabela.aspx,"status=Programado; pais=Brasil; estado=São Paulo; fonte=api_ashx; jogo_numero=62; grupo=09; fase=FINAL; canais=TV Brasil, YouTube Paulistão; suspencao=LIBERADO",2026-10-09T18:57:44,Brasil,Araraquara
6b035b98c04e4c1e,campeonatochileno.cl,Campeonato Juvenil Femenino,2026-10-11,11:00,San Marcos de Arica Juvenil Fem,Deportes Copiapo Juvenil Fem,,Fecha 12,https://www.campeonatochileno.cl/ligas/campeonato-juvenil-femenino/,,2026-10-09T18:12:25,,
3998a1332d9cbf32,campeonatochileno.cl,Campeonato Nacional Juvenil Femenino Clausura,2026-10-11,11:00,Curicó Unido Juvenil Fem,Magallanes Juvenil Fem,,Fecha 11,https://www.campeonatochileno.cl/ligas/campeonato-nacional-juvenil-femenino-clausura/,,2026-07-14T13:55:28,,
3a7a9c94c9268aca,AUF,Uruguay - Liga AUF Uruguaya,2026-10-11,11:00,ESTADIO MUNICIPAL ARQ. ANTONIO UBILLA,Racing,PARQUE ARTIGAS,Fecha 10,https://www.auf.org.uy/liga-auf-uruguaya/,,2026-10-05T20:35:35,Uruguay,
6792a0141fd7c4e0,AUF,Uruguay - Liga AUF Uruguaya,2026-10-11,11:00,Juventud,Racing,PARQUE ARTIGAS,Fecha 10,https://www.auf.org.uy/liga-auf-uruguaya/,,2026-10-09T18:16:42,Uruguay,
22dc478b76e51de8,ESPN,Ecuador - LigaPro Serie A,2026-10-11,11:30,Universidad Católica (Quito),Macará,Estadio Banco Guayaquil,,,codigo_espn=401921352; status=Scheduled,2026-10-09T20:23:29,Ecuador,Quito
8fb237eb9789b75f,campeonatochileno.cl,Liga de Ascenso Caixun,2026-10-11,12:30,Deportes Antofagasta,San Marcos de Arica,Estadio Regional Calvo y Bascuñán,Fecha 27,https://www.campeonatochileno.cl/ligas/liga-de-ascenso-caixun/,,2026-10-09T18:12:25,,
582822911f5550ff,campeonatochileno.cl,Liga de Primera Mercado Libre,2026-10-11,12:30,Everton,Deportes La Serena,Sausalito,Fecha 24,https://www.campeonatochileno.cl/ligas/liga-de-primera-mercado-libre/,,2026-10-09T18:12:25,,
755245a670096ba2,FFERJ,Brasil - FFERJ - Competição não identificada,2026-10-11,13:00,Sampaio Corrêa F.E Ltda,E.C Nova Cidade,ESTÁDIO LOURIVAL GOMES DE ALMEIDA,,https://www.fferj.com.br/partidas/5955,codigo_fferj=5955; fonte_tag=FERJ,2026-10-05T21:16:30,Brasil,Rio de Janeiro
b0a403d9dfdd7616,ESPN,Peru - Liga 1,2026-10-11,13:00,UTC,Sporting Cristal,Estadio Héroes de San Ramón,,,codigo_espn=401886172; status=Scheduled,2026-10-09T21:00:56,Peru,Cajamarca
c24e9d8e2f0f340c,AUF,Uruguay - Segunda División Profesional,2026-10-11,13:00,Atenas de San Carlos,Miramar Misiones,ATENAS,Fecha 22,https://www.auf.org.uy/segunda-division-profesional/,,2026-10-09T18:16:42,Uruguay,
1cbe002525ec8f55,ESPN,Ecuador - LigaPro Serie A,2026-10-11,13:45,Orense,Deportivo Cuenca,Estadio 9 de Mayo,,,codigo_espn=401921384; status=Scheduled,2026-10-09T20:23:29,Ecuador,Machala
8560e07ea2db70a7,FPF,Brasil - FPF - Paulista Sub-13 (SUB13),2026-10-11,14:00,Grêmio Novorizontino,Cosmopolitano,Estádio Municipal Josué Quirino de Moraes,Rodada 17,https://www.futebolpaulista.com.br/Competicoes/Tabela.aspx,status=Programado; pais=Brasil; estado=São Paulo; fonte=api_ashx; jogo_numero=641; grupo=35; fase=TERCEIRA FASE; suspencao=LIBERADO,2026-10-09T18:57:44,Brasil,Novo Horizonte
850ce1af77cff60a,campeonatochileno.cl,Campeonato Nacional Juvenil Femenino Clausura,2026-10-11,14:00,Deportes Iquique Juvenil Fem,Cobreloa Juvenil Fem,,Fecha 11,https://www.campeonatochileno.cl/ligas/campeonato-nacional-juvenil-femenino-clausura/,,2026-07-13T14:46:09,,
72adcc909fbdee50,ESPN,Colombia - Copa BetPlay,2026-10-11,14:00,Independiente Santa Fe,Fortaleza CEIF,Municipal de Mosquera,,,codigo_espn=401913098; status=Scheduled,2026-10-09T19:09:49,Colombia,Mosquera
b3cf23475765c3b9,AFA,Argentina - Torneo Clausura,2026-10-11,14:45,San Lorenzo,Deportivo Riestra,,Zona A,https://www.afa.com.ar/Sitio/posts/la-agenda-de-la-afa,,2026-10-09T18:15:50,Argentina,
a247101dda10b760,AFA,Argentina - Primera B,2026-10-11,15:00,Argentino de Merlo,Sportivo Italiano,,,https://www.afa.com.ar/Sitio/posts/la-agenda-de-la-afa,,2026-10-09T18:15:50,Argentina,
ff38a790d6bbd375,AFA,Argentina - Primera Nacional,2026-10-11,15:00,Atlanta,San Martín (Tucumán),,,https://www.afa.com.ar/Sitio/posts/la-agenda-de-la-afa,,2026-10-09T18:15:50,Argentina,
a7d473acc366d3ad,AFA,Argentina - Primera Nacional,2026-10-11,15:00,Deportivo Madryn,Chaco For Ever,,,https://www.afa.com.ar/Sitio/posts/la-agenda-de-la-afa,,2026-10-09T18:15:50,Argentina,
a20c00643ff81371,ESPN,Bolivia - Liga Profesional Boliviana,2026-10-11,15:00,Real Potosí,The Strongest,Estadio Víctor Agustín Ugarte,,,codigo_espn=401906470; status=Scheduled,2026-10-09T19:58:11,Bolivia,Potosí
6082b4bcadfdb060,FFERJ,Brasil - FFERJ - Competição não identificada,2026-10-11,15:00,Paduano E.C,Cig 7 de Abril,ESTÁDIO WALDO CARNEIRO,,https://www.fferj.com.br/partidas/6135,codigo_fferj=6135; fonte_tag=FERJ,2026-10-05T21:16:30,Brasil,Rio de Janeiro
6ca997859d4bc918,FFERJ,Brasil - FFERJ - Competição não identificada,2026-10-11,15:00,SANTA CRUZ FC,Barra Mansa F.C,ESTÁDIO LEÃO DO SUL,,https://www.fferj.com.br/partidas/6133,codigo_fferj=6133; fonte_tag=FERJ,2026-10-05T21:16:30,Brasil,Rio de Janeiro
1ccf4393a1b24fb8,FFERJ,Brasil - FFERJ - Competição não identificada,2026-10-11,15:00,Sampaio Corrêa F.E Ltda,E.C Nova Cidade,ESTÁDIO LOURIVAL GOMES DE ALMEIDA,,https://www.fferj.com.br/partidas/5961,codigo_fferj=5961; fonte_tag=FERJ,2026-10-05T21:16:30,Brasil,Rio de Janeiro
f7f8e32890b9872a,FPF,Brasil - FPF - Amador do Estado,2026-10-11,15:00,Mocidade FC (MAU),EC Azulão (MGC),Estádio Municipal Pedro Benedetti,Rodada 1,https://www.futebolpaulista.com.br/Competicoes/Tabela.aspx,status=Programado; pais=Brasil; estado=São Paulo; fonte=api_ashx; jogo_numero=6; suspencao=LIBERADO,2026-10-09T18:57:44,Brasil,Mauá
3f64742c4e4a67b5,FPF,Brasil - FPF - Paulista Sub-13 (SUB13),2026-10-11,15:00,José Bonifácio,Palmeiras,Estádio Municipal Antonio Pereira Braga,Rodada 17,https://www.futebolpaulista.com.br/Competicoes/Tabela.aspx,status=Programado; pais=Brasil; estado=São Paulo; fonte=api_ashx; jogo_numero=642; grupo=28; fase=TERCEIRA FASE; suspencao=LIBERADO,2026-10-09T18:57:44,Brasil,José Bonifácio
0e8a72028e345434,campeonatochileno.cl,Campeonato Nacional Juvenil Femenino Clausura,2026-10-11,15:00,Universidad Católica Juvenil Fem,Santiago Morning Juvenil Fem,,Fecha 11,https://www.campeonatochileno.cl/ligas/campeonato-nacional-juvenil-femenino-clausura/,,2026-07-13T14:46:09,,
33dd39e268ef48d4,FGF,Gauchão Série A2 2026,2026-10-11,15:00,PFU,BFA,RazaoInfo Vermelhão da Serra,Quartas de Final,https://fgf.com.br/competicoes/profissional/24,,2026-09-29T19:14:09,Brasil,
bfb8bf20625ec98e,FGF,Gauchão Série A2 2026,2026-10-11,15:00,STA,APF,Plátanos,Quartas de Final,https://fgf.com.br/competicoes/profissional/24,,2026-09-29T19:14:09,Brasil,
7c84e868be1f1681,FGF,Gauchão Série A2 2026,2026-10-11,15:00,VEC,UNI,Antônio David Farina,Quartas de Final,https://fgf.com.br/competicoes/profissional/24,,2026-10-09T19:22:44,Brasil,
31917ba3adbff2e1,campeonatochileno.cl,Liga de Ascenso Caixun,2026-10-11,15:00,Deportes Copiapó,Cobreloa,,Fecha 27,https://www.campeonatochileno.cl/ligas/liga-de-ascenso-caixun/,,2026-10-09T18:12:25,,
6071182ae9400bb5,campeonatochileno.cl,Liga de Primera Mercado Libre,2026-10-11,15:00,Coquimbo Unido,Colo Colo,Estadio Municipal Francisco Sánchez Rumoroso,Fecha 24,https://www.campeonatochileno.cl/ligas/liga-de-primera-mercado-libre/,,2026-10-09T18:12:25,,
fa02a0e147a4caca,AUF,Uruguay - Liga AUF Uruguaya,2026-10-11,15:00,Cerro Largo,Albion,ESTADIO MUNICIPAL ARQ. ANTONIO UBILLA,Fecha 10,https://www.auf.org.uy/liga-auf-uruguaya/,,2026-10-09T18:16:42,Uruguay,
f32520cdf69d4eb9,AFA,Argentina - Primera Nacional,2026-10-11,15:30,Almirante Brown,San Miguel,,,https://www.afa.com.ar/Sitio/posts/la-agenda-de-la-afa,,2026-10-09T18:15:50,Argentina,
e32453035b9ce51c,AFA,Argentina - Primera Nacional,2026-10-11,15:30,Defensores de Belgrano,Acassuso,,,https://www.afa.com.ar/Sitio/posts/la-agenda-de-la-afa,,2026-10-09T18:15:50,Argentina,
6de366e04e689da2,AFA,Argentina - Primera Nacional,2026-10-11,15:30,Estudiantes,Deportivo Morón,,,https://www.afa.com.ar/Sitio/posts/la-agenda-de-la-afa,,2026-10-09T18:15:50,Argentina,
8d05417c3d898421,AFA,Argentina - Torneo Federal A,2026-10-11,15:30,Cipolletti,"Alvarado, de Mar del Plata",,,https://www.afa.com.ar/Sitio/posts/la-agenda-de-la-afa,,2026-10-09T18:15:50,Argentina,
22cc4cca5533e11a,FGF,Brasil - FGF - Campeonato Goiano de Profissionais da 3ª Divisão / 2026,2026-10-11,15:30,Novo Horizonte,Associacao Atletica Rioverdense,Durval Ferreira Franco,1ª Rodada,https://www.fgf.esp.br/pt/competicoes/jogo.php?id=1830&jogo=58141,status=Programado; pais=Brasil; estado=Goiás; fonte=api_ajax,2026-10-09T18:00:23,Brasil,
1f29b5876babfd28,FGF,Brasil - FGF - Campeonato Goiano de Profissionais da 3ª Divisão / 2026,2026-10-11,15:30,Royal,Itumbiara,Zico Brandão,1ª Rodada,https://www.fgf.esp.br/pt/competicoes/jogo.php?id=1830&jogo=58140,status=Programado; pais=Brasil; estado=Goiás; fonte=api_ajax,2026-10-09T18:00:23,Brasil,
7183ccc75395a13b,FGF,Brasil - FGF - Campeonato Goiano de Profissionais da Divisão de Acesso (2ª Divisão) / 2026,2026-10-11,15:30,Goiania E.c. S.a.f.,Mec,Anibal Batista de Toledo,18ª Rodada,https://www.fgf.esp.br/pt/competicoes/jogo.php?id=1756&jogo=55358,status=Programado; pais=Brasil; estado=Goiás; fonte=api_ajax,2026-10-09T18:00:23,Brasil,
0c90966b7f59bd11,ESPN,Peru - Liga 1,2026-10-11,15:30,Sport Boys,Alianza Atlético,Estadio Miguel Grau del Callao,,,codigo_espn=401886180; status=Scheduled,2026-10-09T21:00:56,Peru,Callao
58e5fd09c3a6465a,FPF,Brasil - FPF - Paulista Sub-14 (SUB14),2026-10-11,15:40,Grêmio Novorizontino,Red Bull Bragantino,Estádio Municipal Josué Quirino de Moraes,Rodada 17,https://www.futebolpaulista.com.br/Competicoes/Tabela.aspx,status=Programado; pais=Brasil; estado=São Paulo; fonte=api_ashx; jogo_numero=642; grupo=35; fase=TERCEIRA FASE; suspencao=LIBERADO,2026-10-09T18:57:44,Brasil,Novo Horizonte
8670e35f1eb7fd87,AFA,Argentina - Primera Nacional,2026-10-11,16:00,Gimnasia y Esgrima (J),Gimnasia y Tiro (S),,,https://www.afa.com.ar/Sitio/posts/la-agenda-de-la-afa,,2026-10-09T18:15:50,Argentina,
ae799615f64cfbb9,AFA,Argentina - Primera Nacional,2026-10-11,16:00,Patronato,Güemes (Santiago del Estero),,,https://www.afa.com.ar/Sitio/posts/la-agenda-de-la-afa,,2026-10-09T18:15:50,Argentina,
078e9e6de5df3f7b,AFA,Argentina - Primera Nacional,2026-10-11,16:00,Temperley,Nueva Chicago,,,https://www.afa.com.ar/Sitio/posts/la-agenda-de-la-afa,,2026-10-09T18:15:50,Argentina,
2d7edebc9975a2e9,AFA,Argentina - Torneo Federal A,2026-10-11,16:00,Olimpo,"San Martín, de Formosa",,,https://www.afa.com.ar/Sitio/posts/la-agenda-de-la-afa,,2026-10-09T18:15:50,Argentina,
ecb79adfd048ad10,FGF,Brasil - FGF - Campeonato Goiano de Profissionais da 3ª Divisão / 2026,2026-10-11,16:00,Royal,Itumbiara,Jonas Duarte,1ª Rodada,https://www.fgf.esp.br/pt/competicoes/jogo.php?id=1830&jogo=58140,status=Programado; pais=Brasil; estado=Goiás; fonte=api_ajax,2026-09-25T16:32:13,Brasil,
2fbb2dfde6f18366,FGF,Brasil - FGF - Campeonato Goiano de Profissionais da Divisão de Acesso (2ª Divisão) / 2026,2026-10-11,16:00,Goianesia,Bom Jesus,Waldeir José de Oliveira,18ª Rodada,https://www.fgf.esp.br/pt/competicoes/jogo.php?id=1756&jogo=55355,status=Programado; pais=Brasil; estado=Goiás; fonte=api_ajax,2026-10-09T18:00:23,Brasil,
5f25840ebce76dcf,FGF,Brasil - FGF - Campeonato Goiano de Profissionais da Divisão de Acesso (2ª Divisão) / 2026,2026-10-11,16:00,Goiania E.c. S.a.f.,Mec,Anibal Batista de Toledo,18ª Rodada,https://www.fgf.esp.br/pt/competicoes/jogo.php?id=1756&jogo=55358,status=Programado; pais=Brasil; estado=Goiás; fonte=api_ajax,2026-10-08T18:27:04,Brasil,
20bdd5435e155816,FGF,Brasil - FGF - Campeonato Goiano de Profissionais da Divisão de Acesso (2ª Divisão) / 2026,2026-10-11,16:00,Morrinhos,Gremio Anapolis Saf,João Vilela,18ª Rodada,https://www.fgf.esp.br/pt/competicoes/jogo.php?id=1756&jogo=55356,status=Programado; pais=Brasil; estado=Goiás; fonte=api_ajax,2026-10-09T18:00:23,Brasil,
3497de882252ea19,FGF,Brasil - FGF - Campeonato Goiano de Profissionais da Divisão de Acesso (2ª Divisão) / 2026,2026-10-11,16:00,Rio Verde,Crixas,Mozart Veloso do Carmo,18ª Rodada,https://www.fgf.esp.br/pt/competicoes/jogo.php?id=1756&jogo=55359,status=Programado; pais=Brasil; estado=Goiás; fonte=api_ajax,2026-08-11T13:00:05,Brasil,
3687dbfd407be9fb,FGF,Brasil - FGF - Campeonato Goiano de Profissionais da Divisão de Acesso (2ª Divisão) / 2026,2026-10-11,16:00,Rio Verde,São Luis AC,Mozart Veloso do Carmo,18ª Rodada,https://www.fgf.esp.br/pt/competicoes/jogo.php?id=1756&jogo=55359,status=Programado; pais=Brasil; estado=Goiás; fonte=api_ajax,2026-10-09T18:00:23,Brasil,
d66eafd7175f39fe,FGF,Brasil - FGF - Campeonato Goiano de Profissionais da Divisão de Acesso (2ª Divisão) / 2026,2026-10-11,16:00,Trindade,Tupy de Jussara,Abrão Manoel da Costa,18ª Rodada,https://www.fgf.esp.br/pt/competicoes/jogo.php?id=1756&jogo=55357,status=Programado; pais=Brasil; estado=Goiás; fonte=api_ajax,2026-10-07T18:27:37,Brasil,
c8b67a78d72f3cbc,CBF,Brasil - Série A,2026-10-11,16:00,Atlético (MG),Santos (SP),Arena MRV,Rodada 30,https://stcbfsiteprdimgbrs.blob.core.windows.net/img-site/cdn/Tabela_Detalhada_BSA_2026_09_10_e4440cfd8e.pdf,pais=Brasil; cidade=Belo Horizonte,2026-10-10T09:45:06,,Belo Horizonte
f6defbfaf07f527c,CBF,Brasil - Série B,2026-10-11,16:00,Juventude (RS),São Bernardo FC (SP),Alfredo Jaconi,Rodada 33,https://stcbfsiteprdimgbrs.blob.core.windows.net/img-site/cdn/Tabela_Detalhada_Brasileiro_Serie_B_2026_09_10_25ec926739.pdf,pais=Brasil; cidade=Caxias do Sul,2026-10-10T09:45:06,,Caxias do Sul
c1706e1926efcae6,campeonatochileno.cl,Liga de Segunda Panini,2026-10-11,16:00,Deportes Rengo,Atlético Colina,Estadio Municipal de Rengo,Fecha 8,https://www.campeonatochileno.cl/ligas/segunda-la-liga-2d/,,2026-10-09T18:12:25,,
fb399e790cf981ed,campeonatochileno.cl,Liga de Segunda Panini,2026-10-11,16:00,Santiago Morning,Real San Joaquín,Estadio Municipal de La Pintana,Fecha 8,https://www.campeonatochileno.cl/ligas/segunda-la-liga-2d/,,2026-10-09T18:12:25,,
185fb82a9821fe4b,AUF,Uruguay - Segunda División Profesional,2026-10-11,16:00,La Luz,Plaza Colonia,COMPLEJO RENTISTAS,Fecha 22,https://www.auf.org.uy/segunda-division-profesional/,,2026-10-09T18:16:42,Uruguay,
d8e7922b02e246a9,ESPN,Venezuela - Liga FUTVE (Primera División),2026-10-11,16:00,Anzoátegui FC,Carabobo,Estadio Olímpico General José Antonio Anzoátegui,,,codigo_espn=401903442; status=Scheduled,2026-10-09T20:06:06,Venezuela,Puerto La Cruz
aebb2156fe64fbb8,ESPN,Venezuela - Liga FUTVE (Primera División),2026-10-11,16:00,Trujillanos,Academia Puerto Cabello,Estadio José Alberto Pérez,,,codigo_espn=401903438; status=Scheduled,2026-10-09T20:06:06,Venezuela,Valera
ecb7248a91395c3e,ESPN,Colombia - Liga BetPlay,2026-10-11,16:05,Jaguares de Córdoba,Deportes Tolima,Estadio Jaraguay (Municipal de Montería),,,codigo_espn=401877884; status=Scheduled,2026-10-09T19:09:49,Colombia,Montería
49690258f9f2c4e5,CBF,Brasil - Série B,2026-10-11,16:10,Atlético (GO),Sport (PE),Antônio Accioly,Rodada 33,https://stcbfsiteprdimgbrs.blob.core.windows.net/img-site/cdn/Tabela_Detalhada_Brasileiro_Serie_B_2026_09_10_25ec926739.pdf,pais=Brasil; cidade=Goiânia,2026-10-10T09:45:06,,Goiânia
ab4eb01f6efcc532,ESPN,Ecuador - LigaPro Serie A,2026-10-11,16:30,Liga de Quito,Barcelona SC,Rodrigo Paz Delgado,,,codigo_espn=401921350; status=Scheduled,2026-10-09T20:23:29,Ecuador,Quito
b7ee6778fbd7bbb6,AFA,Argentina - Primera Nacional,2026-10-11,17:00,Central Norte,Ferro Carril Oeste,,,https://www.afa.com.ar/Sitio/posts/la-agenda-de-la-afa,,2026-10-09T18:15:50,Argentina,
4e22ce608de232f2,AFA,Argentina - Primera Nacional,2026-10-11,17:00,Deportivo Maipú,San Martín (San Juan),,,https://www.afa.com.ar/Sitio/posts/la-agenda-de-la-afa,,2026-10-09T18:15:50,Argentina,
84f8ba5c8feba152,AFA,Argentina - Primera Nacional,2026-10-11,17:00,Mitre (Santiago del Estero),Colón,,,https://www.afa.com.ar/Sitio/posts/la-agenda-de-la-afa,,2026-10-09T18:15:50,Argentina,
fc78ccdaf6aeabbd,AFA,Argentina - Torneo Clausura,2026-10-11,17:00,Platense,Argentinos,,Interzonal,https://www.afa.com.ar/Sitio/posts/la-agenda-de-la-afa,,2026-10-09T18:15:50,Argentina,
af72fe24a9a64502,AFA,Argentina - Torneo Clausura,2026-10-11,17:00,Rosario Central,Ind. Rivadavia Mza.,,Zona B,https://www.afa.com.ar/Sitio/posts/la-agenda-de-la-afa,,2026-10-09T18:15:50,Argentina,
5dcf2bc40e10aa26,campeonatochileno.cl,Liga de Segunda Panini,2026-10-11,17:00,General Velásquez,Lota Schwager,Estadio Augusto Rodríguez de San Vicente de Tagua Tagua,Fecha 8,https://www.campeonatochileno.cl/ligas/segunda-la-liga-2d/,,2026-10-09T18:12:25,,
68521505ca0ca3c8,APF,Paraguay - APF - Copa de Primera,2026-10-11,17:00,Club Rubio Ñú,Club Olimpia,Estadio La Arboleda,Jornada 14,https://www.apf.org.py/partidos/temporada-2026-paraguay-primera-division-clausura-14-rubio-nu-vs-olimpia-902,status=PreMatch; status_nome=Previo,2026-10-09T17:36:22,Paraguay,
5e27bc51245e938f,ESPN,Bolivia - Liga Profesional Boliviana,2026-10-11,17:15,Aurora,Nacional Potosí,Estadio Félix Capriles,,,codigo_espn=401906469; status=Scheduled,2026-10-09T19:58:11,Bolivia,Cochabamba
6d157a89e8d50e3b,CBF,Brasil - Série A,2026-10-11,17:30,Flamengo (RJ),Fluminense (RJ),Maracanã,Rodada 30,https://stcbfsiteprdimgbrs.blob.core.windows.net/img-site/cdn/Tabela_Detalhada_BSA_2026_09_10_e4440cfd8e.pdf,pais=Brasil; cidade=Rio de Janeiro,2026-10-10T09:45:06,,Rio de Janeiro
11edd59b44e00b0d,CBF,Brasil - Série A,2026-10-11,17:30,Grêmio (RS),Internacional (RS),Arena do Grêmio,Rodada 30,https://stcbfsiteprdimgbrs.blob.core.windows.net/img-site/cdn/Tabela_Detalhada_BSA_2026_09_10_e4440cfd8e.pdf,pais=Brasil; cidade=Porto Alegre,2026-10-10T09:45:06,,Porto Alegre
c71d0f60a9ba487c,CBF,Brasil - Série A,2026-10-11,17:30,Palmeiras (SP),Corinthians (SP),Nubank Parque,Rodada 30,https://stcbfsiteprdimgbrs.blob.core.windows.net/img-site/cdn/Tabela_Detalhada_BSA_2026_09_10_e4440cfd8e.pdf,pais=Brasil; cidade=São Paulo,2026-10-10T09:45:06,,São Paulo
564ef4f16780fa8e,CBF,Brasil - Série B,2026-10-11,17:30,Náutico (PE),Vila Nova (GO),Aflitos,Rodada 33,https://stcbfsiteprdimgbrs.blob.core.windows.net/img-site/cdn/Tabela_Detalhada_Brasileiro_Serie_B_2026_09_10_25ec926739.pdf,pais=Brasil; cidade=Recife,2026-10-10T09:45:06,,Recife
ae34064f75a8d140,campeonatochileno.cl,Liga de Primera Mercado Libre,2026-10-11,17:30,Deportes Concepción,Unión La Calera,Ester Roa Rebolledo,Fecha 24,https://www.campeonatochileno.cl/ligas/liga-de-primera-mercado-libre/,,2026-10-09T18:12:25,,
624bea5357703a94,ESPN,Venezuela - Liga FUTVE (Primera División),2026-10-11,17:30,Caracas FC,Zamora FC,Estadio Olímpico de la UCV,,,codigo_espn=401903441; status=Scheduled,2026-10-09T20:06:06,Venezuela,Caracas
3ec0ff45d2921d7d,ESPN,Venezuela - Liga FUTVE (Primera División),2026-10-11,18:00,Monagas SC,Estudiantes de Mérida,Estadio Monumental de Maturín,,,codigo_espn=401903437; status=Scheduled,2026-10-09T20:06:06,Venezuela,Maturin
d834c8af4f564a01,ESPN,Colombia - Liga BetPlay,2026-10-11,18:10,Boyacá Chicó FC,Cúcuta Deportivo,La Independencia,,,codigo_espn=401878056; status=Scheduled,2026-10-09T19:09:49,Colombia,Tunja
53a2714b907692ba,CBF,Brasil - Série B,2026-10-11,18:30,Cuiabá (MT),Avaí (SC),Arena Pantanal,Rodada 33,https://stcbfsiteprdimgbrs.blob.core.windows.net/img-site/cdn/Tabela_Detalhada_Brasileiro_Serie_B_2026_09_10_25ec926739.pdf,pais=Brasil; cidade=Cuiabá,2026-10-10T09:45:06,,Cuiabá
2236777b0ce19a80,CBF,Brasil - Série B,2026-10-11,18:30,Operário (PR),Goiás (GO),Germano Kruger,Rodada 33,https://stcbfsiteprdimgbrs.blob.core.windows.net/img-site/cdn/Tabela_Detalhada_Brasileiro_Serie_B_2026_09_10_25ec926739.pdf,pais=Brasil; cidade=Ponta Grossa,2026-10-10T09:45:06,,Ponta Grossa
cf54e210e51c8b21,ESPN,Peru - Liga 1,2026-10-11,18:30,Cusco FC,Alianza Lima,Estadio Inca Garcilaso de la Vega,,,codigo_espn=401886174; status=Scheduled,2026-10-09T21:00:56,Peru,Cusco
eccf72a0fd92f809,AUF,Uruguay - Liga AUF Uruguaya,2026-10-11,18:30,Central Español,Nacional,ESTADIO CENTENARIO,Fecha 10,https://www.auf.org.uy/liga-auf-uruguaya/,,2026-10-09T18:16:42,Uruguay,
ae0009dbd3ca3f11,AUF,Uruguay - Segunda División Profesional,2026-10-11,19:00,Huracán FC,Fénix,PARQUE PALERMO,Fecha 22,https://www.auf.org.uy/segunda-division-profesional/,,2026-10-09T18:16:42,Uruguay,
9696ce6c6e916754,AFA,Argentina - Torneo Clausura,2026-10-11,19:15,Racing,Belgrano,,Zona B,https://www.afa.com.ar/Sitio/posts/la-agenda-de-la-afa,,2026-10-09T18:15:50,Argentina,
97106a331f0ff99f,APF,Paraguay - APF - Copa de Primera,2026-10-11,19:20,Club Libertad,Club Guaraní,Estadio Tigo La Huerta,Jornada 14,https://www.apf.org.py/partidos/temporada-2026-paraguay-primera-division-clausura-14-libertad-vs-guarani-900,status=PreMatch; status_nome=Previo,2026-10-09T17:36:22,Paraguay,
163a57f41511ffa2,AFA,Argentina - Primera Nacional,2026-10-11,19:30,Ciudad de Bolívar,San Telmo,,,https://www.afa.com.ar/Sitio/posts/la-agenda-de-la-afa,,2026-10-09T18:15:50,Argentina,
d15272366e04919e,ESPN,Bolivia - Liga Profesional Boliviana,2026-10-11,19:30,Bolívar,Blooming,Estadio Hernando Siles,,,codigo_espn=401906308; status=Scheduled,2026-10-09T19:58:11,Bolivia,La Paz
f4ca10d8a45c2768,CBF,Brasil - Série A,2026-10-11,19:30,Bahia (BA),Mirassol (SP),Arena Fonte Nova,Rodada 30,https://stcbfsiteprdimgbrs.blob.core.windows.net/img-site/cdn/Tabela_Detalhada_BSA_2026_09_10_e4440cfd8e.pdf,pais=Brasil; cidade=Salvador,2026-10-10T09:45:06,,Salvador
e576afa8932f5e97,CBF,Brasil - Série A,2026-10-11,19:30,Coritiba (PR),Botafogo (RJ),Couto Pereira,Rodada 30,https://stcbfsiteprdimgbrs.blob.core.windows.net/img-site/cdn/Tabela_Detalhada_BSA_2026_21_09_726a342d34.pdf,pais=Brasil; cidade=Curitiba,2026-09-22T16:48:57,,Curitiba
58274f4423f3863d,campeonatochileno.cl,Liga de Primera Mercado Libre,2026-10-11,20:00,Deportes Limache,Palestino,Municipal Lucio Fariña Fernández,Fecha 24,https://www.campeonatochileno.cl/ligas/liga-de-primera-mercado-libre/,,2026-10-09T18:12:25,,
3623a0603e3e1094,campeonatochileno.cl,Liga de Segunda Panini,2026-10-11,20:00,Deportes Linares,Trasandino,Estadio Tucapel Bustamante de Linares,Fecha 8,https://www.campeonatochileno.cl/ligas/segunda-la-liga-2d/,,2026-10-07T18:43:10,,
1c9959fc9a564b2e,ESPN,Colombia - Liga BetPlay,2026-10-11,20:15,América de Cali,Independiente Medellín,Pascual Guerrero,,,codigo_espn=401877915; status=Scheduled,2026-10-09T19:09:49,Colombia,Cali
bf690f708475918b,AFA,Argentina - Torneo Clausura,2026-10-11,21:30,Talleres,Independiente,,Zona A,https://www.afa.com.ar/Sitio/posts/la-agenda-de-la-afa,,2026-10-09T18:15:50,Argentina,
b4cef892628e4ef9,campeonatochileno.cl,Campeonato Nacional Juvenil Femenino Clausura,2026-10-11,2:00,Deportes Iquique Juvenil Fem,Cobreloa Juvenil Fem,,Fecha 11,https://www.campeonatochileno.cl/ligas/campeonato-nacional-juvenil-femenino-clausura/,,2026-07-14T13:55:28,,
0e1990b7b6a41349,campeonatochileno.cl,Campeonato Nacional Juvenil Femenino Clausura,2026-10-11,3:00,Universidad Católica Juvenil Fem,Santiago Morning Juvenil Fem,,Fecha 11,https://www.campeonatochileno.cl/ligas/campeonato-nacional-juvenil-femenino-clausura/,,2026-07-14T13:55:28,,
d44c319d42ba9a2d,campeonatochileno.cl,Liga de Ascenso Caixun,2026-10-11,3:00,Deportes Copiapó,Cobreloa,,Fecha 27,https://www.campeonatochileno.cl/ligas/liga-de-ascenso-caixun/,,2026-08-19T12:57:38,,
c7c255c42dfa556b,campeonatochileno.cl,Liga de Primera Mercado Libre,2026-10-11,3:00,Coquimbo Unido,Colo Colo,Estadio Municipal Francisco Sánchez Rumoroso,Fecha 24,https://www.campeonatochileno.cl/ligas/liga-de-primera-mercado-libre/,,2026-08-19T12:57:38,,
b4dd507bb7389734,campeonatochileno.cl,Liga de Primera Mercado Libre,2026-10-11,5:30,Deportes Concepción,Unión La Calera,Ester Roa Rebolledo,Fecha 24,https://www.campeonatochileno.cl/ligas/liga-de-primera-mercado-libre/,,2026-08-19T12:57:38,,
7870fcc5d073c769,campeonatochileno.cl,Liga de Primera Mercado Libre,2026-10-11,8:00,Deportes Limache,Palestino,Municipal Lucio Fariña Fernández,Fecha 24,https://www.campeonatochileno.cl/ligas/liga-de-primera-mercado-libre/,,2026-08-19T12:57:38,,
35f39f11c26f732d,campeonatochileno.cl,Campeonato Nacional Juvenil Femenino Clausura,2026-10-11,9:30,U. de Concepción Juvenil Fem,Huachipato Juvenil Fem,,Fecha 11,https://www.campeonatochileno.cl/ligas/campeonato-nacional-juvenil-femenino-clausura/,,2026-07-14T13:55:28,,
fa584bc4e20ccfd0,campeonatochileno.cl,Campeonato Nacional Juvenil Femenino Clausura,2026-10-12,09:00,Deportes Antofagasta Juvenil Fem,Deportes Copiapo Juvenil Fem,Estadio Regional Calvo y Bascuñan – Cancha 5,Fecha 11,https://www.campeonatochileno.cl/ligas/campeonato-nacional-juvenil-femenino-clausura/,,2026-07-13T14:46:09,,
d9b90e78c7830069,FGF,Brasil - FGF - Campeonato Goiano de Profissionais da 3ª Divisão / 2026,2026-10-12,10:00,Atlético Itumbiara,Real Clube,Jk,1ª Rodada,https://www.fgf.esp.br/pt/competicoes/jogo.php?id=1830&jogo=58139,status=Programado; pais=Brasil; estado=Goiás; fonte=api_ajax,2026-10-09T18:00:23,Brasil,
fadf068181221be8,FMF,Brasil - FMF - FEMININO SUB-17 - 2026,2026-10-12,10:00,SERRANENSE,ARAGUARI,Estádio Alexandre Floreal Rocha Tolentino - Bela Vista,RODADA 3,https://www.fmf.com.br/Competicoes/ProxJogos.aspx?d=36,pais=Brasil; estado=Minas Gerais; codigo_fmf=36; placar_original=X; jogo_numero=7; cidade=Claudio,2026-09-28T20:17:21,Brasil,Claudio
3bea0acbfd0d89bf,campeonatochileno.cl,Campeonato Nacional Juvenil Femenino Clausura,2026-10-12,10:00,Everton Juvenil Fem,Coquimbo Unido Juvenil Fem,,Fecha 11,https://www.campeonatochileno.cl/ligas/campeonato-nacional-juvenil-femenino-clausura/,,2026-07-14T13:55:28,,
2b14b18ffb737fdc,FFERJ,Brasil - FFERJ - Competição não identificada,2026-10-12,11:00,S.A.F Botafogo,Fluminense F.C,ESTÁDIO ESTÁDIO OLÍMPICO NILTON SANTOS ANEXO,,https://www.fferj.com.br/partidas/6047,codigo_fferj=6047; fonte_tag=FERJ,2026-10-05T21:16:30,Brasil,Rio de Janeiro
6f06d7f5a96a0b76,campeonatochileno.cl,Campeonato Nacional Juvenil Femenino Clausura,2026-10-12,12:30,Unión Araucanía Juvenil Fem,Ñublense Juvenil Fem,Estadio Venecia,Fecha 11,https://www.campeonatochileno.cl/ligas/campeonato-nacional-juvenil-femenino-clausura/,,2026-07-14T13:55:28,,
ae44a9417770c4a6,campeonatochileno.cl,Liga de Ascenso Caixun,2026-10-12,12:30,Deportes Puerto Montt,San Luis,Estadio Chinquihue de Puerto Montt,Fecha 27,https://www.campeonatochileno.cl/ligas/liga-de-ascenso-caixun/,,2026-10-09T18:12:25,,
1213aa923beda63f,AFA,Argentina - Primera B,2026-10-12,15:00,Brown (Adrogué),Sportivo Dock Sud,,,https://www.afa.com.ar/Sitio/posts/la-agenda-de-la-afa,,2026-10-09T18:15:50,Argentina,
54bf5aa88bb7f659,AFA,Argentina - Primera B,2026-10-12,15:00,UAI Urquiza,Real Pilar,,,https://www.afa.com.ar/Sitio/posts/la-agenda-de-la-afa,,2026-10-09T18:15:50,Argentina,
1655ddcd296e673b,AFA,Argentina - Primera C,2026-10-12,15:00,Argentino de Rosario,Sacachispas,,,https://www.afa.com.ar/Sitio/posts/la-agenda-de-la-afa,,2026-10-09T18:15:50,Argentina,
57c7f548ea783418,AFA,Argentina - Primera C,2026-10-12,15:00,Atlas,El Porvenir,,,https://www.afa.com.ar/Sitio/posts/la-agenda-de-la-afa,,2026-10-09T18:15:50,Argentina,
04f21c6c283955b6,AFA,Argentina - Primera C,2026-10-12,15:00,Berazategui,Defensores de Cambaceres,,,https://www.afa.com.ar/Sitio/posts/la-agenda-de-la-afa,,2026-10-09T18:15:50,Argentina,
6217275ccb686f89,AFA,Argentina - Primera C,2026-10-12,15:00,Cañuelas,Central Ballester,,,https://www.afa.com.ar/Sitio/posts/la-agenda-de-la-afa,,2026-10-09T18:15:50,Argentina,
9fb96b382900a0a0,AFA,Argentina - Primera C,2026-10-12,15:00,Centro Recreativo Español,Puerto Nuevo,,,https://www.afa.com.ar/Sitio/posts/la-agenda-de-la-afa,,2026-10-09T18:15:50,Argentina,
e27c46421e5216b0,AFA,Argentina - Primera C,2026-10-12,15:00,Deportivo Español,Central Córdoba (Rosario),,,https://www.afa.com.ar/Sitio/posts/la-agenda-de-la-afa,,2026-10-09T18:15:50,Argentina,
12b3bf4908e0603d,AFA,Argentina - Primera C,2026-10-12,15:00,Estrella del Sur,Juventud Unida,,,https://www.afa.com.ar/Sitio/posts/la-agenda-de-la-afa,,2026-10-09T18:15:50,Argentina,
9693b3dae850265d,AFA,Argentina - Primera C,2026-10-12,15:00,General Lamadrid,Sportivo Barracas,,,https://www.afa.com.ar/Sitio/posts/la-agenda-de-la-afa,,2026-10-09T18:15:50,Argentina,
b5245b0376ffcc6d,AFA,Argentina - Primera C,2026-10-12,15:00,J.J. de Urquiza,Deportivo Paraguayo,,,https://www.afa.com.ar/Sitio/posts/la-agenda-de-la-afa,,2026-10-09T18:15:50,Argentina,
81e5c2bc858123b6,AFA,Argentina - Primera C,2026-10-12,15:00,Leones F.C.,Fénix,,,https://www.afa.com.ar/Sitio/posts/la-agenda-de-la-afa,,2026-10-09T18:15:50,Argentina,
38c5ee4556dfa56e,AFA,Argentina - Primera C,2026-10-12,15:00,Mercedes,Lugano,,,https://www.afa.com.ar/Sitio/posts/la-agenda-de-la-afa,,2026-10-09T18:15:50,Argentina,
4318e099ed86fb1c,AFA,Argentina - Primera C,2026-10-12,15:00,Muñiz,Claypole,,,https://www.afa.com.ar/Sitio/posts/la-agenda-de-la-afa,,2026-10-09T18:15:50,Argentina,
28beab9bb8ff843f,AFA,Argentina - Primera C,2026-10-12,15:00,Victoriano Arenas,Leandro N. Alem,,,https://www.afa.com.ar/Sitio/posts/la-agenda-de-la-afa,,2026-10-09T18:15:50,Argentina,
c9106c0c6ac044e5,AFA,Argentina - Primera C,2026-10-12,15:00,Yupanqui,Luján,,,https://www.afa.com.ar/Sitio/posts/la-agenda-de-la-afa,,2026-10-09T18:15:50,Argentina,
1d85804e57858f1b,ESPN,Bolivia - Liga Profesional Boliviana,2026-10-12,15:00,GV San José,Guabirá,Estadio Jesús Bermúdez,,,codigo_espn=401906468; status=Scheduled,2026-10-09T19:58:11,Bolivia,Oruro
59c2bc8172e6a8a1,FMF,Brasil - FMF - FEMININO SUB-17 - 2026,2026-10-12,15:00,CRUZEIRO - SAF,AMÉRICA TO,Toca da Raposa I,RODADA 3,https://www.fmf.com.br/Competicoes/ProxJogos.aspx?d=36,pais=Brasil; estado=Minas Gerais; codigo_fmf=36; placar_original=X; jogo_numero=8; cidade=Belo Horizonte,2026-09-28T20:17:21,Brasil,Belo Horizonte
80cdae8278bdb477,FMF,Brasil - FMF - FEMININO SUB-17 - 2026,2026-10-12,15:00,VENDA NOVA,DEMOCRATA GV,Estádio Ilvo Marani,RODADA 3,https://www.fmf.com.br/Competicoes/ProxJogos.aspx?d=36,pais=Brasil; estado=Minas Gerais; codigo_fmf=36; placar_original=X; jogo_numero=9; cidade=Vespasiano,2026-09-28T20:17:21,Brasil,Vespasiano
f8f0b0df617e13d6,FPF,Brasil - FPF - Paulista Sub-20 - Série A (SUB20 - Série A),2026-10-12,15:00,Botafogo,Palmeiras,CT Botafogo Academy,Rodada 18,https://www.futebolpaulista.com.br/Competicoes/Tabela.aspx,status=Programado; pais=Brasil; estado=São Paulo; fonte=api_ashx; jogo_numero=341; grupo=23; fase=TERCEIRA FASE; canais=Xsports; suspencao=LIBERADO,2026-10-09T18:57:44,Brasil,Jardinópolis
ac01e15356bdc13a,FPF,Brasil - FPF - Paulista Sub-20 - Série A (SUB20 - Série A),2026-10-12,15:00,Ponte Preta,Santos,Estádio Municipal Coronel Francisco Vieira,Rodada 18,https://www.futebolpaulista.com.br/Competicoes/Tabela.aspx,status=Programado; pais=Brasil; estado=São Paulo; fonte=api_ashx; jogo_numero=340; grupo=21; fase=TERCEIRA FASE; canais=Youtube Energia 97 FM; suspencao=LIBERADO,2026-10-09T18:57:44,Brasil,Itapira
f9dd47e67834f55f,campeonatochileno.cl,Campeonato Nacional Juvenil Femenino Clausura,2026-10-12,15:00,Colo Colo Juvenil Fem,Palestino Juvenil Fem,Estadio Monumental – Cancha Sintética,Fecha 11,https://www.campeonatochileno.cl/ligas/campeonato-nacional-juvenil-femenino-clausura/,,2026-07-13T14:46:09,,
d85f73adbac20217,campeonatochileno.cl,Liga de Ascenso Caixun,2026-10-12,15:00,Rangers de Talca,Unión San Felipe,Estadio Bicentenario Iván Azócar Bernales,Fecha 27,https://www.campeonatochileno.cl/ligas/liga-de-ascenso-caixun/,,2026-10-09T18:12:25,,
e9384d0a557224f6,FGF,Brasil - FGF - Campeonato Goiano de Profissionais da 3ª Divisão / 2026,2026-10-12,15:30,Atlético Itumbiara,Real Clube,Jk,1ª Rodada,https://www.fgf.esp.br/pt/competicoes/jogo.php?id=1830&jogo=58139,status=Programado; pais=Brasil; estado=Goiás; fonte=api_ajax,2026-10-02T17:28:43,Brasil,
5cd646ae83b7adf6,FGF,Brasil - FGF - Copa Goiás Sub 20 da 1ª Divisão / 2026,2026-10-12,15:30,Atlético Goianiense Saf,Goiás,Dorvalino Monteiro dos Reis,10ª Rodada,https://www.fgf.esp.br/pt/competicoes/jogo.php?id=1784&jogo=56859,status=Programado; pais=Brasil; estado=Goiás; fonte=api_ajax,2026-10-09T18:00:23,Brasil,
7e3b16d2a7fbd975,FGF,Brasil - FGF - Copa Goiás Sub 20 da 1ª Divisão / 2026,2026-10-12,15:30,Vila Nova,São Luiz,CT Vila do Tigre,10ª Rodada,https://www.fgf.esp.br/pt/competicoes/jogo.php?id=1784&jogo=56851,status=Programado; pais=Brasil; estado=Goiás; fonte=api_ajax,2026-10-09T18:00:23,Brasil,
38a534aeb35abddb,AFA,Argentina - Torneo Clausura,2026-10-12,16:00,Lanús,Vélez,,Zona A,https://www.afa.com.ar/Sitio/posts/la-agenda-de-la-afa,,2026-10-09T18:15:50,Argentina,
746cfaf25e117372,CBF,Brasil - Série A,2026-10-12,16:00,Coritiba (PR),Botafogo (RJ),Couto Pereira,Rodada 30,https://stcbfsiteprdimgbrs.blob.core.windows.net/img-site/cdn/Tabela_Detalhada_BSA_2026_09_10_e4440cfd8e.pdf,pais=Brasil; cidade=Curitiba,2026-10-10T09:45:06,,Curitiba
c8f7eac35cb4cc1b,CBF,Brasil - Série B,2026-10-12,16:00,Fortaleza (CE),CRB (AL),Arena Castelão,Rodada 33,https://stcbfsiteprdimgbrs.blob.core.windows.net/img-site/cdn/Tabela_Detalhada_Brasileiro_Serie_B_2026_09_10_25ec926739.pdf,pais=Brasil; cidade=Fortaleza,2026-10-10T09:45:06,,Fortaleza
31f448bbb2908b90,AFA,Argentina - Primera Nacional,2026-10-12,17:00,Racing (Córdoba),Los Andes,,,https://www.afa.com.ar/Sitio/posts/la-agenda-de-la-afa,,2026-10-09T18:15:50,Argentina,
a47aac70b429d868,campeonatochileno.cl,Campeonato Nacional Juvenil Femenino Clausura,2026-10-12,17:00,Deportes Limache Juvenil Fem,Deportes Melipilla Juvenil Fem,Estadio Costanera,Fecha 11,https://www.campeonatochileno.cl/ligas/campeonato-nacional-juvenil-femenino-clausura/,,2026-07-13T14:46:09,,
6ed417753da21e7c,campeonatochileno.cl,Liga de Primera Mercado Libre,2026-10-12,17:00,Universidad de Chile,Ñublense,Estadio Codelco El Teniente,Fecha 24,https://www.campeonatochileno.cl/ligas/liga-de-primera-mercado-libre/,,2026-10-09T18:12:25,,
08a24badcf1df37c,APF,Paraguay - APF - Copa de Primera,2026-10-12,17:00,Club 2 de Mayo,Sportivo Ameliano,Estadio Río Parapití,Jornada 14,https://www.apf.org.py/partidos/temporada-2026-paraguay-primera-division-clausura-14-2-de-mayo-vs-sportivo-amel-899,status=PreMatch; status_nome=Previo,2026-10-09T17:36:22,Paraguay,
e47353542a18680e,ESPN,Bolivia - Liga Profesional Boliviana,2026-10-12,17:15,Always Ready,Independiente Petrolero,Municipal Villa Ingenio,,,codigo_espn=401906467; status=Scheduled,2026-10-09T19:58:11,Bolivia,"El Alto, La Paz."
0d0bcaa87c4c202e,campeonatochileno.cl,Liga de Ascenso Caixun,2026-10-12,17:30,Deportes Iquique,Unión Española,Estadio Tierra de Campeones,Fecha 27,https://www.campeonatochileno.cl/ligas/liga-de-ascenso-caixun/,,2026-10-09T18:12:25,,
35feb7d02ac49846,CBF,Brasil - Copa do Brasil Feminina,2026-10-12,18:00,Ferroviária (SP),Red Bull Bragantino (SP),Arena Fonte,Ida,https://stcbfsiteprdimgbrs.blob.core.windows.net/img-site/cdn/Tabela_Detalhada_Copa_do_Brasil_Feminina_2026_adbd12d273.pdf,pais=Brasil; cidade=Luminosa Araraquara,2026-10-10T09:45:06,,Luminosa Araraquara
118021f94229c355,campeonatochileno.cl,Liga de Primera Mercado Libre,2026-10-12,18:00,Universidad de Chile,Ñublense,Estadio Santa Laura Universidad SEK,Fecha 24,https://www.campeonatochileno.cl/ligas/liga-de-primera-mercado-libre/,,2026-10-06T18:09:43,,
e9f21425f9f3ffee,AFA,Argentina - Torneo Clausura,2026-10-12,18:30,Gimnasia (Mza.),Newell’s,,Zona A,https://www.afa.com.ar/Sitio/posts/la-agenda-de-la-afa,,2026-10-09T18:15:50,Argentina,
87a7d16193dcb0b0,AFA,Argentina - Primera Nacional,2026-10-12,19:00,All Boys,Godoy Cruz,,,https://www.afa.com.ar/Sitio/posts/la-agenda-de-la-afa,,2026-10-09T18:15:50,Argentina,
5b2081db9bc5acfb,CBF,Brasil - Série B,2026-10-12,19:00,Novorizontino (SP),Ponte Preta (SP),Jorge Ismael de Biasi,Rodada 33,https://stcbfsiteprdimgbrs.blob.core.windows.net/img-site/cdn/Tabela_Detalhada_Brasileiro_Serie_B_2026_09_10_25ec926739.pdf,pais=Brasil; cidade=Novo Horizonte,2026-10-10T09:45:06,,Novo Horizonte
d6e3df26d0d5d2d1,APF,Paraguay - APF - Copa de Primera,2026-10-12,19:20,Club Nacional Asunción,Recoleta FC,Estadio Arsenio Erico,Jornada 14,https://www.apf.org.py/partidos/temporada-2026-paraguay-primera-division-clausura-14-nacional-vs-recoleta-901,status=PreMatch; status_nome=Previo,2026-10-09T17:36:22,Paraguay,
d55926680972da87,CBF,Brasil - Série A,2026-10-12,19:30,Chapecoense (SC),Athletico (PR),Arena Condá,Rodada 30,https://stcbfsiteprdimgbrs.blob.core.windows.net/img-site/cdn/Tabela_Detalhada_BSA_2026_09_10_e4440cfd8e.pdf,pais=Brasil; cidade=Chapecó,2026-10-10T09:45:06,,Chapecó
551fcb6f3357a126,CBF,Brasil - Série B,2026-10-12,19:30,Criciúma (SC),América (MG),Heriberto Hulse,Rodada 33,https://stcbfsiteprdimgbrs.blob.core.windows.net/img-site/cdn/Tabela_Detalhada_Brasileiro_Serie_B_2026_09_10_25ec926739.pdf,pais=Brasil; cidade=Criciúma,2026-10-10T09:45:06,,Criciúma
8e2d2905b91715f9,CBF,Brasil - Série B,2026-10-12,20:30,Fortaleza (CE),CRB (AL),Arena Castelão,Rodada 33,https://stcbfsiteprdimgbrs.blob.core.windows.net/img-site/cdn/Tabela_Detalhada_Brasileiro_Serie_B_2026_23_09_378b396600.pdf,pais=Brasil; cidade=Fortaleza,2026-09-23T16:37:37,,Fortaleza
2596b81f8035dc3e,CBF,Brasil - Série A,2026-10-12,21:00,Red Bull Bragantino (SP),Cruzeiro (MG),Cícero S. Marques,Rodada 30,https://stcbfsiteprdimgbrs.blob.core.windows.net/img-site/cdn/Tabela_Detalhada_BSA_2026_09_10_e4440cfd8e.pdf,pais=Brasil; cidade=Bragança Paulista,2026-10-10T09:45:06,,Bragança Paulista
992eb984b1955aaf,CBF,Brasil - Série B,2026-10-12,21:00,Botafogo (SP),Ceará (CE),Santa Cruz,Rodada 33,https://stcbfsiteprdimgbrs.blob.core.windows.net/img-site/cdn/Tabela_Detalhada_Brasileiro_Serie_B_2026_09_10_25ec926739.pdf,pais=Brasil; cidade=Ribeirão Preto,2026-10-10T09:45:06,,Ribeirão Preto
5f04ca6f373be768,campeonatochileno.cl,Campeonato Nacional Juvenil Femenino Clausura,2026-10-12,3:00,Colo Colo Juvenil Fem,Palestino Juvenil Fem,Estadio Monumental – Cancha Sintética,Fecha 11,https://www.campeonatochileno.cl/ligas/campeonato-nacional-juvenil-femenino-clausura/,,2026-07-14T13:55:28,,
ab1f22458f5de091,campeonatochileno.cl,Liga de Ascenso Caixun,2026-10-12,3:00,Rangers de Talca,Unión San Felipe,Fiscal Talca,Fecha 27,https://www.campeonatochileno.cl/ligas/liga-de-ascenso-caixun/,,2026-08-19T12:57:38,,
548a1347920ef5c6,campeonatochileno.cl,Campeonato Nacional Juvenil Femenino Clausura,2026-10-12,5:00,Deportes Limache Juvenil Fem,Deportes Melipilla Juvenil Fem,Estadio Costanera,Fecha 11,https://www.campeonatochileno.cl/ligas/campeonato-nacional-juvenil-femenino-clausura/,,2026-07-14T13:55:28,,
bd3a3188a1542ab1,campeonatochileno.cl,Liga de Ascenso Caixun,2026-10-12,5:30,Deportes Iquique,Unión Española,Estadio Tierra de Campeones,Fecha 27,https://www.campeonatochileno.cl/ligas/liga-de-ascenso-caixun/,,2026-08-19T12:57:38,,
5bf8dc183c3d801f,campeonatochileno.cl,Campeonato Nacional Juvenil Femenino Clausura,2026-10-12,9:00,Deportes Antofagasta Juvenil Fem,Deportes Copiapo Juvenil Fem,Estadio Regional Calvo y Bascuñan – Cancha 5,Fecha 11,https://www.campeonatochileno.cl/ligas/campeonato-nacional-juvenil-femenino-clausura/,,2026-07-14T13:55:28,,
2c070f741f04d06c,FGF,Brasil - FGF - Taça Mané Garrincha Sub 17 da 3ª Divisão / 2026,2026-10-13,10:00,Campineira,Anápolis,Saneago,1ª Rodada,https://www.fgf.esp.br/pt/competicoes/jogo.php?id=1789&jogo=59643,status=Programado; pais=Brasil; estado=Goiás; fonte=api_ajax,2026-10-09T18:00:23,Brasil,
e70d565d8274cbf7,AFA,Argentina - Torneo Clausura,2026-10-13,15:00,Atlético de Rafaela,Estudiantes (Río Cuarto) (Zona B),Predio,,https://www.afa.com.ar/Sitio/posts/la-agenda-de-la-afa,,2026-10-09T18:15:50,Argentina,
ad85237124e529c0,AFA,Argentina - Torneo Clausura,2026-10-13,15:00,Banfield,Gimnasia (Zona A),Predio,,https://www.afa.com.ar/Sitio/posts/la-agenda-de-la-afa,,2026-10-09T18:15:50,Argentina,
def17e5ca33e4fc9,AFA,Argentina - Torneo Clausura,2026-10-13,15:00,Independiente,Huracán (Zona B),Villa Domínico,,https://www.afa.com.ar/Sitio/posts/la-agenda-de-la-afa,,2026-10-09T18:15:50,Argentina,
b4207a91b7dc0876,AFA,Argentina - Torneo Clausura,2026-10-13,15:00,Instituto,River (Zona A),La Agustina,,https://www.afa.com.ar/Sitio/posts/la-agenda-de-la-afa,,2026-10-09T18:15:50,Argentina,
77f7f06cc64604e6,AFA,Argentina - Torneo Clausura,2026-10-13,15:00,Quilmes,Newell’s (Zona B),Predio,,https://www.afa.com.ar/Sitio/posts/la-agenda-de-la-afa,,2026-10-09T18:15:50,Argentina,
4e61b422629c9dde,FFERJ,Brasil - FFERJ - Competição não identificada,2026-10-13,15:00,Bangu A.C,S.A.F Botafogo,ESTÁDIO CT BANGU,,https://www.fferj.com.br/partidas/5693,codigo_fferj=5693; fonte_tag=FERJ,2026-10-05T21:16:30,Brasil,Rio de Janeiro
e1d35ca1ab8c2cf1,FGF,Brasil - FGF - Copa Goiás Sub 20 da 2ª Divisão / 2026,2026-10-13,15:00,Aparecida Esporte Clube,Itauçu Esporte Clube,CT Sussumo Taia,2ª Rodada,https://www.fgf.esp.br/pt/competicoes/jogo.php?id=1787&jogo=59491,status=Programado; pais=Brasil; estado=Goiás; fonte=api_ajax,2026-10-09T18:00:23,Brasil,
0b6fc00f663f6a04,FGF,Brasil - FGF - Copa Goiás Sub 20 da 2ª Divisão / 2026,2026-10-13,15:00,Canedo FC,Abadia,CT Cidade do Tubarão,2ª Rodada,https://www.fgf.esp.br/pt/competicoes/jogo.php?id=1787&jogo=59488,status=Programado; pais=Brasil; estado=Goiás; fonte=api_ajax,2026-10-09T18:00:23,Brasil,
c0b6b63565221055,FGF,Brasil - FGF - Copa Goiás Sub 20 da 2ª Divisão / 2026,2026-10-13,15:00,Cap Pontalina,Independente de Rio Verde,Euripedes da Silva Nolasco,2ª Rodada,https://www.fgf.esp.br/pt/competicoes/jogo.php?id=1787&jogo=59489,status=Programado; pais=Brasil; estado=Goiás; fonte=api_ajax,2026-09-30T17:37:34,Brasil,
522116a47e84b56c,FGF,Brasil - FGF - Copa Goiás Sub 20 da 2ª Divisão / 2026,2026-10-13,15:00,Itumbiara,Goiatuba,Genésio Sales,2ª Rodada,https://www.fgf.esp.br/pt/competicoes/jogo.php?id=1787&jogo=59490,status=Programado; pais=Brasil; estado=Goiás; fonte=api_ajax,2026-10-09T18:00:23,Brasil,
66f730ad91fb30ad,CBF,Brasil - Sub-17,2026-10-13,15:00,B Palmeiras (SP),Atlético (MG),Arena,Volta,https://stcbfsiteprdimgbrs.blob.core.windows.net/img-site/cdn/TABELA_DETALHADA_CAMPEONATO_BRASILEIRO_MASCULINO_SUB_17_2026_09_10_c5a12e96a3.pdf,pais=Brasil; cidade=Barueri Barueri,2026-10-10T09:45:06,,Barueri Barueri
3df00f69d20ea69a,CBF,Brasil - Sub-17,2026-10-13,15:00,C Fluminense (RJ),Cruzeiro (MG),Marcelo Vieira Duque,Rodada 1,https://stcbfsiteprdimgbrs.blob.core.windows.net/img-site/cdn/TABELA_DETALHADA_CAMPEONATO_BRASILEIRO_MASCULINO_SUB_17_2026_09_10_c5a12e96a3.pdf,pais=Brasil; cidade=de Caxias,2026-10-10T09:45:06,,de Caxias
79dbba3cdc8ee574,CBF,Brasil - Sub-17,2026-10-13,15:00,E Red Bull BragantinoSP,Fortaleza (CE),CPD,Rodada 1,https://stcbfsiteprdimgbrs.blob.core.windows.net/img-site/cdn/TABELA_DETALHADA_CAMPEONATO_BRASILEIRO_MASCULINO_SUB_17_2026_09_10_c5a12e96a3.pdf,pais=Brasil; cidade=Atibaia Atibaia,2026-10-10T09:45:06,,Atibaia Atibaia
9d6ad258a4badc34,FGF,Brasil - FGF - Copa Goiás Sub 11 da 1ª Divisão / 2026,2026-10-13,15:30,Planalto Esporte Clube,Olímpio,CT Buriti Sereno,10ª Rodada,https://www.fgf.esp.br/pt/competicoes/jogo.php?id=1780&jogo=56508,status=Programado; pais=Brasil; estado=Goiás; fonte=api_ajax,2026-10-09T18:00:23,Brasil,
3da184ea9bfc3c27,FGF,Brasil - FGF - Copa Goiás Sub 15 da 3ª Divisão / 2026,2026-10-13,15:30,Atlanta Fc,Independencia,CT. Atlanta,1ª Rodada,https://www.fgf.esp.br/pt/competicoes/jogo.php?id=1792&jogo=59710,status=Programado; pais=Brasil; estado=Goiás; fonte=api_ajax,2026-10-09T18:00:23,Brasil,
2794732bc1bb8441,FGF,Brasil - FGF - Copa Goiás Sub 15 da 3ª Divisão / 2026,2026-10-13,15:30,Atletas de Jesus,Grêmio Trindade,Vila Olímpica,1ª Rodada,https://www.fgf.esp.br/pt/competicoes/jogo.php?id=1792&jogo=59708,status=Programado; pais=Brasil; estado=Goiás; fonte=api_ajax,2026-10-07T18:27:37,Brasil,
bd807c302cc005e0,FGF,Brasil - FGF - Copa Goiás Sub 15 da 3ª Divisão / 2026,2026-10-13,15:30,Guapó,Goiania E.c. S.a.f.,Valdir Cândido de Queiroz,1ª Rodada,https://www.fgf.esp.br/pt/competicoes/jogo.php?id=1792&jogo=59707,status=Programado; pais=Brasil; estado=Goiás; fonte=api_ajax,2026-10-09T18:00:23,Brasil,
f281ece1a8205cf6,FGF,Brasil - FGF - Taça Mané Garrincha Sub 17 da 3ª Divisão / 2026,2026-10-13,15:30,Palmeiras de Goiás,CRAC,Hélio Arantes,1ª Rodada,https://www.fgf.esp.br/pt/competicoes/jogo.php?id=1789&jogo=59645,status=Programado; pais=Brasil; estado=Goiás; fonte=api_ajax,2026-10-09T18:00:23,Brasil,
bc26210f4427a7c8,FGF,Brasil - FGF - Taça Mané Garrincha Sub 17 da 3ª Divisão / 2026,2026-10-13,15:30,São Luis AC,Desportivo Real Fc,Gerson Soares,1ª Rodada,https://www.fgf.esp.br/pt/competicoes/jogo.php?id=1789&jogo=59644,status=Programado; pais=Brasil; estado=Goiás; fonte=api_ajax,2026-10-09T18:00:23,Brasil,
0ed7d00f8b93d809,CBF,Brasil - Sub-17,2026-10-13,17:30,D Corinthians (SP),Flamengo (RJ),Alfredo Schürig,Rodada 1,https://stcbfsiteprdimgbrs.blob.core.windows.net/img-site/cdn/TABELA_DETALHADA_CAMPEONATO_BRASILEIRO_MASCULINO_SUB_17_2026_09_10_c5a12e96a3.pdf,pais=Brasil; cidade=São Paulo,2026-10-10T09:45:06,,São Paulo
c4fc1b90a390a035,ESPN,Colombia - Liga BetPlay,2026-10-13,18:30,Atlético Bucaramanga,Águilas Doradas,Estadio Alfonso López,,,codigo_espn=401877951; status=Scheduled,2026-10-09T19:09:49,Colombia,Bucaramanga
ccfdf956037a0628,CBF,Brasil - Série B,2026-10-13,19:30,Athletic (MG),Londrina (PR),Arena Sicredi,Rodada 33,https://stcbfsiteprdimgbrs.blob.core.windows.net/img-site/cdn/Tabela_Detalhada_Brasileiro_Serie_B_2026_09_10_25ec926739.pdf,pais=Brasil; cidade=São João Del Rei,2026-10-10T09:45:06,,São João Del Rei
20a4c7d95b273238,ESPN,Colombia - Liga BetPlay,2026-10-13,20:30,Millonarios,Once Caldas,Estadio Nemesio Camacho El Campín,,,codigo_espn=401877892; status=Scheduled,2026-10-09T19:09:49,Colombia,Bogota
2bf2de00c66a0964,CONMEBOL,Conmebol - Sudamericana,2026-10-13,21:30,Boca,Vasco,Estadio Alberto José Armando,,https://gol.conmebol.com/sudamericana/es/fixture/view/1725,codigo_conmebol=1725; status=Fixture,2026-10-06T18:30:37,Conmebol,
36d835d9786231e2,FFERJ,Brasil - FFERJ - Competição não identificada,2026-10-14,09:00,C.R Flamengo,Vasco da Gama S.A.F,ESTÁDIO JOSÉ BASTOS PADILHA,,https://www.fferj.com.br/partidas/6088,codigo_fferj=6088; fonte_tag=FERJ,2026-10-05T21:16:30,Brasil,Rio de Janeiro
969e0f72a17db0a7,campeonatochileno.cl,Campeonato Juvenil Femenino,2026-10-14,09:00,Deportes Copiapo Juvenil Fem,Deportes Antofagasta Juvenil Fem,Estadio Eladio Rojas,Fecha 5,https://www.campeonatochileno.cl/ligas/campeonato-juvenil-femenino/,,2026-10-09T18:12:25,,
c49c511b4c91da57,FMF,Brasil - FMF - FEMININO SUB-17 - 2026,2026-10-14,10:00,DEMOCRATA GV,CRUZEIRO - SAF,"Jose Mammoud Abbas ""Mamudão""",RODADA 4,https://www.fmf.com.br/Competicoes/ProxJogos.aspx?d=36,pais=Brasil; estado=Minas Gerais; codigo_fmf=36; placar_original=X; jogo_numero=10; cidade=Governador Valadares,2026-09-28T20:17:21,Brasil,Governador Valadares
e2162588135138e4,campeonatochileno.cl,Campeonato Juvenil Femenino,2026-10-14,12:30,Everton Juvenil Fem,Santiago Wanderers Juvenil Fem,,Fecha 1,https://www.campeonatochileno.cl/ligas/campeonato-juvenil-femenino/,,2026-10-09T18:12:25,,
1022d977e8ddd2ee,FMF,Brasil - FMF - FEMININO SUB-17 - 2026,2026-10-14,14:00,AMÉRICA TO,SERRANENSE,CAMPO DO DURVAL DE BARROS,RODADA 4,https://www.fmf.com.br/Competicoes/ProxJogos.aspx?d=36,pais=Brasil; estado=Minas Gerais; codigo_fmf=36; placar_original=X; jogo_numero=11; cidade=Ibirite,2026-09-28T20:17:21,Brasil,Ibirite
0fa975741a44b5dc,AFA,Argentina - Torneo Clausura,2026-10-14,15:00,Colón,Ind. Rivadavia Mza. (Zona B),Predio,,https://www.afa.com.ar/Sitio/posts/la-agenda-de-la-afa,,2026-10-09T18:15:50,Argentina,
46fc919aac8ed27e,AFA,Argentina - Torneo Clausura,2026-10-14,15:00,Estudiantes,Lanús (Zona A),City Bell,,https://www.afa.com.ar/Sitio/posts/la-agenda-de-la-afa,,2026-10-09T18:15:50,Argentina,
54c9c13e49eacc03,AFA,Argentina - Torneo Clausura,2026-10-14,15:00,Platense,Defensa y Justicia (Zona A),Predio,,https://www.afa.com.ar/Sitio/posts/la-agenda-de-la-afa,,2026-10-09T18:15:50,Argentina,
c17f6e28db74b5fe,AFA,Argentina - Torneo Clausura,2026-10-14,15:00,Rosario Central,Aldosivi (Zona B),Arroyo Seco,,https://www.afa.com.ar/Sitio/posts/la-agenda-de-la-afa,,2026-10-09T18:15:50,Argentina,
f09dabc9bddbc1a1,AFA,Argentina - Torneo Clausura,2026-10-14,15:00,San Martín (SJ),Deportivo Riestra (Zona B),Predio,,https://www.afa.com.ar/Sitio/posts/la-agenda-de-la-afa,,2026-10-09T18:15:50,Argentina,
29f26487ebe48ec7,AFA,Argentina - Torneo Clausura,2026-10-14,15:00,Tigre,Argentinos (Zona A),Predio,,https://www.afa.com.ar/Sitio/posts/la-agenda-de-la-afa,,2026-10-09T18:15:50,Argentina,
c8d44d9ed52a1439,FFERJ,Brasil - FFERJ - Competição não identificada,2026-10-14,15:00,A.D Cabofriense,AE Araruama,ESTÁDIO ALAIR CORREA,,https://www.fferj.com.br/partidas/5727,codigo_fferj=5727; fonte_tag=FERJ,2026-10-05T21:16:30,Brasil,Rio de Janeiro
05fb7667eb157061,FFERJ,Brasil - FFERJ - Competição não identificada,2026-10-14,15:00,America F.C (RJ),Serrano F.C,ESTÁDIO GIULITE COUTINHO (E. EDSON PASSOS),,https://www.fferj.com.br/partidas/5726,codigo_fferj=5726; fonte_tag=FERJ,2026-10-05T21:16:30,Brasil,Rio de Janeiro
3829d55d2a81367b,FFERJ,Brasil - FFERJ - Competição não identificada,2026-10-14,15:00,Campos Atlético Associação,A.D Cabofriense,ESTÁDIO --NÃO INFORMADO,,https://www.fferj.com.br/partidas/6244,codigo_fferj=6244; fonte_tag=FERJ,2026-10-05T21:16:30,Brasil,Rio de Janeiro
6cf85b9c3faaa15a,FFERJ,Brasil - FFERJ - Competição não identificada,2026-10-14,15:00,Pérolas Negras,São Gonçalo E.C,ESTÁDIO CT A11 SPORTS,,https://www.fferj.com.br/partidas/5728,codigo_fferj=5728; fonte_tag=FERJ,2026-10-05T21:16:30,Brasil,Rio de Janeiro
99959dea1a0640c5,FFERJ,Brasil - FFERJ - Competição não identificada,2026-10-14,15:00,Pérolas Negras,AE Araruama,ESTÁDIO --NÃO INFORMADO,,https://www.fferj.com.br/partidas/6243,codigo_fferj=6243; fonte_tag=FERJ,2026-10-05T21:16:30,Brasil,Rio de Janeiro
dc856132602ea0ec,FFERJ,Brasil - FFERJ - Competição não identificada,2026-10-14,15:00,S. E. de Búzios,C e Social e Cultural Heips,ESTÁDIO --NÃO INFORMADO,,https://www.fferj.com.br/partidas/6245,codigo_fferj=6245; fonte_tag=FERJ,2026-10-05T21:16:30,Brasil,Rio de Janeiro
826a30755a5b7d3c,FMF,Brasil - FMF - FEMININO SUB-17 - 2026,2026-10-14,15:00,ARAGUARI,VENDA NOVA,Victor Andrade de Brito - Frimisa,RODADA 4,https://www.fmf.com.br/Competicoes/ProxJogos.aspx?d=36,pais=Brasil; estado=Minas Gerais; codigo_fmf=36; placar_original=X; jogo_numero=12; cidade=Santa Luzia,2026-09-28T20:17:21,Brasil,Santa Luzia
cf00a81d42e253e2,FGF,Brasil - FGF - Copa Goiás Sub 13 da 1ª Divisão / 2026,2026-10-14,15:30,Ac Iporaense,Estrela,Francisco Ferreira,11ª Rodada,https://www.fgf.esp.br/pt/competicoes/jogo.php?id=1781&jogo=56582,status=Programado; pais=Brasil; estado=Goiás; fonte=api_ajax,2026-10-09T18:00:23,Brasil,
43a4af3eb84d4b9e,FGF,Brasil - FGF - Copa Goiás Sub 13 da 1ª Divisão / 2026,2026-10-14,15:30,Atlanta Fc,Ovel,CT. Atlanta,11ª Rodada,https://www.fgf.esp.br/pt/competicoes/jogo.php?id=1781&jogo=56585,status=Programado; pais=Brasil; estado=Goiás; fonte=api_ajax,2026-10-09T18:00:23,Brasil,
3226217ca5f2f9cc,FGF,Brasil - FGF - Copa Goiás Sub 13 da 1ª Divisão / 2026,2026-10-14,15:30,Cewg,Canedo FC,CE WILSON GOIANO,11ª Rodada,https://www.fgf.esp.br/pt/competicoes/jogo.php?id=1781&jogo=56584,status=Programado; pais=Brasil; estado=Goiás; fonte=api_ajax,2026-10-09T18:00:23,Brasil,
e0287a8394635b76,FGF,Brasil - FGF - Copa Goiás Sub 13 da 1ª Divisão / 2026,2026-10-14,15:30,Desportivo Real Fc,Atlético Goianiense Saf,Sebastião Mariano da Silva,11ª Rodada,https://www.fgf.esp.br/pt/competicoes/jogo.php?id=1781&jogo=56587,status=Programado; pais=Brasil; estado=Goiás; fonte=api_ajax,2026-10-09T18:00:23,Brasil,
55ee9867d626afbf,FGF,Brasil - FGF - Copa Goiás Sub 13 da 1ª Divisão / 2026,2026-10-14,15:30,Goiás,Independente de Rio Verde,CT Edmo Pinheiro,11ª Rodada,https://www.fgf.esp.br/pt/competicoes/jogo.php?id=1781&jogo=56583,status=Programado; pais=Brasil; estado=Goiás; fonte=api_ajax,2026-10-09T18:00:23,Brasil,
0079b96c98a777a3,FGF,Brasil - FGF - Copa Goiás Sub 13 da 1ª Divisão / 2026,2026-10-14,15:30,Vila Nova,Olímpio,CT Vila do Tigre,11ª Rodada,https://www.fgf.esp.br/pt/competicoes/jogo.php?id=1781&jogo=56586,status=Programado; pais=Brasil; estado=Goiás; fonte=api_ajax,2026-10-09T18:00:23,Brasil,
5f9162f85d0d8ee0,FGF,Brasil - FGF - Copa Goiás Sub 13 da 3ª Divisão / 2026,2026-10-14,15:30,CRAC,Itaberaí Saf,Adib Elias,2ª Rodada,https://www.fgf.esp.br/pt/competicoes/jogo.php?id=1804&jogo=59510,status=Programado; pais=Brasil; estado=Goiás; fonte=api_ajax,2026-10-09T18:00:23,Brasil,
43046170d42bfefe,FGF,Brasil - FGF - Copa Goiás Sub 13 da 3ª Divisão / 2026,2026-10-14,15:30,RAE SAF,São Cristovão,CT. Rae,2ª Rodada,https://www.fgf.esp.br/pt/competicoes/jogo.php?id=1804&jogo=59509,status=Programado; pais=Brasil; estado=Goiás; fonte=api_ajax,2026-10-09T18:00:23,Brasil,
b5c060dce0f7a7ad,FGF,Brasil - FGF - Copa Goiás Sub 13 da 3ª Divisão / 2026,2026-10-14,15:30,Santa Cruz,Vasco,Divino Boró,2ª Rodada,https://www.fgf.esp.br/pt/competicoes/jogo.php?id=1804&jogo=59508,status=Programado; pais=Brasil; estado=Goiás; fonte=api_ajax,2026-10-09T18:00:23,Brasil,
330d8efd8b7c0761,FGF,Brasil - FGF - Copa Goiás Sub 13 da 3ª Divisão / 2026,2026-10-14,15:30,Sharks FC,Base Brasil,Clube da AABB,2ª Rodada,https://www.fgf.esp.br/pt/competicoes/jogo.php?id=1804&jogo=59507,status=Programado; pais=Brasil; estado=Goiás; fonte=api_ajax,2026-10-09T18:00:23,Brasil,
7442a95580e17b7f,FGF,Brasil - FGF - Copa Goiás Sub 15 da 3ª Divisão / 2026,2026-10-14,15:30,Atletas de Jesus,Grêmio Trindade,Vila Olímpica,1ª Rodada,https://www.fgf.esp.br/pt/competicoes/jogo.php?id=1792&jogo=59708,status=Programado; pais=Brasil; estado=Goiás; fonte=api_ajax,2026-10-09T18:00:23,Brasil,
b07506a5f42cbc16,FGF,Brasil - FGF - Copa Goiás Sub 13 da 2ª Divisão / 2026,2026-10-14,16:00,Abd Futebol Clube,Real Clube,Clube da PRF,1ª Rodada,https://www.fgf.esp.br/pt/competicoes/jogo.php?id=1793&jogo=59748,status=Programado; pais=Brasil; estado=Goiás; fonte=api_ajax,2026-10-09T18:00:23,Brasil,
29e77dd7f9b3c9c1,FGF,Brasil - FGF - Copa Goiás Sub 13 da 2ª Divisão / 2026,2026-10-14,16:00,Anapolina S.a.f.,Anhanguera,CT Anapolina,1ª Rodada,https://www.fgf.esp.br/pt/competicoes/jogo.php?id=1793&jogo=59746,status=Programado; pais=Brasil; estado=Goiás; fonte=api_ajax,2026-10-09T18:00:23,Brasil,
bac9750b1be31845,FGF,Brasil - FGF - Copa Goiás Sub 13 da 2ª Divisão / 2026,2026-10-14,16:00,Aparecidense,Aparecida Esporte Clube,CT Buriti Sereno,1ª Rodada,https://www.fgf.esp.br/pt/competicoes/jogo.php?id=1793&jogo=59754,status=Programado; pais=Brasil; estado=Goiás; fonte=api_ajax,2026-10-09T18:00:23,Brasil,
cb487dac713c0da0,FGF,Brasil - FGF - Copa Goiás Sub 13 da 2ª Divisão / 2026,2026-10-14,16:00,Flugoiania,Jardim America,CT Fazendinha,1ª Rodada,https://www.fgf.esp.br/pt/competicoes/jogo.php?id=1793&jogo=59749,status=Programado; pais=Brasil; estado=Goiás; fonte=api_ajax,2026-10-09T18:00:23,Brasil,
885c7a5b61a15a1e,FGF,Brasil - FGF - Copa Goiás Sub 13 da 2ª Divisão / 2026,2026-10-14,16:00,Jataiense,Planalto Esporte Clube,Ronan Maia,1ª Rodada,https://www.fgf.esp.br/pt/competicoes/jogo.php?id=1793&jogo=59747,status=Programado; pais=Brasil; estado=Goiás; fonte=api_ajax,2026-10-09T18:00:23,Brasil,
1f5b1e476de84555,ESPN,Colombia - Liga BetPlay,2026-10-14,16:30,Atlético Junior,Deportivo Pereira,Romelio Martínez,,,codigo_espn=401878008; status=Scheduled,2026-10-09T19:09:49,Colombia,Barranquilla
409f4d9384db7f25,ESPN,Colombia - Liga BetPlay,2026-10-14,18:30,Independiente Santa Fe,Jaguares de Córdoba,Estadio Nemesio Camacho El Campín,,,codigo_espn=401877844; status=Scheduled,2026-10-09T19:09:49,Colombia,Bogota
97168869a3bbc33a,AFA,Argentina - Torneo Clausura,2026-10-14,19:00,Sarmiento,River (Zona B) (TNT Sports),,,https://www.afa.com.ar/Sitio/posts/la-agenda-de-la-afa,,2026-09-29T17:59:32,Argentina,
a413ec2195ef57df,AFA,Argentina - Torneo Clausura,2026-10-14,19:00,Sarmiento,River,,Zona B,https://www.afa.com.ar/Sitio/posts/la-agenda-de-la-afa,,2026-10-09T18:15:50,Argentina,
3ea9a4fe78452abd,CONMEBOL,Conmebol - Sudamericana,2026-10-14,19:00,Atlético MG,City Torque,Arena MRV,,https://gol.conmebol.com/sudamericana/es/fixture/view/1722,codigo_conmebol=1722; status=Fixture,2026-10-06T18:30:37,Conmebol,
0886909f91e26fd5,anfaterceradivision.cl/calendario,Tercera A,2026-10-14,19:00,Quintero Unido Valparaíso,Lautaro Metropolitana,,,https://anfaterceradivision.cl/assets/php/calendario.php,calendario.php,2026-10-08T18:41:51,,
7c08cc11894b879c,ESPN,Colombia - Copa BetPlay,2026-10-14,20:30,Atlético Nacional,Independiente Medellín,,,,codigo_espn=401929277; status=Scheduled,2026-10-09T19:09:49,Colombia,
babd7ab0f55ef4cf,CBF,Brasil - Copa do Brasil Feminina,2026-10-14,21:00,Internacional (RS),Atlético (MG),Beira-Rio,Ida,https://stcbfsiteprdimgbrs.blob.core.windows.net/img-site/cdn/Tabela_Detalhada_Copa_do_Brasil_Feminina_2026_adbd12d273.pdf,pais=Brasil; cidade=Porto Alegre,2026-10-10T09:45:06,,Porto Alegre
d0ca0cf6595cf336,CONMEBOL,Conmebol - Libertadores,2026-10-14,21:30,Fluminense,Palmeiras,Estadio Jornalista Mário Filho (Maracanã),,https://gol.conmebol.com/libertadores/es/fixture/view/1677,codigo_conmebol=1677; status=Fixture,2026-10-06T18:30:37,Conmebol,
acd7babb8d8ee11a,FGF,Brasil - FGF - Copa Goiás Sub 15 da 2ª Divisão / 2026,2026-10-15,09:30,Planalto Esporte Clube,Desportivo Real Fc,CT Buriti Sereno,1ª Rodada,https://www.fgf.esp.br/pt/competicoes/jogo.php?id=1790&jogo=59801,status=Programado; pais=Brasil; estado=Goiás; fonte=api_ajax,2026-10-09T18:00:23,Brasil,
5bb94995e55372f7,AFA,Argentina - Torneo Clausura,2026-10-15,15:00,Barracas Central,Atlético Tucumán (Zona B),AEFIP,,https://www.afa.com.ar/Sitio/posts/la-agenda-de-la-afa,,2026-10-09T18:15:50,Argentina,
b9752498d93a2563,AFA,Argentina - Torneo Clausura,2026-10-15,15:00,Gimnasia (Mza.),Godoy Cruz (Zona A),Victor Legrotaglie,,https://www.afa.com.ar/Sitio/posts/la-agenda-de-la-afa,,2026-10-09T18:15:50,Argentina,
60fbcd88e78fe2e1,AFA,Argentina - Torneo Clausura,2026-10-15,15:00,San Lorenzo,Sarmiento (Zona A),Auxiliar,,https://www.afa.com.ar/Sitio/posts/la-agenda-de-la-afa,,2026-10-09T18:15:50,Argentina,
3822dbcb6f803941,AFA,Argentina - Torneo Clausura,2026-10-15,15:00,Vélez,Racing (Zona A),Villa Olímpica,,https://www.afa.com.ar/Sitio/posts/la-agenda-de-la-afa,,2026-10-09T18:15:50,Argentina,
75fddb3455e78da1,FGF,Brasil - FGF - Copa Goiás Sub 15 da 1ª Divisão / 2026,2026-10-15,15:30,Ac Iporaense,Itaberaí Saf,Francisco Ferreira,11ª Rodada,https://www.fgf.esp.br/pt/competicoes/jogo.php?id=1782&jogo=56660,status=Programado; pais=Brasil; estado=Goiás; fonte=api_ajax,2026-10-09T18:00:23,Brasil,
c9ec4d1349125096,FGF,Brasil - FGF - Copa Goiás Sub 15 da 1ª Divisão / 2026,2026-10-15,15:30,Aparecidense,Cewg,CT Buriti Sereno,11ª Rodada,https://www.fgf.esp.br/pt/competicoes/jogo.php?id=1782&jogo=56665,status=Programado; pais=Brasil; estado=Goiás; fonte=api_ajax,2026-10-09T18:00:23,Brasil,
082ef4470033af9f,FGF,Brasil - FGF - Copa Goiás Sub 15 da 1ª Divisão / 2026,2026-10-15,15:30,Atlético Goianiense Saf,Ovel,Zico Brandão,11ª Rodada,https://www.fgf.esp.br/pt/competicoes/jogo.php?id=1782&jogo=56664,status=Programado; pais=Brasil; estado=Goiás; fonte=api_ajax,2026-10-09T18:00:23,Brasil,
d625b3a098f57a11,FGF,Brasil - FGF - Copa Goiás Sub 15 da 1ª Divisão / 2026,2026-10-15,15:30,Canedo FC,Goiás,CT Cidade do Tubarão,11ª Rodada,https://www.fgf.esp.br/pt/competicoes/jogo.php?id=1782&jogo=56663,status=Programado; pais=Brasil; estado=Goiás; fonte=api_ajax,2026-10-09T18:00:23,Brasil,
4e6a88fb5500bef2,FGF,Brasil - FGF - Copa Goiás Sub 15 da 1ª Divisão / 2026,2026-10-15,15:30,Estrela,Jataiense,Resenha Sports Center,11ª Rodada,https://www.fgf.esp.br/pt/competicoes/jogo.php?id=1782&jogo=56662,status=Programado; pais=Brasil; estado=Goiás; fonte=api_ajax,2026-10-09T18:00:23,Brasil,
f05b65eaca052403,FGF,Brasil - FGF - Copa Goiás Sub 15 da 1ª Divisão / 2026,2026-10-15,15:30,Vila Nova,Flugoiania,CT Vila do Tigre,11ª Rodada,https://www.fgf.esp.br/pt/competicoes/jogo.php?id=1782&jogo=56661,status=Programado; pais=Brasil; estado=Goiás; fonte=api_ajax,2026-10-09T18:00:23,Brasil,
376959a2ce10ada3,FGF,Brasil - FGF - Copa Goiás Sub 15 da 2ª Divisão / 2026,2026-10-15,15:30,Associacao Esportiva Evangelica,CEC - Cerrado Esporte Clube,Campo da Lobense,1ª Rodada,https://www.fgf.esp.br/pt/competicoes/jogo.php?id=1790&jogo=59799,status=Programado; pais=Brasil; estado=Goiás; fonte=api_ajax,2026-10-09T18:00:23,Brasil,
9baa41af04de245a,FGF,Brasil - FGF - Copa Goiás Sub 15 da 2ª Divisão / 2026,2026-10-15,15:30,Olímpio,Anapolina S.a.f.,Serra de Caldas,1ª Rodada,https://www.fgf.esp.br/pt/competicoes/jogo.php?id=1790&jogo=59800,status=Programado; pais=Brasil; estado=Goiás; fonte=api_ajax,2026-10-09T18:00:23,Brasil,
1383f16c705c84e0,FGF,Brasil - FGF - Copa Goiás Sub 15 da 2ª Divisão / 2026,2026-10-15,15:30,Palmeiras de Goiás,Cristianópols FC,Hélio Arantes,1ª Rodada,https://www.fgf.esp.br/pt/competicoes/jogo.php?id=1790&jogo=59798,status=Programado; pais=Brasil; estado=Goiás; fonte=api_ajax,2026-10-09T18:00:23,Brasil,
db7cd57ef1554a8e,FGF,Brasil - FGF - Copa Goiás Sub 15 da 3ª Divisão / 2026,2026-10-15,15:30,CRAC,Real Clube,Adib Elias,1ª Rodada,https://www.fgf.esp.br/pt/competicoes/jogo.php?id=1792&jogo=59709,status=Programado; pais=Brasil; estado=Goiás; fonte=api_ajax,2026-10-09T18:00:23,Brasil,
dceaf6bac5774414,AFA,Argentina - Torneo Clausura,2026-10-15,17:00,Talleres,Unión (Zona A),La Boutique,,https://www.afa.com.ar/Sitio/posts/la-agenda-de-la-afa,,2026-10-09T18:15:50,Argentina,
0815d55b330d1ed2,ESPN,Colombia - Copa BetPlay,2026-10-15,18:00,Internacional de Bogotá,Llaneros FC,Metropolitano de Techo,,,codigo_espn=401929276; status=Scheduled,2026-10-09T19:09:49,Colombia,Bogota
82dd48204304f9fc,AFA,Argentina - Torneo Clausura,2026-10-15,19:00,Boca,Ferro (Zona B),Boca Predio,,https://www.afa.com.ar/Sitio/posts/la-agenda-de-la-afa,,2026-10-09T18:15:50,Argentina,
89ae26f50093ed7a,AFA,Argentina - Torneo Clausura,2026-10-15,19:00,Central Córdoba,Belgrano (Zona B),Alfredo Terrera,,https://www.afa.com.ar/Sitio/posts/la-agenda-de-la-afa,,2026-10-09T18:15:50,Argentina,
b468824f7b77efaf,CBF,Brasil - Copa do Brasil Feminina,2026-10-15,19:00,Flamengo (RJ),Fluminense (RJ),Luso Brasileiro,,https://stcbfsiteprdimgbrs.blob.core.windows.net/img-site/cdn/Tabela_Detalhada_Copa_do_Brasil_Feminina_2026_adbd12d273.pdf,pais=Brasil; cidade=Rio de Janeiro,2026-10-10T09:45:06,,Rio de Janeiro
e279b896fb6480ba,AFA,Argentina - Torneo Clausura,2026-10-15,20:00,Huracán,Gimnasia,,Zona B,https://www.afa.com.ar/Sitio/posts/la-agenda-de-la-afa,,2026-10-09T18:15:50,Argentina,
5ce51d7a10269f1b,CONMEBOL,Conmebol - Libertadores,2026-10-15,21:30,Estudiantes,Flamengo,Estadio Jorge Luis Hirschi,,https://gol.conmebol.com/libertadores/es/fixture/view/1680,codigo_conmebol=1680; status=Fixture,2026-10-06T18:30:37,Conmebol,
2cc39a42f29b9ff5,FMF,Brasil - FMF - FEMININO SUB-17 - 2026,2026-10-16,10:00,SERRANENSE,CRUZEIRO - SAF,Estádio Alexandre Floreal Rocha Tolentino - Bela Vista,RODADA 5,https://www.fmf.com.br/Competicoes/ProxJogos.aspx?d=36,pais=Brasil; estado=Minas Gerais; codigo_fmf=36; placar_original=X; jogo_numero=13; cidade=Claudio,2026-09-28T20:17:21,Brasil,Claudio
fa833bde8d8b3d23,ESPN,Peru - Liga 1,2026-10-16,13:00,Sport Huancayo,Cusco FC,Estadio Huancayo,,,codigo_espn=401886169; status=Scheduled,2026-10-09T21:00:56,Peru,Huancayo
ae3a8ae584d94563,ESPN,Bolivia - Liga Profesional Boliviana,2026-10-16,15:00,ABB,Real Potosí,Municipal Villa Ingenio,,,codigo_espn=401906307; status=Scheduled,2026-10-09T19:58:11,Bolivia,"El Alto, La Paz."
ba9d1a3eea45d975,FMF,Brasil - FMF - FEMININO SUB-17 - 2026,2026-10-16,15:00,ARAGUARI,DEMOCRATA GV,Victor Andrade de Brito - Frimisa,RODADA 5,https://www.fmf.com.br/Competicoes/ProxJogos.aspx?d=36,pais=Brasil; estado=Minas Gerais; codigo_fmf=36; placar_original=X; jogo_numero=14; cidade=Santa Luzia,2026-09-28T20:17:21,Brasil,Santa Luzia
6c58eb70ff3a4825,FMF,Brasil - FMF - FEMININO SUB-17 - 2026,2026-10-16,15:00,VENDA NOVA,AMÉRICA TO,Estádio Ilvo Marani,RODADA 5,https://www.fmf.com.br/Competicoes/ProxJogos.aspx?d=36,pais=Brasil; estado=Minas Gerais; codigo_fmf=36; placar_original=X; jogo_numero=15; cidade=Vespasiano,2026-09-28T20:17:21,Brasil,Vespasiano
645f9b2d36a4c39d,FPF,Brasil - FPF - Paulista Sub-20 - Série A (SUB20 - Série A),2026-10-16,15:00,Corinthians,AA Portuguesa,Estádio Alfredo Schürig,Rodada 19,https://www.futebolpaulista.com.br/Competicoes/Tabela.aspx,status=Programado; pais=Brasil; estado=São Paulo; fonte=api_ashx; jogo_numero=343; grupo=22; fase=TERCEIRA FASE; canais=TNT; suspencao=LIBERADO,2026-10-09T18:57:44,Brasil,São Paulo
a9be2d3bd76d7920,FPF,Brasil - FPF - Paulista Sub-20 - Série A (SUB20 - Série A),2026-10-16,15:00,Guarani,Sfera FC,Estádio Brinco de Ouro da Princesa,Rodada 19,https://www.futebolpaulista.com.br/Competicoes/Tabela.aspx,status=Programado; pais=Brasil; estado=São Paulo; fonte=api_ashx; jogo_numero=344; grupo=25; fase=TERCEIRA FASE; canais=YouTube Paulistão; suspencao=LIBERADO,2026-10-09T18:57:44,Brasil,Campinas
81f443a9098785ff,FPF,Brasil - FPF - Paulista Sub-20 - Série A (SUB20 - Série A),2026-10-16,15:00,Juventus SAF,Santo André,N/D,Rodada 19,https://www.futebolpaulista.com.br/Competicoes/Tabela.aspx,status=Programado; pais=Brasil; estado=São Paulo; fonte=api_ashx; jogo_numero=345; grupo=27; fase=TERCEIRA FASE; canais=YouTube Paulistão; suspencao=LIBERADO,2026-10-06T19:01:34,Brasil,N/D
1aa7d13d11d953a1,FPF,Brasil - FPF - Paulista Sub-20 - Série A (SUB20 - Série A),2026-10-16,15:00,Red Bull Bragantino,AA Flamengo,CPD Red Bull Bragantino,Rodada 19,https://www.futebolpaulista.com.br/Competicoes/Tabela.aspx,status=Programado; pais=Brasil; estado=São Paulo; fonte=api_ashx; jogo_numero=342; grupo=20; fase=TERCEIRA FASE; canais=YouTube Paulistão; suspencao=LIBERADO,2026-10-09T18:57:44,Brasil,Atibaia
713a0378b6792124,FGF,Brasil - FGF - Taça Mané Garrincha Sub 17 da 1ª Divisão / 2026,2026-10-16,15:30,Goiania E.c. S.a.f.,Cristianópols FC,Dorvalino Monteiro dos Reis,11ª Rodada,https://www.fgf.esp.br/pt/competicoes/jogo.php?id=1783&jogo=56747,status=Programado; pais=Brasil; estado=Goiás; fonte=api_ajax,2026-10-09T18:00:23,Brasil,
e32725dca02cbeb9,FGF,Brasil - FGF - Taça Mané Garrincha Sub 17 da 1ª Divisão / 2026,2026-10-16,15:30,Goiás,Planalto Esporte Clube,CT Edmo Pinheiro,11ª Rodada,https://www.fgf.esp.br/pt/competicoes/jogo.php?id=1783&jogo=56743,status=Programado; pais=Brasil; estado=Goiás; fonte=api_ajax,2026-10-09T18:00:23,Brasil,
1427ff483d57ea51,FGF,Brasil - FGF - Taça Mané Garrincha Sub 17 da 1ª Divisão / 2026,2026-10-16,15:30,Itaberaí Saf,Anapolina S.a.f.,Rio das Pedras,11ª Rodada,https://www.fgf.esp.br/pt/competicoes/jogo.php?id=1783&jogo=56744,status=Programado; pais=Brasil; estado=Goiás; fonte=api_ajax,2026-10-09T18:00:23,Brasil,
17a1441448e0d14d,FGF,Brasil - FGF - Taça Mané Garrincha Sub 17 da 1ª Divisão / 2026,2026-10-16,15:30,Jataiense,Atlético Goianiense Saf,Ronan Maia,11ª Rodada,https://www.fgf.esp.br/pt/competicoes/jogo.php?id=1783&jogo=56742,status=Programado; pais=Brasil; estado=Goiás; fonte=api_ajax,2026-10-09T18:00:23,Brasil,
e5cb2c9f2bd6cba8,FGF,Brasil - FGF - Taça Mané Garrincha Sub 17 da 1ª Divisão / 2026,2026-10-16,15:30,São Luiz,Vila Nova,Jutair Neto,11ª Rodada,https://www.fgf.esp.br/pt/competicoes/jogo.php?id=1783&jogo=56745,status=Programado; pais=Brasil; estado=Goiás; fonte=api_ajax,2026-10-09T18:00:23,Brasil,
13a21520132fe6de,FGF,Brasil - FGF - Taça Mané Garrincha Sub 17 da 1ª Divisão / 2026,2026-10-16,15:30,Trindade,Canedo FC,Abrão Manoel da Costa,11ª Rodada,https://www.fgf.esp.br/pt/competicoes/jogo.php?id=1783&jogo=56746,status=Programado; pais=Brasil; estado=Goiás; fonte=api_ajax,2026-10-09T18:00:23,Brasil,
33a0bd5bb903aa67,FGF,Brasil - FGF - Taça Mané Garrincha Sub 17 da 3ª Divisão / 2026,2026-10-16,15:30,Guapó,Olímpio,Valdir Cândido de Queiroz,1ª Rodada,https://www.fgf.esp.br/pt/competicoes/jogo.php?id=1789&jogo=59646,status=Programado; pais=Brasil; estado=Goiás; fonte=api_ajax,2026-10-09T18:00:23,Brasil,
0fe90e0bedca3070,ESPN,Ecuador - LigaPro Serie A,2026-10-16,15:30,Deportivo Cuenca,Técnico Universitario,Banco del Austro Alejandro Serrano Aguil,,,codigo_espn=401921380; status=Scheduled,2026-10-09T20:23:29,Ecuador,Cuenca
b71069e067b8780f,ESPN,Peru - Liga 1,2026-10-16,15:30,Los Chankas,ADT,Estadio Los Chankas,,,codigo_espn=401886168; status=Scheduled,2026-10-09T21:00:56,Peru,Apurímac
f198eb4ca64aeb64,campeonatochileno.cl,Liga de Ascenso Caixun,2026-10-16,18:00,Santiago Wanderers,Rangers de Talca,Elías Figueroa Brander,Fecha 28,https://www.campeonatochileno.cl/ligas/liga-de-ascenso-caixun/,,2026-10-09T18:12:25,,
99b8715b88408d8c,AFA,Argentina - Torneo Clausura,2026-10-16,19:00,Defensa y Justicia,Instituto,,Zona A,https://www.afa.com.ar/Sitio/posts/la-agenda-de-la-afa,,2026-10-09T18:15:50,Argentina,
a94592ea384fb587,CBF,Brasil - Copa do Brasil Feminina,2026-10-16,19:00,Bahia (BA),São Paulo (SP),Lourival,,https://stcbfsiteprdimgbrs.blob.core.windows.net/img-site/cdn/Tabela_Detalhada_Copa_do_Brasil_Feminina_2026_adbd12d273.pdf,pais=Brasil; cidade=Baptista Aracajú,2026-10-10T09:45:06,,Baptista Aracajú
32142db70363cdb2,AUF,Uruguay - Liga AUF Uruguaya,2026-10-16,19:00,Cerro,Cerro Largo,ESTADIO MONUMENTAL LUIS TROCCOLI,Fecha 11,https://www.auf.org.uy/liga-auf-uruguaya/,,2026-10-09T18:16:42,Uruguay,
c27d5983d8c92da7,CBF,Brasil - Série B,2026-10-16,19:30,Ponte Preta (SP),Atlético (GO),Ítalo,Rodada 34,https://stcbfsiteprdimgbrs.blob.core.windows.net/img-site/cdn/Tabela_Detalhada_Brasileiro_Serie_B_2026_09_10_25ec926739.pdf,pais=Brasil; cidade=Limongi Indaiatuba,2026-10-10T09:45:06,,Limongi Indaiatuba
887f6475c28f33f6,ESPN,Bolivia - Liga Profesional Boliviana,2026-10-16,20:00,Real Tomayapo,GV San José,Estadio IV Centenário,,,codigo_espn=401906306; status=Scheduled,2026-10-09T19:58:11,Bolivia,Tarija
b7495bbfb68778be,CBF,Brasil - Série A,2026-10-16,20:00,Mirassol (SP),Internacional (RS),José M. C. Maia,Rodada 31,https://stcbfsiteprdimgbrs.blob.core.windows.net/img-site/cdn/Tabela_Detalhada_BSA_2026_09_10_e4440cfd8e.pdf,pais=Brasil; cidade=Mirassol,2026-10-10T09:45:06,,Mirassol
da92b62e593f9219,AUF,Uruguay - Segunda División Profesional,2026-10-16,20:00,Colón,Huracán FC,PARQUE PALERMO,Fecha 23,https://www.auf.org.uy/segunda-division-profesional/,,2026-10-09T18:16:42,Uruguay,
baa2f046ec732eff,CBF,Brasil - Série B,2026-10-16,20:30,Sport (PE),Fortaleza (CE),Ilha do Retiro,Rodada 34,https://stcbfsiteprdimgbrs.blob.core.windows.net/img-site/cdn/Tabela_Detalhada_Brasileiro_Serie_B_2026_09_10_25ec926739.pdf,pais=Brasil; cidade=Recife,2026-10-10T09:45:06,,Recife
878cc4896ee3d0c1,campeonatochileno.cl,Copa de la Liga,2026-10-16,20:30,Coquimbo Unido,O'Higgins,Claro Arena,,https://www.campeonatochileno.cl/ligas/copa-de-la-liga/,,2026-10-09T18:12:25,,
35bb4211499ed6b1,AFA,Argentina - Torneo Clausura,2026-10-16,21:30,Boca,Talleres,,Zona A,https://www.afa.com.ar/Sitio/posts/la-agenda-de-la-afa,,2026-10-09T18:15:50,Argentina,
36a66b50a27cb678,FFERJ,Brasil - FFERJ - Competição não identificada,2026-10-17,09:00,E.C Nova Cidade,America F.C (RJ),ESTÁDIO JOAQUIN A FLORES,,https://www.fferj.com.br/partidas/6057,codigo_fferj=6057; fonte_tag=FERJ,2026-10-05T21:16:30,Brasil,Rio de Janeiro
125cca105a3d2326,FFERJ,Brasil - FFERJ - Competição não identificada,2026-10-17,09:00,S.A.F Botafogo,Nova Iguaçu S.A.F,ESTÁDIO ESTÁDIO OLÍMPICO NILTON SANTOS ANEXO,,https://www.fferj.com.br/partidas/6058,codigo_fferj=6058; fonte_tag=FERJ,2026-10-05T21:16:30,Brasil,Rio de Janeiro
67eed3023fa20d7d,FFERJ,Brasil - FFERJ - Competição não identificada,2026-10-17,09:00,Vasco da Gama S.A.F,Madureira E.C,ESTÁDIO NIVALDO PEREIRA,,https://www.fferj.com.br/partidas/6060,codigo_fferj=6060; fonte_tag=FERJ,2026-10-05T21:16:30,Brasil,Rio de Janeiro
56da8778c0a470e7,FMF,Brasil - FMF - 2ª Divisão - 2026,2026-10-17,09:00,NOVO E.C. ITABIRINHA,VILLA NOVA,"Jose Mammoud Abbas ""Mamudão""",RODADA 2,https://www.fmf.com.br/Competicoes/ProxJogos.aspx?d=41,pais=Brasil; estado=Minas Gerais; codigo_fmf=41; placar_original=X; jogo_numero=41; cidade=Governador Valadares,2026-09-28T20:17:21,Brasil,Governador Valadares
3e9da12fb3207398,FFERJ,Brasil - FFERJ - Competição não identificada,2026-10-17,10:00,S.A.F Botafogo,America F.C (RJ),ESTÁDIO ESTÁDIO OLÍMPICO NILTON SANTOS ANEXO,,https://www.fferj.com.br/partidas/5940,codigo_fferj=5940; fonte_tag=FERJ,2026-10-05T21:16:30,Brasil,Rio de Janeiro
d9b81bb77ff64b12,FPF,Brasil - FPF - Paulista F Sub-15 Petrobras (Amador),2026-10-17,10:00,São Paulo,Ferroviária,Estádio Municipal Prefeito Gabriel Marques da Silva,Rodada 13,https://www.futebolpaulista.com.br/Competicoes/Tabela.aspx,"status=Programado; pais=Brasil; estado=São Paulo; fonte=api_ashx; jogo_numero=63; grupo=09; fase=FINAL; canais=TV Brasil, YouTube Paulistão; suspencao=LIBERADO",2026-10-09T18:57:44,Brasil,Santana de Parnaíba
ad3244017ea29973,AUF,Uruguay - Liga AUF Uruguaya,2026-10-17,10:00,Progreso,Juventud,ABRAHAM PALADINO,Fecha 11,https://www.auf.org.uy/liga-auf-uruguaya/,,2026-10-09T18:16:42,Uruguay,
407c89a36b0abb43,FMF,Brasil - FMF - 2ª Divisão - 2026,2026-10-17,10:30,NOVO E.C. ITABIRINHA,VILLA NOVA,"Jose Mammoud Abbas ""Mamudão""",RODADA 2,https://www.fmf.com.br/Competicoes/ProxJogos.aspx?d=42,pais=Brasil; estado=Minas Gerais; codigo_fmf=42; placar_original=X; jogo_numero=41; cidade=Governador Valadares,2026-09-28T20:17:21,Brasil,Governador Valadares
ced4ade05ed2a7ef,FFERJ,Brasil - FFERJ - Competição não identificada,2026-10-17,11:00,E.C Nova Cidade,America F.C (RJ),ESTÁDIO JOAQUIN A FLORES,,https://www.fferj.com.br/partidas/5967,codigo_fferj=5967; fonte_tag=FERJ,2026-10-05T21:16:30,Brasil,Rio de Janeiro
23a26a8a57dfe6be,FFERJ,Brasil - FFERJ - Competição não identificada,2026-10-17,11:00,S.A.F Botafogo,Nova Iguaçu S.A.F,ESTÁDIO ESTÁDIO OLÍMPICO NILTON SANTOS ANEXO,,https://www.fferj.com.br/partidas/5968,codigo_fferj=5968; fonte_tag=FERJ,2026-10-05T21:16:30,Brasil,Rio de Janeiro
f3bbddf9c42ee1d5,FFERJ,Brasil - FFERJ - Competição não identificada,2026-10-17,11:00,Vasco da Gama S.A.F,Madureira E.C,ESTÁDIO NIVALDO PEREIRA,,https://www.fferj.com.br/partidas/5970,codigo_fferj=5970; fonte_tag=FERJ,2026-10-05T21:16:30,Brasil,Rio de Janeiro
700d247579284bc2,FMF,Brasil - FMF - SUB 15 - 1ª Divisão - 2026,2026-10-17,11:00,AMERICA,NORTH ESPORTE CLUBE,Arena da Bola,RODADA 5,https://www.fmf.com.br/Competicoes/ProxJogos.aspx?d=5,pais=Brasil; estado=Minas Gerais; codigo_fmf=5; placar_original=X; jogo_numero=123; cidade=Confins,2026-09-14T18:42:15,Brasil,Confins
7f4b997d90f1000b,FMF,Brasil - FMF - SUB 15 - 1ª Divisão - 2026,2026-10-17,11:00,ATLÉTICO SAF,BOSTON CITY,Cidade do Galo,RODADA 5,https://www.fmf.com.br/Competicoes/ProxJogos.aspx?d=5,pais=Brasil; estado=Minas Gerais; codigo_fmf=5; placar_original=X; jogo_numero=124; cidade=Vespasiano,2026-09-14T18:42:15,Brasil,Vespasiano
bf54bb7f44dd9a17,FMF,Brasil - FMF - SUB 15 - 1ª Divisão - 2026,2026-10-17,11:00,CRUZEIRO - SAF,COIMBRA SAF,Toca da Raposa I,RODADA 5,https://www.fmf.com.br/Competicoes/ProxJogos.aspx?d=5,pais=Brasil; estado=Minas Gerais; codigo_fmf=5; placar_original=X; jogo_numero=122; cidade=Belo Horizonte,2026-09-14T18:42:15,Brasil,Belo Horizonte
b8fea0582e8e0c13,ESPN,Ecuador - LigaPro Serie A,2026-10-17,11:30,Libertad (Ecuador),Guayaquil City FC,Estadio Federativo Reina del Cisne,,,codigo_espn=401921379; status=Scheduled,2026-10-09T20:23:29,Ecuador,Loja
ccebd72051934999,campeonatochileno.cl,Campeonato Nacional Juvenil Femenino Clausura,2026-10-17,12:00,Deportes Recoleta Juvenil Fem,Unión Española Juvenil Fem,,Fecha 5,https://www.campeonatochileno.cl/ligas/campeonato-nacional-juvenil-femenino-clausura/,,2026-07-14T13:55:28,,
9eca5a20cccd831b,campeonatochileno.cl,Liga de Ascenso Caixun,2026-10-17,12:30,Magallanes,San Luis,Estadio Municipal de San Bernardo,Fecha 28,https://www.campeonatochileno.cl/ligas/liga-de-ascenso-caixun/,,2026-10-09T18:12:25,,
be821d70f9da37e5,FFERJ,Brasil - FFERJ - Competição não identificada,2026-10-17,13:00,Bangu A.C,Resende F. C.,ESTÁDIO PROLETARIO GUILHERME DA SILVEIRA FILHO,,https://www.fferj.com.br/partidas/5972,codigo_fferj=5972; fonte_tag=FERJ,2026-10-05T21:16:30,Brasil,Rio de Janeiro
e9b867255bfdcfbb,FFERJ,Brasil - FFERJ - Competição não identificada,2026-10-17,13:00,C.R Flamengo,PETRÓPOLIS GONÇALENSE FC,ESTÁDIO JOSÉ BASTOS PADILHA,,https://www.fferj.com.br/partidas/5969,codigo_fferj=5969; fonte_tag=FERJ,2026-10-05T21:16:30,Brasil,Rio de Janeiro
9fb62277ac7179fc,campeonatochileno.cl,Campeonato Nacional Juvenil Femenino Clausura,2026-10-17,13:00,Magallanes Juvenil Fem,Palestino Juvenil Fem,,Fecha 12,https://www.campeonatochileno.cl/ligas/campeonato-nacional-juvenil-femenino-clausura/,,2026-07-13T14:46:09,,
3d4fd556733c077e,AUF,Uruguay - Liga AUF Uruguaya,2026-10-17,13:00,Racing,Wanderers,PARQUE OSVALDO ROBERTO,Fecha 11,https://www.auf.org.uy/liga-auf-uruguaya/,,2026-10-09T18:16:42,Uruguay,
63940ba531f94d7b,FMF,Brasil - FMF - 2ª Divisão - 2026,2026-10-17,13:30,POUSO ALEGRE SAF,SC AYMORES,Instituto Bola Preta,RODADA 2,https://www.fmf.com.br/Competicoes/ProxJogos.aspx?d=41,pais=Brasil; estado=Minas Gerais; codigo_fmf=41; placar_original=X; jogo_numero=40; cidade=Eloi Mendes,2026-09-28T20:17:21,Brasil,Eloi Mendes
b1f75dab18b9e9a1,FPF,Brasil - FPF - Paulista Sub-13 (SUB13),2026-10-17,14:00,Corinthians,Paulista,Estádio Municipal Bruno José Daniel,Rodada 18,https://www.futebolpaulista.com.br/Competicoes/Tabela.aspx,status=Programado; pais=Brasil; estado=São Paulo; fonte=api_ashx; jogo_numero=643; grupo=30; fase=TERCEIRA FASE; suspencao=LIBERADO,2026-10-09T18:57:44,Brasil,Santo André
19a4cc931e0b2837,FPF,Brasil - FPF - Paulista Sub-14 (SUB14),2026-10-17,14:00,Meia Noite SAF,Cosmopolitano,Estádio Galileu de Andrade Lopes,Rodada 18,https://www.futebolpaulista.com.br/Competicoes/Tabela.aspx,status=Programado; pais=Brasil; estado=São Paulo; fonte=api_ashx; jogo_numero=648; grupo=34; fase=TERCEIRA FASE; suspencao=LIBERADO,2026-10-09T18:57:44,Brasil,Patrocínio Paulista
f7d4dad639a7ca2d,campeonatochileno.cl,Campeonato Nacional Juvenil Femenino Clausura,2026-10-17,14:00,San Marcos de Arica Juvenil Fem,Cobreloa Juvenil Fem,,Fecha 12,https://www.campeonatochileno.cl/ligas/campeonato-nacional-juvenil-femenino-clausura/,,2026-07-13T14:46:09,,
66ebaef78e0e8912,ESPN,Ecuador - LigaPro Serie A,2026-10-17,14:00,Macará,Independiente del Valle,Estadio Bellavista,,,codigo_espn=401921349; status=Scheduled,2026-10-09T20:23:29,Ecuador,Ambato
8cda0776128ae836,AUF,Uruguay - Segunda División Profesional,2026-10-17,14:00,Fénix,Paysandú FC,PARQUE CAPURRO,Fecha 23,https://www.auf.org.uy/segunda-division-profesional/,,2026-10-09T18:16:42,Uruguay,
123afd7f0eb67ce1,AFA,Argentina - Torneo Clausura,2026-10-17,15:00,Banfield,Argentinos,,Zona B,https://www.afa.com.ar/Sitio/posts/la-agenda-de-la-afa,,2026-10-09T18:15:50,Argentina,
0eb668a4f3aff403,ESPN,Bolivia - Liga Profesional Boliviana,2026-10-17,15:00,Real Oruro,Aurora,Estadio Jesús Bermúdez,,,codigo_espn=401906466; status=Scheduled,2026-10-09T19:58:11,Bolivia,Oruro
fe6200157afde172,CBF,Brasil - Campeonato Mineiro - Segunda Divisão - 2026,2026-10-17,15:00,Nacional,Venda Nova,Soares de Azevedo,Rodada 5,https://www.cbf.com.br/futebol-brasileiro/tabelas/campeonato-mineiro/,fonte_tag=CBF; competicao=Mineiro_Div2,2026-07-30T23:40:14.663593,Brasil,Muriaé
2065e49b39aa4e5e,FFERJ,Brasil - FFERJ - Competição não identificada,2026-10-17,15:00,Bangu A.C,Resende F. C.,ESTÁDIO PROLETARIO GUILHERME DA SILVEIRA FILHO,,https://www.fferj.com.br/partidas/6062,codigo_fferj=6062; fonte_tag=FERJ,2026-10-05T21:16:30,Brasil,Rio de Janeiro
3886d90e8b6ebd90,FFERJ,Brasil - FFERJ - Competição não identificada,2026-10-17,15:00,C.R Flamengo,PETRÓPOLIS GONÇALENSE FC,ESTÁDIO JOSÉ BASTOS PADILHA,,https://www.fferj.com.br/partidas/6059,codigo_fferj=6059; fonte_tag=FERJ,2026-10-05T21:16:30,Brasil,Rio de Janeiro
d0a4355910915557,FFERJ,Brasil - FFERJ - Competição não identificada,2026-10-17,15:00,Sampaio Corrêa F.E Ltda,Aes Cultural Mamao,ESTÁDIO LOURIVAL GOMES DE ALMEIDA,,https://www.fferj.com.br/partidas/5941,codigo_fferj=5941; fonte_tag=FERJ,2026-10-05T21:16:30,Brasil,Rio de Janeiro
8090b60310181b18,FMF,Brasil - FMF - 2ª Divisão - 2026,2026-10-17,15:00,POUSO ALEGRE SAF,SC AYMORES,Instituto Bola Preta,RODADA 2,https://www.fmf.com.br/Competicoes/ProxJogos.aspx?d=42,pais=Brasil; estado=Minas Gerais; codigo_fmf=42; placar_original=X; jogo_numero=40; cidade=Eloi Mendes,2026-09-28T20:17:21,Brasil,Eloi Mendes
ae84269455721e43,FMF,Brasil - FMF - FEMININO - 2026,2026-10-17,15:00,AMERICA,ARAGUARI,,RODADA 7,https://www.fmf.com.br/Competicoes/ProxJogos.aspx?d=7,pais=Brasil; estado=Minas Gerais; codigo_fmf=7; placar_original=X; jogo_numero=19,2026-09-28T20:17:21,Brasil,
92bf53f225dee3dd,FMF,Brasil - FMF - FEMININO - 2026,2026-10-17,15:00,ITABIRITO,DEMOCRATA GV,Arena Gregorão,RODADA 7,https://www.fmf.com.br/Competicoes/ProxJogos.aspx?d=7,pais=Brasil; estado=Minas Gerais; codigo_fmf=7; placar_original=X; jogo_numero=20; cidade=Contagem,2026-09-28T20:17:21,Brasil,Contagem
232a0e63a9d757c5,FMF,Brasil - FMF - FEMININO - 2026,2026-10-17,15:00,VENDA NOVA,ATLÉTICO SAF,Estádio Ilvo Marani,RODADA 7,https://www.fmf.com.br/Competicoes/ProxJogos.aspx?d=7,pais=Brasil; estado=Minas Gerais; codigo_fmf=7; placar_original=X; jogo_numero=21; cidade=Vespasiano,2026-09-28T20:17:21,Brasil,Vespasiano
d2f463a19dd07504,FMF,Brasil - FMF - SEGUNDA DIVISÃO - 2026,2026-10-17,15:00,ARAXA ESPORTE CLUBE,FUNORTE,Fausto Alvim,RODADA 5,https://www.fmf.com.br/Competicoes/ProxJogos.aspx?d=3,pais=Brasil; estado=Minas Gerais; codigo_fmf=3; placar_original=X; jogo_numero=28; cidade=Araxa,2026-09-28T20:17:21,Brasil,Araxa
d4f07e0edaca51fa,FMF,Brasil - FMF - SEGUNDA DIVISÃO - 2026,2026-10-17,15:00,INTER DE MINAS,E.C. NOVA LAVRAS,Complexo Esportivo Universidade de Itauna,RODADA 5,https://www.fmf.com.br/Competicoes/ProxJogos.aspx?d=3,pais=Brasil; estado=Minas Gerais; codigo_fmf=3; placar_original=X; jogo_numero=26; cidade=Itauna,2026-09-28T20:17:21,Brasil,Itauna
799e78721478fa34,FMF,Brasil - FMF - SEGUNDA DIVISÃO - 2026,2026-10-17,15:00,NAC MURIAÉ,VENDA NOVA,Soares de Azevedo,RODADA 5,https://www.fmf.com.br/Competicoes/ProxJogos.aspx?d=3,pais=Brasil; estado=Minas Gerais; codigo_fmf=3; placar_original=X; jogo_numero=25; cidade=Muriae,2026-09-28T20:17:21,Brasil,Muriae
e8c8b2ea3abe86d7,FMF,Brasil - FMF - SEGUNDA DIVISÃO - 2026,2026-10-17,15:00,PARACATU,BETIM FUTEBOL,Estádio Frei Norberto,RODADA 5,https://www.fmf.com.br/Competicoes/ProxJogos.aspx?d=3,pais=Brasil; estado=Minas Gerais; codigo_fmf=3; placar_original=X; jogo_numero=29; cidade=Paracatu,2026-09-28T20:17:21,Brasil,Paracatu
1808428018130c83,FMF,Brasil - FMF - SEGUNDA DIVISÃO - 2026,2026-10-17,15:00,SANTARRITENSE FC,NOVO E.C. ITABIRINHA,Estádio Municipal Coronel Erasmo Cabral,RODADA 5,https://www.fmf.com.br/Competicoes/ProxJogos.aspx?d=3,pais=Brasil; estado=Minas Gerais; codigo_fmf=3; placar_original=X; jogo_numero=27; cidade=Santa Rita do Sapucai,2026-09-28T20:17:21,Brasil,Santa Rita do Sapucai
541acff601aae819,FMF,Brasil - FMF - SEGUNDA DIVISÃO - 2026,2026-10-17,15:00,SIDERÚRGICA,SÃO JOÃO DEL REI,Campo do Siderurgica (praia do o),RODADA 5,https://www.fmf.com.br/Competicoes/ProxJogos.aspx?d=3,pais=Brasil; estado=Minas Gerais; codigo_fmf=3; placar_original=X; jogo_numero=30; cidade=Sabara,2026-09-28T20:17:21,Brasil,Sabara
ebaedc76f039f410,FPF,Brasil - FPF - Amador do Estado,2026-10-17,15:00,Campinho (BRG),Nova Detroit (SJC),Estadio Olimpio Rodrigues,Rodada 2,https://www.futebolpaulista.com.br/Competicoes/Tabela.aspx,status=Programado; pais=Brasil; estado=São Paulo; fonte=api_ashx; jogo_numero=8; suspencao=LIBERADO,2026-10-09T18:57:44,Brasil,Bragança Paulista
d2778838e6b76f96,FPF,Brasil - FPF - Amador do Estado,2026-10-17,15:00,EC Azulão (MGC),Vasquinho (RBP),Estádio Municipal Francisco Ribeiro Nogueira,Rodada 2,https://www.futebolpaulista.com.br/Competicoes/Tabela.aspx,status=Programado; pais=Brasil; estado=São Paulo; fonte=api_ashx; jogo_numero=9; suspencao=LIBERADO,2026-10-09T18:57:44,Brasil,Mogi das Cruzes
023858ea337c972a,FPF,Brasil - FPF - Amador do Estado,2026-10-17,15:00,Santa Rita FC (LARFA),REALCEDÉGA FC (BAU),Estádio Municipal Bruno Lazzarini,Rodada 2,https://www.futebolpaulista.com.br/Competicoes/Tabela.aspx,status=Programado; pais=Brasil; estado=São Paulo; fonte=api_ashx; jogo_numero=7; suspencao=LIBERADO,2026-10-09T18:57:44,Brasil,Leme
4f9dac11f7c71be3,FPF,Brasil - FPF - Paulista F Sub-20 Petrobras (Amador),2026-10-17,15:00,Audax,Palmeiras,Estádio Municipal Prefeito José Liberatti,Rodada 12,https://www.futebolpaulista.com.br/Competicoes/Tabela.aspx,status=Programado; pais=Brasil; estado=São Paulo; fonte=api_ashx; jogo_numero=69; grupo=05; fase=QUARTAS DE FINAL; canais=YouTube Paulistão; suspencao=LIBERADO,2026-10-09T18:57:44,Brasil,Osasco
ba86c5bd1e717a70,FPF,Brasil - FPF - Paulista F Sub-20 Petrobras (Amador),2026-10-17,15:00,Red Bull Bragantino,Corinthians,Estádio Benito Agnelo Castellano,Rodada 12,https://www.futebolpaulista.com.br/Competicoes/Tabela.aspx,status=Programado; pais=Brasil; estado=São Paulo; fonte=api_ashx; jogo_numero=68; grupo=04; fase=QUARTAS DE FINAL; canais=YouTube Paulistão; suspencao=LIBERADO,2026-10-09T18:57:44,Brasil,Rio Claro
adb2d24668e3ce96,FPF,Brasil - FPF - Paulista F Sub-20 Petrobras (Amador),2026-10-17,15:00,Santos,São Paulo,CT Rei Pelé - Campo I,Rodada 12,https://www.futebolpaulista.com.br/Competicoes/Tabela.aspx,status=Programado; pais=Brasil; estado=São Paulo; fonte=api_ashx; jogo_numero=70; grupo=06; fase=QUARTAS DE FINAL; canais=YouTube Paulistão; suspencao=LIBERADO,2026-10-09T18:57:44,Brasil,Santos
0efb0946e8e18507,FPF,Brasil - FPF - Paulista F Sub-20 Petrobras (Amador),2026-10-17,15:00,São Bento,Ferroviária,Estádio Municipal Walter Ribeiro,Rodada 12,https://www.futebolpaulista.com.br/Competicoes/Tabela.aspx,status=Programado; pais=Brasil; estado=São Paulo; fonte=api_ashx; jogo_numero=67; grupo=03; fase=QUARTAS DE FINAL; canais=YouTube Paulistão; suspencao=LIBERADO,2026-10-02T18:40:36,Brasil,Sorocaba
54fba24dc9eaaa8e,FPF,Brasil - FPF - Paulista Sub-20 - Série A (SUB20 - Série A),2026-10-17,15:00,Ibrachina FC,Capivariano,Ibrachina Arena,Rodada 19,https://www.futebolpaulista.com.br/Competicoes/Tabela.aspx,status=Programado; pais=Brasil; estado=São Paulo; fonte=api_ashx; jogo_numero=346; grupo=24; fase=TERCEIRA FASE; canais=YouTube Paulistão; suspencao=LIBERADO,2026-10-09T18:57:44,Brasil,São Paulo
b3b1df3bfe540d61,FPF,Brasil - FPF - Paulista Sub-20 - Série A (SUB20 - Série A),2026-10-17,15:00,Juventus SAF,Santo André,Estádio Conde Rodolfo Crespi,Rodada 19,https://www.futebolpaulista.com.br/Competicoes/Tabela.aspx,status=Programado; pais=Brasil; estado=São Paulo; fonte=api_ashx; jogo_numero=345; grupo=27; fase=TERCEIRA FASE; canais=YouTube Paulistão; suspencao=LIBERADO,2026-10-09T18:57:44,Brasil,São Paulo
26e1e2988df66785,FPF,Brasil - FPF - Taça Paulistana Petrobras (Amador),2026-10-17,15:00,AD Centro Olimpico,Mauaense,Centro Esportivo Recreativo Educativo do Trabalhador,Rodada 7,https://www.futebolpaulista.com.br/Competicoes/Tabela.aspx,status=Programado; pais=Brasil; estado=São Paulo; fonte=api_ashx; jogo_numero=19; grupo=01; fase=PRIMEIRA FASE; canais=YouTube Paulistão; suspencao=LIBERADO,2026-10-02T18:40:36,Brasil,São Paulo
6ce18b47ee1cb0c1,ESPN,Colombia - Liga BetPlay,2026-10-17,15:00,Boyacá Chicó FC,Atlético Nacional,La Independencia,,,codigo_espn=401877851; status=Scheduled,2026-10-09T19:09:49,Colombia,Tunja
f7339e14c8ecf7a1,campeonatochileno.cl,Liga de Ascenso Caixun,2026-10-17,15:00,Cobreloa,Deportes Recoleta,Zorros del Desierto,Fecha 28,https://www.campeonatochileno.cl/ligas/liga-de-ascenso-caixun/,,2026-10-09T18:12:25,,
fea8f34b52b40ee0,campeonatochileno.cl,Liga de Ascenso Caixun,2026-10-17,15:00,Curicó Unido,Deportes Iquique,Estadio Bicentenario La Granja,Fecha 28,https://www.campeonatochileno.cl/ligas/liga-de-ascenso-caixun/,,2026-09-30T17:50:52,,
e001618b526e8228,ESPN,Peru - Liga 1,2026-10-17,15:00,Juan Pablo II,Sport Boys,Complejo Deportivo Juan Pablo II,,,codigo_espn=401886164; status=Scheduled,2026-10-09T21:00:56,Peru,Chongoyape
8c1ec91903b427b0,FGF,Brasil - FGF - Campeonato Goiano Feminino Adulto / 2026,2026-10-17,15:30,Anapolina S.a.f.,Aliança,CT Anapolina,1ª Rodada,https://www.fgf.esp.br/pt/competicoes/jogo.php?id=1816&jogo=57464,status=Programado; pais=Brasil; estado=Goiás; fonte=api_ajax,2026-10-09T18:00:23,Brasil,
127484caa7153f62,FGF,Brasil - FGF - Campeonato Goiano Feminino Adulto / 2026,2026-10-17,15:30,Flugoiania,Vila Nova,CT Fazendinha,1ª Rodada,https://www.fgf.esp.br/pt/competicoes/jogo.php?id=1816&jogo=57463,status=Programado; pais=Brasil; estado=Goiás; fonte=api_ajax,2026-10-09T18:00:23,Brasil,
2ad9e92eac6500a3,FGF,Brasil - FGF - Campeonato Goiano de Profissionais da 3ª Divisão / 2026,2026-10-17,15:30,Itumbiara,Atlético Itumbiara,Anibal Batista de Toledo,2ª Rodada,https://www.fgf.esp.br/pt/competicoes/jogo.php?id=1830&jogo=58144,status=Programado; pais=Brasil; estado=Goiás; fonte=api_ajax,2026-10-09T18:00:23,Brasil,
3122115de9f6d065,FGF,Brasil - FGF - Copa Goiás Sub 20 da 1ª Divisão / 2026,2026-10-17,15:30,Anápolis,Aparecidense,CT Valterci de Melo,11ª Rodada,https://www.fgf.esp.br/pt/competicoes/jogo.php?id=1784&jogo=56869,status=Programado; pais=Brasil; estado=Goiás; fonte=api_ajax,2026-10-09T18:00:23,Brasil,
7e3e085139020ac3,FGF,Brasil - FGF - Copa Goiás Sub 20 da 1ª Divisão / 2026,2026-10-17,15:30,CEC - Cerrado Esporte Clube,Goiania E.c. S.a.f.,CT TOCA DO LOBO,11ª Rodada,https://www.fgf.esp.br/pt/competicoes/jogo.php?id=1784&jogo=56863,status=Programado; pais=Brasil; estado=Goiás; fonte=api_ajax,2026-10-09T18:00:23,Brasil,
064d7ab2e7fb712c,FGF,Brasil - FGF - Copa Goiás Sub 20 da 1ª Divisão / 2026,2026-10-17,15:30,Goiás,Vila Nova,CT Edmo Pinheiro,11ª Rodada,https://www.fgf.esp.br/pt/competicoes/jogo.php?id=1784&jogo=56862,status=Programado; pais=Brasil; estado=Goiás; fonte=api_ajax,2026-10-09T18:00:23,Brasil,
a9499c7e58370133,FGF,Brasil - FGF - Copa Goiás Sub 20 da 1ª Divisão / 2026,2026-10-17,15:30,Planalto Esporte Clube,Atlético Goianiense Saf,CT Buriti Sereno,11ª Rodada,https://www.fgf.esp.br/pt/competicoes/jogo.php?id=1784&jogo=56865,status=Programado; pais=Brasil; estado=Goiás; fonte=api_ajax,2026-10-09T18:00:23,Brasil,
e4dee111569d87e1,FGF,Brasil - FGF - Copa Goiás Sub 20 da 1ª Divisão / 2026,2026-10-17,15:30,São Luiz,Royal,Jutair Neto,11ª Rodada,https://www.fgf.esp.br/pt/competicoes/jogo.php?id=1784&jogo=56866,status=Programado; pais=Brasil; estado=Goiás; fonte=api_ajax,2026-10-09T18:00:23,Brasil,
4e9683d47913e01a,FGF,Brasil - FGF - Copa Goiás Sub 20 da 1ª Divisão / 2026,2026-10-17,15:30,Trindade,Guanabara City F.c.,Abrão Manoel da Costa,11ª Rodada,https://www.fgf.esp.br/pt/competicoes/jogo.php?id=1784&jogo=56867,status=Programado; pais=Brasil; estado=Goiás; fonte=api_ajax,2026-10-09T18:00:23,Brasil,
f5dd168c1005dd78,FMF,Brasil - FMF - SUB 15 - 1ª Divisão - 2026,2026-10-17,15:30,ATHLETIC,ITABIRITO,CT ATHLETIC,RODADA 5,https://www.fmf.com.br/Competicoes/ProxJogos.aspx?d=5,pais=Brasil; estado=Minas Gerais; codigo_fmf=5; placar_original=X; jogo_numero=125; cidade=Sao Joao Del Rei,2026-09-14T18:42:15,Brasil,Sao Joao Del Rei
f3404108350794d4,FPF,Brasil - FPF - Paulista Sub-14 (SUB14),2026-10-17,15:40,Corinthians,Sfera FC,Estádio Municipal Bruno José Daniel,Rodada 18,https://www.futebolpaulista.com.br/Competicoes/Tabela.aspx,status=Programado; pais=Brasil; estado=São Paulo; fonte=api_ashx; jogo_numero=643; grupo=30; fase=TERCEIRA FASE; suspencao=LIBERADO,2026-10-09T18:57:44,Brasil,Santo André
ad15e42f259c3a77,FPF,Brasil - FPF - Paulista Sub-20 - Série A (SUB20 - Série A),2026-10-17,15:45,São Paulo,Desportivo Brasil,Marcelo Portugal Gouvêa (Laudo Natel),Rodada 19,https://www.futebolpaulista.com.br/Competicoes/Tabela.aspx,status=Programado; pais=Brasil; estado=São Paulo; fonte=api_ashx; jogo_numero=347; grupo=26; fase=TERCEIRA FASE; canais=Xsports; suspencao=LIBERADO,2026-10-09T18:57:44,Brasil,Cotia
d52cbe86ca041fae,FGF,Brasil - FGF - Campeonato Goiano de Profissionais da 3ª Divisão / 2026,2026-10-17,16:00,Itumbiara,Atlético Itumbiara,Anibal Batista de Toledo,2ª Rodada,https://www.fgf.esp.br/pt/competicoes/jogo.php?id=1830&jogo=58144,status=Programado; pais=Brasil; estado=Goiás; fonte=api_ajax,2026-09-25T16:32:13,Brasil,
fed913a4c0cce280,FGF,Brasil - FGF - Copa Goiás Sub 11 da 1ª Divisão / 2026,2026-10-17,16:00,Canedo FC,Estrela,CT Cidade do Tubarão,11ª Rodada,https://www.fgf.esp.br/pt/competicoes/jogo.php?id=1780&jogo=56513,status=Programado; pais=Brasil; estado=Goiás; fonte=api_ajax,2026-10-09T18:00:23,Brasil,
d18527a80fcfdc42,FGF,Brasil - FGF - Copa Goiás Sub 11 da 1ª Divisão / 2026,2026-10-17,16:00,Cewg,Real Clube,CE WILSON GOIANO,11ª Rodada,https://www.fgf.esp.br/pt/competicoes/jogo.php?id=1780&jogo=56515,status=Programado; pais=Brasil; estado=Goiás; fonte=api_ajax,2026-10-09T18:00:23,Brasil,
b50236455773b7b5,FGF,Brasil - FGF - Copa Goiás Sub 11 da 1ª Divisão / 2026,2026-10-17,16:00,Desportivo Real Fc,Independente de Rio Verde,Sebastião Aniceto de Oliveira,11ª Rodada,https://www.fgf.esp.br/pt/competicoes/jogo.php?id=1780&jogo=56518,status=Programado; pais=Brasil; estado=Goiás; fonte=api_ajax,2026-10-09T18:00:23,Brasil,
c075d388e2adad42,FGF,Brasil - FGF - Copa Goiás Sub 11 da 1ª Divisão / 2026,2026-10-17,16:00,Goiás,Planalto Esporte Clube,CT Edmo Pinheiro,11ª Rodada,https://www.fgf.esp.br/pt/competicoes/jogo.php?id=1780&jogo=56514,status=Programado; pais=Brasil; estado=Goiás; fonte=api_ajax,2026-10-09T18:00:23,Brasil,
d7ab76993ea470a9,FGF,Brasil - FGF - Copa Goiás Sub 11 da 1ª Divisão / 2026,2026-10-17,16:00,Olímpio,Vila Nova,Serra de Caldas,11ª Rodada,https://www.fgf.esp.br/pt/competicoes/jogo.php?id=1780&jogo=56516,status=Programado; pais=Brasil; estado=Goiás; fonte=api_ajax,2026-10-09T18:00:23,Brasil,
f517afbc2e8b59f8,FGF,Brasil - FGF - Copa Goiás Sub 11 da 1ª Divisão / 2026,2026-10-17,16:00,Ovel,Flugoiania,CT Ovel,11ª Rodada,https://www.fgf.esp.br/pt/competicoes/jogo.php?id=1780&jogo=56517,status=Programado; pais=Brasil; estado=Goiás; fonte=api_ajax,2026-10-09T18:00:23,Brasil,
d4b7f72ea4954327,AUF,Uruguay - Liga AUF Uruguaya,2026-10-17,16:00,Boston River,Def. Sporting,CAMPEONES OLIMPICOS DE FLORIDA,Fecha 11,https://www.auf.org.uy/liga-auf-uruguaya/,,2026-10-09T18:16:42,Uruguay,
4c52b0e7e2a402f8,CBF,Brasil - Série B,2026-10-17,16:30,Ceará (CE),Juventude (RS),Arena Castelão,Rodada 34,https://stcbfsiteprdimgbrs.blob.core.windows.net/img-site/cdn/Tabela_Detalhada_Brasileiro_Serie_B_2026_09_10_25ec926739.pdf,pais=Brasil; cidade=Fortaleza,2026-10-10T09:45:06,,Fortaleza
9789f84e1e953d1f,ESPN,Ecuador - LigaPro Serie A,2026-10-17,16:30,Aucas,Liga de Quito,Estadio Gonzalo Pozo Ripalda,,,codigo_espn=401921347; status=Scheduled,2026-10-09T20:23:29,Ecuador,Quito
eee60c757d9e731f,AUF,Uruguay - Segunda División Profesional,2026-10-17,17:00,Tacuarembó,La Luz,ESTADIO RAUL S. GOYENOLA,Fecha 23,https://www.auf.org.uy/segunda-division-profesional/,,2026-10-09T18:16:42,Uruguay,
cd5fc2c2f010c4b1,ESPN,Bolivia - Liga Profesional Boliviana,2026-10-17,17:15,Universitario de Vinto,San Antonio Bulo Bulo,Estadio Félix Capriles,,,codigo_espn=401906305; status=Scheduled,2026-10-09T19:58:11,Bolivia,Cochabamba
2fc7511829251227,AFA,Argentina - Torneo Clausura,2026-10-17,17:30,Ind. Rivadavia Mza.,Tigre,,Zona B,https://www.afa.com.ar/Sitio/posts/la-agenda-de-la-afa,,2026-10-09T18:15:50,Argentina,
09fbce754abc70f9,AFA,Argentina - Torneo Clausura,2026-10-17,17:30,Platense,Lanús,,Zona A,https://www.afa.com.ar/Sitio/posts/la-agenda-de-la-afa,,2026-10-09T18:15:50,Argentina,
cb3acfe72872fece,FPF,Brasil - FPF - Copa Paulista (Profissional),2026-10-17,18:00,São José EC SAF,União São João,Estádio Municipal Martins Pereira,Rodada 14,https://www.futebolpaulista.com.br/Competicoes/Tabela.aspx,"status=Programado; pais=Brasil; estado=São Paulo; fonte=api_ashx; jogo_numero=70; grupo=15; fase=FINAL; canais=YouTube Paulistão, Metrópoles, Xsports, Ulisses TV, BR IN TV; suspencao=LIBERADO",2026-10-09T18:57:44,Brasil,São José dos Campos
9f5ad10dee1b366d,FPF,Brasil - FPF - Paulista Sub-20 - Série A (SUB20 - Série A),2026-10-17,18:00,São Paulo,Desportivo Brasil,Marcelo Portugal Gouvêa (Laudo Natel),Rodada 19,https://www.futebolpaulista.com.br/Competicoes/Tabela.aspx,status=Programado; pais=Brasil; estado=São Paulo; fonte=api_ashx; jogo_numero=347; grupo=26; fase=TERCEIRA FASE; canais=Xsports; suspencao=LIBERADO,2026-10-06T19:01:34,Brasil,Cotia
463434cb6f25493e,CBF,Brasil - Série A,2026-10-17,18:00,Botafogo (RJ),Chapecoense (SC),Nilton Santos,Rodada 31,https://stcbfsiteprdimgbrs.blob.core.windows.net/img-site/cdn/Tabela_Detalhada_BSA_2026_09_10_e4440cfd8e.pdf,pais=Brasil; cidade=Rio de Janeiro,2026-10-10T09:45:06,,Rio de Janeiro
c4a9ba3cabe88c76,ESPN,Peru - Liga 1,2026-10-17,18:00,Melgar,Deportivo Garcilaso,Estadio Monumental de la UNSA,,,codigo_espn=401886177; status=Scheduled,2026-10-09T21:00:56,Peru,Arequipa
290863da82509209,ESPN,Colombia - Liga BetPlay,2026-10-17,18:05,Millonarios,Jaguares de Córdoba,Estadio Nemesio Camacho El Campín,,,codigo_espn=401878048; status=Scheduled,2026-10-09T19:09:49,Colombia,Bogota
7b8853a1a738e5e0,CBF,Brasil - Série A,2026-10-17,18:30,Atlético (MG),Coritiba (PR),Arena MRV,Rodada 31,https://stcbfsiteprdimgbrs.blob.core.windows.net/img-site/cdn/Tabela_Detalhada_BSA_2026_09_10_e4440cfd8e.pdf,pais=Brasil; cidade=Belo Horizonte,2026-10-10T09:45:06,,Belo Horizonte
46b1977e50442c5c,CBF,Brasil - Série B,2026-10-17,18:30,América (MG),Operário (PR),Arena da Independência,Rodada 34,https://stcbfsiteprdimgbrs.blob.core.windows.net/img-site/cdn/Tabela_Detalhada_Brasileiro_Serie_B_2026_09_10_25ec926739.pdf,pais=Brasil; cidade=Belo Horizonte,2026-10-10T09:45:06,,Belo Horizonte
ec03e306326f1801,ESPN,Bolivia - Liga Profesional Boliviana,2026-10-17,19:30,Blooming,Independiente Petrolero,Estadio Ramón Tahuichi,,,codigo_espn=401906465; status=Scheduled,2026-10-09T19:58:11,Bolivia,Santa Cruz
ee36152eee30b79a,CBF,Brasil - Série A,2026-10-17,19:30,Athletico (PR),Palmeiras (SP),Arena da Baixada,Rodada 31,https://stcbfsiteprdimgbrs.blob.core.windows.net/img-site/cdn/Tabela_Detalhada_BSA_2026_09_10_e4440cfd8e.pdf,pais=Brasil; cidade=Curitiba,2026-10-10T09:45:06,,Curitiba
e7f55a1be4c9f7bc,campeonatochileno.cl,Campeonato Nacional Juvenil Femenino Clausura,2026-10-17,1:00,Magallanes Juvenil Fem,Palestino Juvenil Fem,,Fecha 12,https://www.campeonatochileno.cl/ligas/campeonato-nacional-juvenil-femenino-clausura/,,2026-07-14T13:55:28,,
30d1559e4313e694,AFA,Argentina - Torneo Clausura,2026-10-17,20:00,Atlético Tucumán,Rosario Central,,Zona B,https://www.afa.com.ar/Sitio/posts/la-agenda-de-la-afa,,2026-10-09T18:15:50,Argentina,
9f162c149c6176f5,AFA,Argentina - Torneo Clausura,2026-10-17,20:00,Vélez,Gimnasia (Mza.),,Zona A,https://www.afa.com.ar/Sitio/posts/la-agenda-de-la-afa,,2026-10-09T18:15:50,Argentina,
4627e0c42d9e6b76,AUF,Uruguay - Segunda División Profesional,2026-10-17,20:00,Miramar Misiones,Cerrito,ESTADIO CHARRUA,Fecha 23,https://www.auf.org.uy/segunda-division-profesional/,,2026-10-09T18:16:42,Uruguay,
a95eead7217eadb0,ESPN,Colombia - Liga BetPlay,2026-10-17,20:10,Independiente Medellín,Once Caldas,Atanasio Girardot,,,codigo_espn=401878030; status=Scheduled,2026-10-09T19:09:49,Colombia,Medellin
bf0a36cdf328e191,ESPN,Peru - Liga 1,2026-10-17,20:30,Alianza Lima,Atlético Grau,Estadio Alejandro Villanueva,,,codigo_espn=401886166; status=Scheduled,2026-10-09T21:00:56,Peru,Lima
7eb33bc63751703f,CBF,Brasil - Série A,2026-10-17,21:00,São Paulo (SP),Vasco da Gama (RJ),Morumbis,Rodada 31,https://stcbfsiteprdimgbrs.blob.core.windows.net/img-site/cdn/Tabela_Detalhada_BSA_2026_09_10_e4440cfd8e.pdf,pais=Brasil; cidade=São Paulo,2026-10-10T09:45:06,,São Paulo
e4f333efeb17e257,campeonatochileno.cl,Campeonato Nacional Juvenil Femenino Clausura,2026-10-17,2:00,San Marcos de Arica Juvenil Fem,Cobreloa Juvenil Fem,,Fecha 12,https://www.campeonatochileno.cl/ligas/campeonato-nacional-juvenil-femenino-clausura/,,2026-07-14T13:55:28,,
d9be0a4cae7d1474,FMF,Brasil - FMF - 2ª Divisão - 2026,2026-10-18,09:00,SERRANENSE,UBERLANDIA S.A.F,Estádio Alexandre Floreal Rocha Tolentino - Bela Vista,RODADA 2,https://www.fmf.com.br/Competicoes/ProxJogos.aspx?d=41,pais=Brasil; estado=Minas Gerais; codigo_fmf=41; placar_original=X; jogo_numero=42; cidade=Claudio,2026-09-28T20:17:21,Brasil,Claudio
81262b88c550bef0,FPF,Brasil - FPF - Paulista Sub-13 (SUB13),2026-10-18,09:00,Cosmopolitano,Grêmio Novorizontino,Estádio Thelmo de Almeida,Rodada 18,https://www.futebolpaulista.com.br/Competicoes/Tabela.aspx,status=Programado; pais=Brasil; estado=São Paulo; fonte=api_ashx; jogo_numero=649; grupo=35; fase=TERCEIRA FASE; suspencao=LIBERADO,2026-10-09T18:57:44,Brasil,Cosmópolis
fb0da33dd057d59f,FPF,Brasil - FPF - Paulista Sub-13 (SUB13),2026-10-18,09:00,Guarani,AA Portuguesa,Estádio Brinco de Ouro da Princesa,Rodada 18,https://www.futebolpaulista.com.br/Competicoes/Tabela.aspx,status=Programado; pais=Brasil; estado=São Paulo; fonte=api_ashx; jogo_numero=645; grupo=29; fase=TERCEIRA FASE; suspencao=LIBERADO,2026-10-09T18:57:44,Brasil,Campinas
51b0d1ada7e0b4df,FPF,Brasil - FPF - Paulista Sub-13 (SUB13),2026-10-18,09:00,I9 Futebol Clube,Rio Branco,CT I9 International Academy,Rodada 18,https://www.futebolpaulista.com.br/Competicoes/Tabela.aspx,status=Programado; pais=Brasil; estado=São Paulo; fonte=api_ashx; jogo_numero=647; grupo=33; fase=TERCEIRA FASE; suspencao=LIBERADO,2026-10-09T18:57:44,Brasil,Ribeirão Preto
cf3f4adb48337f7e,FPF,Brasil - FPF - Paulista Sub-13 (SUB13),2026-10-18,09:00,Palmeiras,José Bonifácio,Academia de Futebol II do Palmeiras - Campo 02,Rodada 18,https://www.futebolpaulista.com.br/Competicoes/Tabela.aspx,status=Programado; pais=Brasil; estado=São Paulo; fonte=api_ashx; jogo_numero=644; grupo=28; fase=TERCEIRA FASE; suspencao=LIBERADO,2026-10-09T18:57:44,Brasil,Guarulhos
f0dc8bc14df291f5,FPF,Brasil - FPF - Paulista Sub-13 (SUB13),2026-10-18,09:00,Prata da Casa,Botafogo,Ibrachina Arena,Rodada 18,https://www.futebolpaulista.com.br/Competicoes/Tabela.aspx,status=Programado; pais=Brasil; estado=São Paulo; fonte=api_ashx; jogo_numero=648; grupo=34; fase=TERCEIRA FASE; suspencao=LIBERADO,2026-10-09T18:57:44,Brasil,São Paulo
fc3b70d6127bf304,FPF,Brasil - FPF - Paulista Sub-13 (SUB13),2026-10-18,09:00,São Paulo,Referência FC,Estádio Municipal Prefeito José Liberatti,Rodada 18,https://www.futebolpaulista.com.br/Competicoes/Tabela.aspx,status=Programado; pais=Brasil; estado=São Paulo; fonte=api_ashx; jogo_numero=646; grupo=32; fase=TERCEIRA FASE; suspencao=LIBERADO,2026-10-09T18:57:44,Brasil,Osasco
ec562d1d9fb4ac57,campeonatochileno.cl,Campeonato Nacional Juvenil Femenino Clausura,2026-10-18,09:45,Deportes La Serena Juvenil Fem,Atlético Colina Juvenil Fem,,Fecha 12,https://www.campeonatochileno.cl/ligas/campeonato-nacional-juvenil-femenino-clausura/,,2026-07-13T14:46:09,,
04541d57273f7b3d,FPF,Brasil - FPF - Paulista Sub-20 - Série A (SUB20 - Série A),2026-10-18,10:00,Palmeiras,Botafogo,Estádio Mun. Orlando Batista Novelli,Rodada 19,https://www.futebolpaulista.com.br/Competicoes/Tabela.aspx,status=Programado; pais=Brasil; estado=São Paulo; fonte=api_ashx; jogo_numero=349; grupo=23; fase=TERCEIRA FASE; canais=Youtube Energia 97 FM; suspencao=LIBERADO,2026-10-09T18:57:44,Brasil,Barueri
aae5788e22134dc8,FPF,Brasil - FPF - Paulista Sub-20 - Série A (SUB20 - Série A),2026-10-18,10:00,Santos,Ponte Preta,CT Rei Pelé - Campo I,Rodada 19,https://www.futebolpaulista.com.br/Competicoes/Tabela.aspx,status=Programado; pais=Brasil; estado=São Paulo; fonte=api_ashx; jogo_numero=348; grupo=21; fase=TERCEIRA FASE; canais=YouTube Ulisses TV; suspencao=LIBERADO,2026-10-09T18:57:44,Brasil,Santos
66a37227a73516c7,FPF,Brasil - FPF - Paulista Sub-20 - Série B (SUB20 - Série B),2026-10-18,10:00,Comercial FC (Tietê),Taubaté,Estádio José Ferreira Alves,Rodada 20,https://www.futebolpaulista.com.br/Competicoes/Tabela.aspx,status=Programado; pais=Brasil; estado=São Paulo; fonte=api_ashx; jogo_numero=242; grupo=40; fase=FINAL; canais=YouTube Paulistão; suspencao=LIBERADO,2026-10-09T18:57:44,Brasil,Tietê
9f18d2636d64ca03,AUF,Uruguay - Liga AUF Uruguaya,2026-10-18,10:00,Albion,M.C. Torque,LUIS FRANZINI,Fecha 11,https://www.auf.org.uy/liga-auf-uruguaya/,,2026-10-09T18:16:42,Uruguay,
15bc4a31445d8f4c,FMF,Brasil - FMF - 2ª Divisão - 2026,2026-10-18,10:30,SERRANENSE,UBERLANDIA S.A.F,Estádio Alexandre Floreal Rocha Tolentino - Bela Vista,RODADA 2,https://www.fmf.com.br/Competicoes/ProxJogos.aspx?d=42,pais=Brasil; estado=Minas Gerais; codigo_fmf=42; placar_original=X; jogo_numero=42; cidade=Claudio,2026-09-28T20:17:21,Brasil,Claudio
e4096227a5c4080d,FPF,Brasil - FPF - Paulista Sub-14 (SUB14),2026-10-18,10:40,Guarani,Comercial RP,Estádio Brinco de Ouro da Princesa,Rodada 18,https://www.futebolpaulista.com.br/Competicoes/Tabela.aspx,status=Programado; pais=Brasil; estado=São Paulo; fonte=api_ashx; jogo_numero=647; grupo=33; fase=TERCEIRA FASE; suspencao=LIBERADO,2026-10-09T18:57:44,Brasil,Campinas
1622590ca996e9da,FPF,Brasil - FPF - Paulista Sub-14 (SUB14),2026-10-18,10:40,Meia Noite SAF,Cosmopolitano,Estádio Galileu de Andrade Lopes,Rodada 18,https://www.futebolpaulista.com.br/Competicoes/Tabela.aspx,status=Programado; pais=Brasil; estado=São Paulo; fonte=api_ashx; jogo_numero=648; grupo=34; fase=TERCEIRA FASE; suspencao=LIBERADO,2026-10-07T19:29:25,Brasil,Patrocínio Paulista
c7e024d7d53fb379,FPF,Brasil - FPF - Paulista Sub-14 (SUB14),2026-10-18,10:40,Mirassol,São Caetano,Estádio Municipal Manoel Francisco Ferreira,Rodada 18,https://www.futebolpaulista.com.br/Competicoes/Tabela.aspx,status=Programado; pais=Brasil; estado=São Paulo; fonte=api_ashx; jogo_numero=644; grupo=28; fase=TERCEIRA FASE; suspencao=LIBERADO,2026-10-09T18:57:44,Brasil,Bálsamo
52bc7233577e6518,FPF,Brasil - FPF - Paulista Sub-14 (SUB14),2026-10-18,10:40,Palmeiras,Referência FC,Academia de Futebol II do Palmeiras - Campo 02,Rodada 18,https://www.futebolpaulista.com.br/Competicoes/Tabela.aspx,status=Programado; pais=Brasil; estado=São Paulo; fonte=api_ashx; jogo_numero=646; grupo=32; fase=TERCEIRA FASE; suspencao=LIBERADO,2026-10-09T18:57:44,Brasil,Guarulhos
e2141826295b9e6e,FPF,Brasil - FPF - Paulista Sub-14 (SUB14),2026-10-18,10:40,Red Bull Bragantino,Grêmio Novorizontino,CPD Red Bull Bragantino,Rodada 18,https://www.futebolpaulista.com.br/Competicoes/Tabela.aspx,status=Programado; pais=Brasil; estado=São Paulo; fonte=api_ashx; jogo_numero=649; grupo=35; fase=TERCEIRA FASE; suspencao=LIBERADO,2026-10-09T18:57:44,Brasil,Atibaia
7bb1af3453ac09ae,FPF,Brasil - FPF - Paulista Sub-14 (SUB14),2026-10-18,10:40,São Paulo,Inter Limeira,Estádio Municipal Prefeito José Liberatti,Rodada 18,https://www.futebolpaulista.com.br/Competicoes/Tabela.aspx,status=Programado; pais=Brasil; estado=São Paulo; fonte=api_ashx; jogo_numero=645; grupo=29; fase=TERCEIRA FASE; suspencao=LIBERADO,2026-10-09T18:57:44,Brasil,Osasco
8edc650d0a3c1f85,campeonatochileno.cl,Campeonato Nacional Juvenil Femenino Clausura,2026-10-18,11:00,Santiago Morning Juvenil Fem,Unión San Felipe Juvenil Fem,,Fecha 12,https://www.campeonatochileno.cl/ligas/campeonato-nacional-juvenil-femenino-clausura/,,2026-07-14T13:55:28,,
55b728910ac3d63c,ESPN,Peru - Liga 1,2026-10-18,11:00,Sporting Cristal,Comerciantes Unidos,Estadio Alberto Gallardo,,,codigo_espn=401886176; status=Scheduled,2026-10-09T21:00:56,Peru,San Martin de Porres
c44ce2f42b1cf4c3,campeonatochileno.cl,Campeonato Nacional Juvenil Femenino Clausura,2026-10-18,11:30,Recreativo Puerto Varas Juvenil Fem,Deportes Concepción Juvenil Fem,,Fecha 12,https://www.campeonatochileno.cl/ligas/campeonato-nacional-juvenil-femenino-clausura/,,2026-07-14T13:55:28,,
31ef695214e66252,ESPN,Ecuador - LigaPro Serie A,2026-10-18,11:30,Delfín,Manta F.C.,Estadio Jocay,,,codigo_espn=401921336; status=Scheduled,2026-10-09T20:23:29,Ecuador,Manta
6e94131c08778ab4,campeonatochileno.cl,Campeonato Nacional Juvenil Femenino Clausura,2026-10-18,12:00,Deportes Copiapo Juvenil Fem,Deportes Iquique Juvenil Fem,,Fecha 12,https://www.campeonatochileno.cl/ligas/campeonato-nacional-juvenil-femenino-clausura/,,2026-07-14T13:55:28,,
491374f4d06c744f,campeonatochileno.cl,Liga de Ascenso Caixun,2026-10-18,12:30,Curicó Unido,Deportes Iquique,Estadio Bicentenario La Granja,Fecha 28,https://www.campeonatochileno.cl/ligas/liga-de-ascenso-caixun/,,2026-10-09T18:12:25,,
744ba10900ded364,campeonatochileno.cl,Liga de Ascenso Caixun,2026-10-18,12:30,Unión San Felipe,Deportes Temuco,Estadio Municipal de San Felipe,Fecha 28,https://www.campeonatochileno.cl/ligas/liga-de-ascenso-caixun/,,2026-10-09T18:12:25,,
c83925a13cdffeb7,campeonatochileno.cl,Campeonato Juvenil Femenino,2026-10-18,13:00,U. de Concepción Juvenil Fem,Deportes Temuco Juvenil Fem,,Fecha 12,https://www.campeonatochileno.cl/ligas/campeonato-juvenil-femenino/,,2026-10-09T18:12:25,,
6b53952f9684749e,campeonatochileno.cl,Campeonato Nacional Juvenil Femenino Clausura,2026-10-18,13:00,San Luis Juvenil Fem,Coquimbo Unido Juvenil Fem,,Fecha 12,https://www.campeonatochileno.cl/ligas/campeonato-nacional-juvenil-femenino-clausura/,,2026-07-13T14:46:09,,
da85ffa5948be27b,ESPN,Peru - Liga 1,2026-10-18,13:15,FC Cajamarca,Deportivo Moquegua,Estadio Héroes de San Ramón,,,codigo_espn=401886163; status=Scheduled,2026-10-09T21:00:56,Peru,Cajamarca
56550fbb8a3959e5,FPF,Brasil - FPF - Paulista Sub-13 (SUB13),2026-10-18,14:00,Santos,Red Bull Bragantino,CT Rei Pelé - Campo I,Rodada 18,https://www.futebolpaulista.com.br/Competicoes/Tabela.aspx,status=Programado; pais=Brasil; estado=São Paulo; fonte=api_ashx; jogo_numero=650; grupo=31; fase=TERCEIRA FASE; suspencao=LIBERADO,2026-10-09T18:57:44,Brasil,Santos
2157d37a42a644cc,campeonatochileno.cl,Campeonato Nacional Juvenil Femenino Clausura,2026-10-18,14:00,Huachipato Juvenil Fem,Unión Araucanía Juvenil Fem,Estadio Huachipato – Cancha 3,Fecha 12,https://www.campeonatochileno.cl/ligas/campeonato-nacional-juvenil-femenino-clausura/,,2026-07-13T14:46:09,,
5d641e3defefc460,ESPN,Colombia - Liga BetPlay,2026-10-18,14:00,Águilas Doradas,Deportes Tolima,Atanasio Girardot,,,codigo_espn=401877774; status=Scheduled,2026-10-09T19:09:49,Colombia,Medellin
d166e32421feb02b,ESPN,Ecuador - LigaPro Serie A,2026-10-18,14:00,Leones,Emelec,Estadio Olímpico de Ibarra,,,codigo_espn=401921378; status=Scheduled,2026-10-09T20:23:29,Ecuador,Ibarra
7be7b6968aaa03b1,AUF,Uruguay - Segunda División Profesional,2026-10-18,14:00,Plaza Colonia,River Plate,ESTADIO JUAN PRANDI,Fecha 23,https://www.auf.org.uy/segunda-division-profesional/,,2026-10-09T18:16:42,Uruguay,
9d1b8a9ecbf56a43,ESPN,Venezuela - Liga FUTVE (Primera División),2026-10-18,14:00,Academia Puerto Cabello,Monagas SC,Complejo Deportivo Socialista,,,codigo_espn=401903435; status=Scheduled,2026-10-09T20:06:06,Venezuela,Carabobo
d8c650e1fd430b98,ESPN,Venezuela - Liga FUTVE (Primera División),2026-10-18,14:00,Carabobo,Deportivo Táchira,Estadio Misael Delgado,,,codigo_espn=401903433; status=Scheduled,2026-10-09T20:06:06,Venezuela,Valencia
8f473edd1dc02489,ESPN,Venezuela - Liga FUTVE (Primera División),2026-10-18,14:00,Deportivo La Guaira,Trujillanos,Estadio Olímpico de la UCV,,,codigo_espn=401903434; status=Scheduled,2026-10-09T20:06:06,Venezuela,Caracas
4cf54543546d69b0,ESPN,Venezuela - Liga FUTVE (Primera División),2026-10-18,14:00,Estudiantes de Mérida,Metropolitanos,Estadio Metropolitano de Mérida,,,codigo_espn=401903431; status=Scheduled,2026-10-09T20:06:06,Venezuela,Mérida
ec5bc17299f7fc80,ESPN,Venezuela - Liga FUTVE (Primera División),2026-10-18,14:00,Rayo Zuliano,Caracas FC,Estadio José Encarnación Romero,,,codigo_espn=401903436; status=Scheduled,2026-10-09T20:06:06,Venezuela,Maracaibo
5d0db979f4512ae9,ESPN,Venezuela - Liga FUTVE (Primera División),2026-10-18,14:00,UCV FC,Portuguesa,Estadio Olímpico de la UCV,,,codigo_espn=401903430; status=Scheduled,2026-10-09T20:06:06,Venezuela,Caracas
6281fa28388c34b2,ESPN,Venezuela - Liga FUTVE (Primera División),2026-10-18,14:00,Zamora FC,Anzoátegui FC,Estadio Agustín Tovar,,,codigo_espn=401903432; status=Scheduled,2026-10-09T20:06:06,Venezuela,Barinas
4bc1af0e5b242f60,AFA,Argentina - Torneo Clausura,2026-10-18,14:45,Racing,Independiente,,Interzonal,https://www.afa.com.ar/Sitio/posts/la-agenda-de-la-afa,,2026-10-09T18:15:50,Argentina,
9ccc6b9c2fdd13c3,ESPN,Bolivia - Liga Profesional Boliviana,2026-10-18,15:00,Nacional Potosí,Bolívar,Estadio Víctor Agustín Ugarte,,,codigo_espn=401906304; status=Scheduled,2026-10-09T19:58:11,Bolivia,Potosí
708d39255c95d976,FFERJ,Brasil - FFERJ - Competição não identificada,2026-10-18,15:00,Sociedade Esportiva Paraty,SANTA CRUZ FC,ESTÁDIO NÉLIO GOMES,,https://www.fferj.com.br/partidas/6130,codigo_fferj=6130; fonte_tag=FERJ,2026-10-05T21:16:30,Brasil,Rio de Janeiro
28e32ad8d6563d77,FPF,Brasil - FPF - Amador do Estado,2026-10-18,15:00,Cidade Nova (PIN),UNIDOS DO TANQUE (ATB),Centro Esportivo José Ely de Miranda,Rodada 2,https://www.futebolpaulista.com.br/Competicoes/Tabela.aspx,status=Programado; pais=Brasil; estado=São Paulo; fonte=api_ashx; jogo_numero=11; suspencao=LIBERADO,2026-10-09T18:57:44,Brasil,Pindamonhangaba
820a7e7f8219ff16,FPF,Brasil - FPF - Amador do Estado,2026-10-18,15:00,Grêmio da Balbo (LDP),CA Bandeirante (BRK),Estádio Municipal Barão de Serra Negra,Rodada 2,https://www.futebolpaulista.com.br/Competicoes/Tabela.aspx,status=Programado; pais=Brasil; estado=São Paulo; fonte=api_ashx; jogo_numero=10; suspencao=LIBERADO,2026-10-09T18:57:44,Brasil,Piracicaba
d095026fb19b9892,FPF,Brasil - FPF - Amador do Estado,2026-10-18,15:00,IV Centenário (MAU),União FC (ATB),Estádio Municipal Pedro Benedetti,Rodada 2,https://www.futebolpaulista.com.br/Competicoes/Tabela.aspx,status=Programado; pais=Brasil; estado=São Paulo; fonte=api_ashx; jogo_numero=12; suspencao=LIBERADO,2026-10-09T18:57:44,Brasil,Mauá
c6275071dc33c5f8,FPF,Brasil - FPF - Paulista F Sub-20 Petrobras (Amador),2026-10-18,15:00,São Bento,Ferroviária,Estádio Municipal Walter Ribeiro,Rodada 12,https://www.futebolpaulista.com.br/Competicoes/Tabela.aspx,status=Programado; pais=Brasil; estado=São Paulo; fonte=api_ashx; jogo_numero=67; grupo=03; fase=QUARTAS DE FINAL; canais=YouTube Paulistão; suspencao=LIBERADO,2026-10-08T19:24:21,Brasil,Sorocaba
0f1e0863203701e8,FPF,Brasil - FPF - Taça Paulistana Petrobras (Amador),2026-10-18,15:00,AD Centro Olimpico,Mauaense,Centro Esportivo Recreativo Educativo do Trabalhador,Rodada 7,https://www.futebolpaulista.com.br/Competicoes/Tabela.aspx,status=Programado; pais=Brasil; estado=São Paulo; fonte=api_ashx; jogo_numero=19; grupo=01; fase=PRIMEIRA FASE; canais=YouTube Paulistão; suspencao=LIBERADO,2026-10-09T18:57:44,Brasil,São Paulo
3f3fac78d71bfe3b,campeonatochileno.cl,Campeonato Nacional Juvenil Femenino Clausura,2026-10-18,15:00,Deportes Melipilla Juvenil Fem,Universidad de Chile Juvenil Fem,Estadio Soinca – Cancha 2,Fecha 5,https://www.campeonatochileno.cl/ligas/campeonato-nacional-juvenil-femenino-clausura/,,2026-07-13T14:46:09,,
2457f12a2ae8dd14,campeonatochileno.cl,Liga de Ascenso Caixun,2026-10-18,15:00,San Marcos de Arica,Deportes Puerto Montt,,Fecha 28,https://www.campeonatochileno.cl/ligas/liga-de-ascenso-caixun/,,2026-10-09T18:12:25,,
ee2ab07c6b961411,AUF,Uruguay - Liga AUF Uruguaya,2026-10-18,15:00,Danubio,Central Español,JARDINES DEL HIPODROMO,Fecha 11,https://www.auf.org.uy/liga-auf-uruguaya/,,2026-10-09T18:16:42,Uruguay,
efffa67ee309b5d5,FGF,Brasil - FGF - Campeonato Goiano de Profissionais da 3ª Divisão / 2026,2026-10-18,15:30,América,Royal,Durval Ferreira Franco,2ª Rodada,https://www.fgf.esp.br/pt/competicoes/jogo.php?id=1830&jogo=58142,status=Programado; pais=Brasil; estado=Goiás; fonte=api_ajax,2026-09-25T16:32:13,Brasil,
34affc2c1d282794,FGF,Brasil - FGF - Campeonato Goiano de Profissionais da 3ª Divisão / 2026,2026-10-18,15:30,Real Clube,Novo Horizonte,Jk,2ª Rodada,https://www.fgf.esp.br/pt/competicoes/jogo.php?id=1830&jogo=58143,status=Programado; pais=Brasil; estado=Goiás; fonte=api_ajax,2026-10-09T18:00:23,Brasil,
6d1607e797f4b805,campeonatochileno.cl,Campeonato Nacional Juvenil Femenino Clausura,2026-10-18,15:30,Deportes Santa Cruz Juvenil Fem,Colo Colo Juvenil Fem,Estadio Municipal Santa Ana,Fecha 12,https://www.campeonatochileno.cl/ligas/campeonato-nacional-juvenil-femenino-clausura/,,2026-07-13T14:46:09,,
b6122e4a2ccd49bd,ESPN,Peru - Liga 1,2026-10-18,15:30,Alianza Atlético,Universitario,Estadio Manische,,,codigo_espn=401886165; status=Scheduled,2026-10-09T21:00:56,Peru,Trujillo
a77c80d9893ee06c,FPF,Brasil - FPF - Paulista Sub-14 (SUB14),2026-10-18,15:40,Santos,EC São Bernardo,CT Rei Pelé - Campo I,Rodada 18,https://www.futebolpaulista.com.br/Competicoes/Tabela.aspx,status=Programado; pais=Brasil; estado=São Paulo; fonte=api_ashx; jogo_numero=650; grupo=31; fase=TERCEIRA FASE; suspencao=LIBERADO,2026-10-09T18:57:44,Brasil,Santos
51c571009adec01a,FGF,Brasil - FGF - Campeonato Goiano de Profissionais da 3ª Divisão / 2026,2026-10-18,16:00,América,Royal,João Vilela,2ª Rodada,https://www.fgf.esp.br/pt/competicoes/jogo.php?id=1830&jogo=58142,status=Programado; pais=Brasil; estado=Goiás; fonte=api_ajax,2026-10-09T18:00:23,Brasil,
208aa59423ece036,FPF,Brasil - FPF - Paulista F Sub-20 Petrobras (Amador),2026-10-18,16:00,São Bento,Ferroviária,Estádio Municipal Walter Ribeiro,Rodada 12,https://www.futebolpaulista.com.br/Competicoes/Tabela.aspx,status=Programado; pais=Brasil; estado=São Paulo; fonte=api_ashx; jogo_numero=67; grupo=03; fase=QUARTAS DE FINAL; canais=YouTube Paulistão; suspencao=LIBERADO,2026-10-09T18:57:44,Brasil,Sorocaba
7c0ab8ba6be37fca,CBF,Brasil - Série A,2026-10-18,16:00,Fluminense (RJ),Santos (SP),Maracanã,Rodada 31,https://stcbfsiteprdimgbrs.blob.core.windows.net/img-site/cdn/Tabela_Detalhada_BSA_2026_09_10_e4440cfd8e.pdf,pais=Brasil; cidade=Rio de Janeiro,2026-10-10T09:45:06,,Rio de Janeiro
68a62db751db1741,CBF,Brasil - Série A,2026-10-18,16:00,Grêmio (RS),Cruzeiro (MG),Arena do Grêmio,Rodada 31,https://stcbfsiteprdimgbrs.blob.core.windows.net/img-site/cdn/Tabela_Detalhada_BSA_2026_09_10_e4440cfd8e.pdf,pais=Brasil; cidade=Porto Alegre,2026-10-10T09:45:06,,Porto Alegre
6dde57b3b8772a9d,CBF,Brasil - Série B,2026-10-18,16:00,Avaí (SC),Athletic (MG),Ressacada,Rodada 34,https://stcbfsiteprdimgbrs.blob.core.windows.net/img-site/cdn/Tabela_Detalhada_Brasileiro_Serie_B_2026_09_10_25ec926739.pdf,pais=Brasil; cidade=Florianópolis,2026-10-10T09:45:06,,Florianópolis
86bd34793faa01c6,CBF,Brasil - Série B,2026-10-18,16:00,CRB (AL),Botafogo (SP),Rei Pelé,Rodada 34,https://stcbfsiteprdimgbrs.blob.core.windows.net/img-site/cdn/Tabela_Detalhada_Brasileiro_Serie_B_2026_09_10_25ec926739.pdf,pais=Brasil; cidade=Maceió,2026-10-10T09:45:06,,Maceió
3ceab8f8238134c6,CBF,Brasil - Série B,2026-10-18,16:00,São Bernardo FC (SP),Criciúma (SC),1º de Maio,Rodada 34,https://stcbfsiteprdimgbrs.blob.core.windows.net/img-site/cdn/Tabela_Detalhada_Brasileiro_Serie_B_2026_09_10_25ec926739.pdf,pais=Brasil; cidade=São Bernardo do Campo,2026-10-10T09:45:06,,São Bernardo do Campo
e9dd90e16ae8738e,ESPN,Colombia - Liga BetPlay,2026-10-18,16:00,Atlético Bucaramanga,América de Cali,Estadio Alfonso López,,,codigo_espn=401878059; status=Scheduled,2026-10-09T19:09:49,Colombia,Bucaramanga
f3b9a3979a4746e5,ESPN,Ecuador - LigaPro Serie A,2026-10-18,16:30,Barcelona SC,Universidad Católica (Quito),Estadio Banco Pichincha,,,codigo_espn=401921348; status=Scheduled,2026-10-09T20:23:29,Ecuador,Quito
a62f4158c4e93652,campeonatochileno.cl,Liga de Ascenso Caixun,2026-10-18,17:00,Club Deportes Santa Cruz,Deportes Antofagasta,Estadio Joaquín Muñoz,Fecha 28,https://www.campeonatochileno.cl/ligas/liga-de-ascenso-caixun/,,2026-10-09T18:12:25,,
543c7ef45c8ca449,AUF,Uruguay - Segunda División Profesional,2026-10-18,17:00,Rentistas,Atenas de San Carlos,COMPLEJO RENTISTAS,Fecha 23,https://www.auf.org.uy/segunda-division-profesional/,,2026-10-09T18:16:42,Uruguay,
cf61594fccea0b52,ESPN,Bolivia - Liga Profesional Boliviana,2026-10-18,17:15,The Strongest,Always Ready,Estadio Hernando Siles,,,codigo_espn=401906303; status=Scheduled,2026-10-09T19:58:11,Bolivia,La Paz
99f5ab1fa4f156c9,AFA,Argentina - Torneo Clausura,2026-10-18,18:00,Estudiantes,San Lorenzo,,Zona A,https://www.afa.com.ar/Sitio/posts/la-agenda-de-la-afa,,2026-10-09T18:15:50,Argentina,
2ceed483723029f6,AFA,Argentina - Torneo Clausura,2026-10-18,18:00,Estudiantes (Río Cuarto),Aldosivi,,Zona B,https://www.afa.com.ar/Sitio/posts/la-agenda-de-la-afa,,2026-10-09T18:15:50,Argentina,
b4aebcd273a8a010,CBF,Brasil - Série B,2026-10-18,18:00,Vila Nova (GO),Novorizontino (SP),Onésio B. Alvarenga,Rodada 34,https://stcbfsiteprdimgbrs.blob.core.windows.net/img-site/cdn/Tabela_Detalhada_Brasileiro_Serie_B_2026_09_10_25ec926739.pdf,pais=Brasil; cidade=Goiânia,2026-10-10T09:45:06,,Goiânia
4641016154d88fa4,ESPN,Colombia - Liga BetPlay,2026-10-18,18:05,Llaneros FC,Independiente Santa Fe,Estadio Bello Horizonte - Rey Pele,,,codigo_espn=401877840; status=Scheduled,2026-10-09T19:09:49,Colombia,Villavicencio
723c50b518025404,CBF,Brasil - Série A,2026-10-18,18:30,Bahia (BA),Flamengo (RJ),Arena Fonte Nova,Rodada 31,https://stcbfsiteprdimgbrs.blob.core.windows.net/img-site/cdn/Tabela_Detalhada_BSA_2026_09_10_e4440cfd8e.pdf,pais=Brasil; cidade=Salvador,2026-10-10T09:45:06,,Salvador
e468c7c81a255fc3,ESPN,Peru - Liga 1,2026-10-18,18:30,Cienciano del Cusco,UTC,Estadio Inca Garcilaso de la Vega,,,codigo_espn=401886167; status=Scheduled,2026-10-09T21:00:56,Peru,Cusco
e07508667bf15380,AUF,Uruguay - Liga AUF Uruguaya,2026-10-18,18:30,Liverpool,Peñarol,ALFREDO VICTOR VIERA,Fecha 11,https://www.auf.org.uy/liga-auf-uruguaya/,,2026-10-09T18:16:42,Uruguay,
64713642a59e5c0b,ESPN,Bolivia - Liga Profesional Boliviana,2026-10-18,19:30,Guabirá,Oriente Petrolero,Estadio Gilberto Parada,,,codigo_espn=401906464; status=Scheduled,2026-10-09T19:58:11,Bolivia,Montero
f053c75d1290d141,CBF,Brasil - Série A,2026-10-18,19:30,Remo (PA),Red Bull Bragantino (SP),Mangueirão,Rodada 31,https://stcbfsiteprdimgbrs.blob.core.windows.net/img-site/cdn/Tabela_Detalhada_BSA_2026_09_10_e4440cfd8e.pdf,pais=Brasil; cidade=Belém,2026-10-10T09:45:06,,Belém
70fc89ef333a2add,campeonatochileno.cl,Campeonato Nacional Juvenil Femenino Clausura,2026-10-18,1:00,San Luis Juvenil Fem,Coquimbo Unido Juvenil Fem,,Fecha 12,https://www.campeonatochileno.cl/ligas/campeonato-nacional-juvenil-femenino-clausura/,,2026-07-14T13:55:28,,
04e751133ba58e01,AUF,Uruguay - Segunda División Profesional,2026-10-18,20:00,Oriental de La Paz,Uruguay Montevideo,PARQUE PALERMO,Fecha 23,https://www.auf.org.uy/segunda-division-profesional/,,2026-10-09T18:16:42,Uruguay,
efc15c0b19c3dad0,ESPN,Colombia - Liga BetPlay,2026-10-18,20:10,Deportivo Cali,Atlético Junior,Deportivo Cali,,,codigo_espn=401877905; status=Scheduled,2026-10-09T19:09:49,Colombia,Cali
81f76241922330a6,AFA,Argentina - Torneo Clausura,2026-10-18,20:15,Belgrano,River,,Zona B,https://www.afa.com.ar/Sitio/posts/la-agenda-de-la-afa,,2026-10-09T18:15:50,Argentina,
ceb82c15d9b7534d,campeonatochileno.cl,Campeonato Nacional Juvenil Femenino Clausura,2026-10-18,2:00,Huachipato Juvenil Fem,Unión Araucanía Juvenil Fem,Estadio Huachipato – Cancha 3,Fecha 12,https://www.campeonatochileno.cl/ligas/campeonato-nacional-juvenil-femenino-clausura/,,2026-07-14T13:55:28,,
d2586d857c52b40a,campeonatochileno.cl,Campeonato Nacional Juvenil Femenino Clausura,2026-10-18,3:00,Deportes Melipilla Juvenil Fem,Universidad de Chile Juvenil Fem,Estadio Soinca – Cancha 2,Fecha 5,https://www.campeonatochileno.cl/ligas/campeonato-nacional-juvenil-femenino-clausura/,,2026-07-14T13:55:28,,
d38ba6d0476c0f5e,campeonatochileno.cl,Campeonato Nacional Juvenil Femenino Clausura,2026-10-18,3:30,Deportes Santa Cruz Juvenil Fem,Colo Colo Juvenil Fem,Estadio Municipal Santa Ana,Fecha 12,https://www.campeonatochileno.cl/ligas/campeonato-nacional-juvenil-femenino-clausura/,,2026-07-14T13:55:28,,
6f8c05a613f3dab5,campeonatochileno.cl,Campeonato Nacional Juvenil Femenino Clausura,2026-10-18,9:45,Deportes La Serena Juvenil Fem,Atlético Colina Juvenil Fem,,Fecha 12,https://www.campeonatochileno.cl/ligas/campeonato-nacional-juvenil-femenino-clausura/,,2026-07-14T13:55:28,,
d6bb25abeebd8c40,campeonatochileno.cl,Campeonato Nacional Juvenil Femenino Clausura,2026-10-19,10:00,Universidad Católica Juvenil Fem,Cobresal Juvenil Fem,,Fecha 12,https://www.campeonatochileno.cl/ligas/campeonato-nacional-juvenil-femenino-clausura/,,2026-07-14T13:55:28,,
06c3fecead95ff90,campeonatochileno.cl,Campeonato Nacional Juvenil Femenino Clausura,2026-10-19,10:30,O'Higgins Juvenil Fem,Curicó Unido Juvenil Fem,,Fecha 12,https://www.campeonatochileno.cl/ligas/campeonato-nacional-juvenil-femenino-clausura/,,2026-07-14T13:55:28,,
dfcf31f27aff8ec8,campeonatochileno.cl,Campeonato Nacional Juvenil Femenino Clausura,2026-10-19,11:00,Audax Italiano Juvenil Fem,Deportes Limache Juvenil Fem,,Fecha 12,https://www.campeonatochileno.cl/ligas/campeonato-nacional-juvenil-femenino-clausura/,,2026-07-14T13:55:28,,
f54a4d4eda0f3743,campeonatochileno.cl,Campeonato Nacional Juvenil Femenino Clausura,2026-10-19,14:00,U. de Concepción Juvenil Fem,Rangers Juvenil Fem,,Fecha 12,https://www.campeonatochileno.cl/ligas/campeonato-nacional-juvenil-femenino-clausura/,,2026-07-13T14:46:09,,
e14581a245ea1d83,FFERJ,Brasil - FFERJ - Competição não identificada,2026-10-19,15:00,Paduano E.C,S.E Belford Roxo,ESTÁDIO WALDO CARNEIRO,,https://www.fferj.com.br/partidas/6136,codigo_fferj=6136; fonte_tag=FERJ,2026-10-05T21:16:30,Brasil,Rio de Janeiro
7e32a56d196847fb,FGF,Brasil - FGF - Taça Mané Garrincha Sub 17 da 3ª Divisão / 2026,2026-10-19,15:00,Anápolis,Campineira,CT Valterci de Melo,2ª Rodada,https://www.fgf.esp.br/pt/competicoes/jogo.php?id=1789&jogo=59647,status=Programado; pais=Brasil; estado=Goiás; fonte=api_ajax,2026-10-09T18:00:23,Brasil,
ec0a7719c8d0305c,FGF,Brasil - FGF - Taça Mané Garrincha Sub 17 da 3ª Divisão / 2026,2026-10-19,15:00,CRAC,Palmeiras de Goiás,Adib Elias,2ª Rodada,https://www.fgf.esp.br/pt/competicoes/jogo.php?id=1789&jogo=59650,status=Programado; pais=Brasil; estado=Goiás; fonte=api_ajax,2026-10-09T18:00:23,Brasil,
e4e50f8a370fa498,FGF,Brasil - FGF - Taça Mané Garrincha Sub 17 da 3ª Divisão / 2026,2026-10-19,15:00,Desportivo Real Fc,São Luis AC,Sebastião Mariano da Silva (Posselândia),2ª Rodada,https://www.fgf.esp.br/pt/competicoes/jogo.php?id=1789&jogo=59649,status=Programado; pais=Brasil; estado=Goiás; fonte=api_ajax,2026-10-09T18:00:23,Brasil,
8becf52af5f008b4,FGF,Brasil - FGF - Copa Goiás Sub 15 da 3ª Divisão / 2026,2026-10-19,15:30,Goiania E.c. S.a.f.,Guapó,Vila Olímpica,2ª Rodada,https://www.fgf.esp.br/pt/competicoes/jogo.php?id=1792&jogo=59711,status=Programado; pais=Brasil; estado=Goiás; fonte=api_ajax,2026-10-09T18:00:23,Brasil,
4e1cc12651961129,ESPN,Ecuador - LigaPro Serie A,2026-10-19,15:30,Mushuc Runa,Orense,Estadio COAC Mushuc Runa,,,codigo_espn=401921337; status=Scheduled,2026-10-09T20:23:29,Ecuador,Ambato
73a66e60dd0c9fbc,AFA,Argentina - Torneo Clausura,2026-10-19,19:00,Newell’s,Central Córdoba,,Zona A,https://www.afa.com.ar/Sitio/posts/la-agenda-de-la-afa,,2026-10-09T18:15:50,Argentina,
7a25756add3f64a1,AFA,Argentina - Torneo Clausura,2026-10-19,19:00,Sarmiento,Barracas Central,,Zona B,https://www.afa.com.ar/Sitio/posts/la-agenda-de-la-afa,,2026-10-09T18:15:50,Argentina,
143faebe839900be,campeonatochileno.cl,Liga de Ascenso Caixun,2026-10-19,19:00,Unión Española,Deportes Copiapó,Estadio Santa Laura Universidad SEK,Fecha 28,https://www.campeonatochileno.cl/ligas/liga-de-ascenso-caixun/,,2026-10-09T18:12:25,,
435d4ad9941be468,CBF,Brasil - Série B,2026-10-19,19:30,Goiás (GO),Náutico (PE),Hailé Pinheiro,Rodada 34,https://stcbfsiteprdimgbrs.blob.core.windows.net/img-site/cdn/Tabela_Detalhada_Brasileiro_Serie_B_2026_09_10_25ec926739.pdf,pais=Brasil; cidade=Goiânia,2026-10-10T09:45:06,,Goiânia
58e0a08c8b496161,CBF,Brasil - Série A,2026-10-19,20:00,Corinthians (SP),Vitória (BA),Neo Química Arena,Rodada 31,https://stcbfsiteprdimgbrs.blob.core.windows.net/img-site/cdn/Tabela_Detalhada_BSA_2026_09_10_e4440cfd8e.pdf,pais=Brasil; cidade=São Paulo,2026-10-10T09:45:06,,São Paulo
1c852c4d08810168,AUF,Uruguay - Liga AUF Uruguaya,2026-10-19,20:00,Nacional,D. Maldonado,GRAN PARQUE CENTRAL,Fecha 11,https://www.auf.org.uy/liga-auf-uruguaya/,,2026-10-09T18:16:42,Uruguay,
288d5ec8138dcf60,ESPN,Colombia - Liga BetPlay,2026-10-19,20:05,Deportivo Pasto,Alianza FC,Departamental Libertad,,,codigo_espn=401878019; status=Scheduled,2026-10-09T19:09:49,Colombia,Pasto
d18800538b0ced16,AFA,Argentina - Torneo Clausura,2026-10-19,21:15,Deportivo Riestra,Unión,,Zona A,https://www.afa.com.ar/Sitio/posts/la-agenda-de-la-afa,,2026-10-09T18:15:50,Argentina,
306e3fc3b203706b,campeonatochileno.cl,Campeonato Nacional Juvenil Femenino Clausura,2026-10-19,2:00,U. de Concepción Juvenil Fem,Rangers Juvenil Fem,,Fecha 12,https://www.campeonatochileno.cl/ligas/campeonato-nacional-juvenil-femenino-clausura/,,2026-07-14T13:55:28,,
d93e7a3544b9735b,AFA,Argentina - Torneo Clausura,2026-10-20,15:00,Aldosivi,Banfield (Zona A),Predio,,https://www.afa.com.ar/Sitio/posts/la-agenda-de-la-afa,,2026-10-09T18:15:50,Argentina,
024bf21c5f92225b,AFA,Argentina - Torneo Clausura,2026-10-20,15:00,Argentinos,Rosario Central (Zona A),CEFFA,,https://www.afa.com.ar/Sitio/posts/la-agenda-de-la-afa,,2026-10-09T18:15:50,Argentina,
f6c4b149696a4041,AFA,Argentina - Torneo Clausura,2026-10-20,15:00,Defensa y Justicia,Atlético de Rafaela (Zona B),Campeones Del Mundo,,https://www.afa.com.ar/Sitio/posts/la-agenda-de-la-afa,,2026-10-09T18:15:50,Argentina,
e8ff453b991ff068,AFA,Argentina - Torneo Clausura,2026-10-20,15:00,Estudiantes (Río Cuarto),Independiente (Zona B),Ciudad Deportiva,,https://www.afa.com.ar/Sitio/posts/la-agenda-de-la-afa,,2026-10-09T18:15:50,Argentina,
93e00d25c16cc41c,AFA,Argentina - Torneo Clausura,2026-10-20,15:00,Newell’s,Platense (Zona B),Predio,,https://www.afa.com.ar/Sitio/posts/la-agenda-de-la-afa,,2026-10-09T18:15:50,Argentina,
e0c63c77c9d946d4,AFA,Argentina - Torneo Clausura,2026-10-20,15:00,Sarmiento,Tigre (Zona A),CAR,,https://www.afa.com.ar/Sitio/posts/la-agenda-de-la-afa,,2026-10-09T18:15:50,Argentina,
62bdc53b196e4162,FGF,Brasil - FGF - Taça Mané Garrincha Sub 17 da 3ª Divisão / 2026,2026-10-20,15:00,Olímpio,Guapó,Serra de Caldas,2ª Rodada,https://www.fgf.esp.br/pt/competicoes/jogo.php?id=1789&jogo=59651,status=Programado; pais=Brasil; estado=Goiás; fonte=api_ajax,2026-10-09T18:00:23,Brasil,
dfbb6210e6241a97,FGF,Brasil - FGF - Copa Goiás Sub 15 da 3ª Divisão / 2026,2026-10-20,15:30,Grêmio Trindade,Atletas de Jesus,Nilson José Ribeiro,2ª Rodada,https://www.fgf.esp.br/pt/competicoes/jogo.php?id=1792&jogo=59712,status=Programado; pais=Brasil; estado=Goiás; fonte=api_ajax,2026-10-09T18:00:23,Brasil,
23c375fb6baa3167,FGF,Brasil - FGF - Copa Goiás Sub 15 da 3ª Divisão / 2026,2026-10-20,15:30,Independencia,Atlanta Fc,Vila Multirão,2ª Rodada,https://www.fgf.esp.br/pt/competicoes/jogo.php?id=1792&jogo=59714,status=Programado; pais=Brasil; estado=Goiás; fonte=api_ajax,2026-10-09T18:00:23,Brasil,
0095a66a74e0dd50,FGF,Brasil - FGF - Copa Goiás Sub 15 da 3ª Divisão / 2026,2026-10-20,15:30,Real Clube,CRAC,Caçapão,2ª Rodada,https://www.fgf.esp.br/pt/competicoes/jogo.php?id=1792&jogo=59713,status=Programado; pais=Brasil; estado=Goiás; fonte=api_ajax,2026-10-09T18:00:23,Brasil,
56e5308a94381daa,ESPN,Colombia - Liga BetPlay,2026-10-20,16:30,Deportivo Pereira,Boyacá Chicó FC,,,,codigo_espn=401878040; status=Scheduled,2026-10-09T19:09:49,Colombia,
52b7b69e6f09a1c8,CBF,Brasil - Copa do Brasil Feminina,2026-10-20,18:00,Red Bull Bragantino (SP),Ferroviária (SP),Cicero de Souza Marques,Volta,https://stcbfsiteprdimgbrs.blob.core.windows.net/img-site/cdn/Tabela_Detalhada_Copa_do_Brasil_Feminina_2026_adbd12d273.pdf,pais=Brasil; cidade=Bragança Paulista,2026-10-10T09:45:06,,Bragança Paulista
79c1327d66b43bca,ESPN,Colombia - Liga BetPlay,2026-10-20,18:00,Internacional de Bogotá,Fortaleza CEIF,Metropolitano de Techo,,,codigo_espn=401878033; status=Scheduled,2026-10-09T19:09:49,Colombia,Bogota
1012d17a7a83947f,campeonatochileno.cl,Copa Chile Coca-Cola Zero Azúcar,2026-10-20,18:00,Colo Colo,Deportes Puerto Montt,Estadio Monumental David Arellano,,https://www.campeonatochileno.cl/ligas/copa-chile-coca-cola-zero-azucar/,,2026-10-09T18:12:25,,
afc0969e36879285,ESPN,Colombia - Liga BetPlay,2026-10-20,18:30,Cúcuta Deportivo,Atlético Nacional,General Santander,,,codigo_espn=401878021; status=Scheduled,2026-10-09T19:09:49,Colombia,Cúcuta
0723ce43f6c7212c,CBF,Brasil - Copa do Brasil Feminina,2026-10-20,19:00,Atlético (MG),Internacional (RS),Arena MRV,,https://stcbfsiteprdimgbrs.blob.core.windows.net/img-site/cdn/Tabela_Detalhada_Copa_do_Brasil_Feminina_2026_adbd12d273.pdf,pais=Brasil; cidade=Belo Horizonte,2026-10-10T09:45:06,,Belo Horizonte
bf06c0fb6497f678,CBF,Brasil - Copa do Brasil Feminina,2026-10-20,19:00,Red Bull Bragantino (SP),Ferroviária (SP),Cicero de Souza Marques,Volta,https://stcbfsiteprdimgbrs.blob.core.windows.net/img-site/cdn/Tabela_Detalhada_Copa_do_Brasil_Feminina_2026_7a797060d4.pdf,pais=Brasil; cidade=Bragança Paulista,2026-10-07T10:09:57,,Bragança Paulista
6fc2483c9d67b374,CBF,Brasil - Série B,2026-10-20,19:30,Londrina (PR),Cuiabá (MT),Vitorino Gonçalves Dias,Rodada 34,https://stcbfsiteprdimgbrs.blob.core.windows.net/img-site/cdn/Tabela_Detalhada_Brasileiro_Serie_B_2026_09_10_25ec926739.pdf,pais=Brasil; cidade=Londrina,2026-10-10T09:45:06,,Londrina
1d0a1c91644c19fd,campeonatochileno.cl,Copa Chile Coca-Cola Zero Azúcar,2026-10-20,20:00,Unión La Calera,Coquimbo Unido,Estadio Nicolás Chahuán,,https://www.campeonatochileno.cl/ligas/copa-chile-coca-cola-zero-azucar/,,2026-10-09T18:12:25,,
e88463f45d30060c,CONMEBOL,Conmebol - Sudamericana,2026-10-20,21:30,Vasco,Boca,,,https://gol.conmebol.com/sudamericana/es/fixture/view/1719,codigo_conmebol=1719; status=Fixture,2026-10-06T18:30:37,Conmebol,
f27e2f1838274f12,FFERJ,Brasil - FFERJ - Competição não identificada,2026-10-21,09:00,PETRÓPOLIS GONÇALENSE FC,Vasco da Gama S.A.F,ESTÁDIO CT TIGRES,,https://www.fferj.com.br/partidas/5958,codigo_fferj=5958; fonte_tag=FERJ,2026-10-05T21:16:30,Brasil,Rio de Janeiro
9afea703b188f1e5,FFERJ,Brasil - FFERJ - Competição não identificada,2026-10-21,10:00,Madureira E.C,C.R Flamengo,ESTÁDIO ESTADIO ANICETO MOSCOSO,,https://www.fferj.com.br/partidas/6077,codigo_fferj=6077; fonte_tag=FERJ,2026-10-05T21:16:30,Brasil,Rio de Janeiro
13b7f855bd77089a,FFERJ,Brasil - FFERJ - Competição não identificada,2026-10-21,11:00,PETRÓPOLIS GONÇALENSE FC,Vasco da Gama S.A.F,ESTÁDIO CT TIGRES,,https://www.fferj.com.br/partidas/5964,codigo_fferj=5964; fonte_tag=FERJ,2026-10-05T21:16:30,Brasil,Rio de Janeiro
1c0963aad103d43f,ESPN,Colombia - Copa BetPlay,2026-10-21,13:00,Barranquilla FC,América de Cali,Romelio Martínez,,,codigo_espn=401929247; status=Scheduled,2026-10-09T19:09:49,Colombia,Barranquilla
f59495a1fee7188e,FBF,Brasil - FBF - Baianão Série A,2026-10-21,13:30,EDM,Esporte Clube Vitória,Galdino Leite (Vila Canária),Rodada 10,https://www.fbf.org.br/competicoes/5/2026,pais=Brasil; estado=Bahia; codigo_fbf=5; origem=carrossel_rodada,2026-09-21T19:13:00,Brasil,
667d8747eeb1a475,AFA,Argentina - Torneo Clausura,2026-10-21,15:00,Belgrano,Estudiantes (Zona B),Predio,,https://www.afa.com.ar/Sitio/posts/la-agenda-de-la-afa,,2026-10-09T18:15:50,Argentina,
b18087c2d73d89af,AFA,Argentina - Torneo Clausura,2026-10-21,15:00,Ferro,Colón (Zona B),Pontevedra,,https://www.afa.com.ar/Sitio/posts/la-agenda-de-la-afa,,2026-10-09T18:15:50,Argentina,
7263f4d112a4f881,AFA,Argentina - Torneo Clausura,2026-10-21,15:00,Gimnasia,Talleres (Zona A),Estancia Chica,,https://www.afa.com.ar/Sitio/posts/la-agenda-de-la-afa,,2026-10-09T18:15:50,Argentina,
5960e5851153a085,AFA,Argentina - Torneo Clausura,2026-10-21,15:00,Ind. Rivadavia Mza.,San Martín (SJ) (Zona B),Ciudad Deportiva,,https://www.afa.com.ar/Sitio/posts/la-agenda-de-la-afa,,2026-10-09T18:15:50,Argentina,
2022d72b4b32d02a,AFA,Argentina - Torneo Clausura,2026-10-21,15:00,Lanús,Quilmes (Zona B),Auxiliar,,https://www.afa.com.ar/Sitio/posts/la-agenda-de-la-afa,,2026-10-09T18:15:50,Argentina,
691e2fb57ef264a7,FFERJ,Brasil - FFERJ - Competição não identificada,2026-10-21,15:00,Americano F.C,Pérolas Negras,,,https://www.fferj.com.br/partidas/5733,codigo_fferj=5733; fonte_tag=FERJ,2026-10-05T21:16:30,Brasil,Rio de Janeiro
a394ce04a9c83433,FFERJ,Brasil - FFERJ - Competição não identificada,2026-10-21,15:00,Fluminense F.C,S.A.F Botafogo,ESTÁDIO ESTÁDIO MARCELO VIEIRA,,https://www.fferj.com.br/partidas/5893,codigo_fferj=5893; fonte_tag=FERJ,2026-10-05T21:16:30,Brasil,Rio de Janeiro
09f12b35886647e8,FFERJ,Brasil - FFERJ - Competição não identificada,2026-10-21,15:00,Olaria A.C,Gpa Audax Rio E.C,,,https://www.fferj.com.br/partidas/5730,codigo_fferj=5730; fonte_tag=FERJ,2026-10-05T21:16:30,Brasil,Rio de Janeiro
fcef6182070b0080,FFERJ,Brasil - FFERJ - Competição não identificada,2026-10-21,15:00,Resende F. C.,AE Araruama,ESTÁDIO MUNICIPAL DO TRABALHADOR (E. DO SESI),,https://www.fferj.com.br/partidas/5734,codigo_fferj=5734; fonte_tag=FERJ,2026-10-05T21:16:30,Brasil,Rio de Janeiro
ec69d602edda4e56,FPF,Brasil - FPF - Taça Paulistana Petrobras (Amador),2026-10-21,15:00,São Bento,Realidade Jovem,Estádio Municipal Walter Ribeiro,Rodada 7,https://www.futebolpaulista.com.br/Competicoes/Tabela.aspx,status=Programado; pais=Brasil; estado=São Paulo; fonte=api_ashx; jogo_numero=21; grupo=01; fase=PRIMEIRA FASE; canais=YouTube Paulistão; suspencao=LIBERADO,2026-10-09T18:57:44,Brasil,Sorocaba
e9c3670101894379,FGF,Brasil - FGF - Copa Goiás Sub 13 da 2ª Divisão / 2026,2026-10-21,15:30,Anhanguera,Anapolina S.a.f.,Arena Anatex,2ª Rodada,https://www.fgf.esp.br/pt/competicoes/jogo.php?id=1793&jogo=59750,status=Programado; pais=Brasil; estado=Goiás; fonte=api_ajax,2026-10-09T18:00:23,Brasil,
c0cf5170bee5aa05,FGF,Brasil - FGF - Copa Goiás Sub 13 da 2ª Divisão / 2026,2026-10-21,15:30,Aparecida Esporte Clube,Aparecidense,CT Sussumo Taia,2ª Rodada,https://www.fgf.esp.br/pt/competicoes/jogo.php?id=1793&jogo=59755,status=Programado; pais=Brasil; estado=Goiás; fonte=api_ajax,2026-10-09T18:00:23,Brasil,
6206df72dc05e035,FGF,Brasil - FGF - Copa Goiás Sub 13 da 2ª Divisão / 2026,2026-10-21,15:30,Jardim America,Flugoiania,Saneago,2ª Rodada,https://www.fgf.esp.br/pt/competicoes/jogo.php?id=1793&jogo=59753,status=Programado; pais=Brasil; estado=Goiás; fonte=api_ajax,2026-10-09T18:00:23,Brasil,
cda3a02ff220e4bc,FGF,Brasil - FGF - Copa Goiás Sub 13 da 2ª Divisão / 2026,2026-10-21,15:30,Planalto Esporte Clube,Jataiense,CT Buriti Sereno,2ª Rodada,https://www.fgf.esp.br/pt/competicoes/jogo.php?id=1793&jogo=59751,status=Programado; pais=Brasil; estado=Goiás; fonte=api_ajax,2026-10-09T18:00:23,Brasil,
50555dc62059d0f3,FGF,Brasil - FGF - Copa Goiás Sub 13 da 2ª Divisão / 2026,2026-10-21,15:30,Real Clube,Abd Futebol Clube,Caçapão,2ª Rodada,https://www.fgf.esp.br/pt/competicoes/jogo.php?id=1793&jogo=59752,status=Programado; pais=Brasil; estado=Goiás; fonte=api_ajax,2026-10-09T18:00:23,Brasil,
5b01e472f09f1375,ESPN,Colombia - Liga BetPlay,2026-10-21,18:15,Llaneros FC,Deportivo Cali,Estadio Bello Horizonte - Rey Pele,,,codigo_espn=401878012; status=Scheduled,2026-10-09T19:09:49,Colombia,Villavicencio
e4daf2af96dbf12a,AFA,Argentina - Torneo Clausura,2026-10-21,19:00,River,Vélez (Zona A),River Camp,,https://www.afa.com.ar/Sitio/posts/la-agenda-de-la-afa,,2026-10-09T18:15:50,Argentina,
10a30d1a9448aec7,CBF,Brasil - Copa do Brasil Feminina,2026-10-21,19:00,São Paulo (SP),Bahia (BA),Brinco de Ouro,,https://stcbfsiteprdimgbrs.blob.core.windows.net/img-site/cdn/Tabela_Detalhada_Copa_do_Brasil_Feminina_2026_adbd12d273.pdf,pais=Brasil; cidade=Campinas,2026-10-10T09:45:06,,Campinas
0fc1c82709184a1b,CONMEBOL,Conmebol - Sudamericana,2026-10-21,19:00,City Torque,Atlético MG,Estadio Centenario,,https://gol.conmebol.com/sudamericana/es/fixture/view/1716,codigo_conmebol=1716; status=Fixture,2026-10-06T18:30:37,Conmebol,
208d40e1ec6f0d24,campeonatochileno.cl,Copa Chile Coca-Cola Zero Azúcar,2026-10-21,20:00,Universidad de Chile,Deportes Antofagasta,Estadio por confirmar,,https://www.campeonatochileno.cl/ligas/copa-chile-coca-cola-zero-azucar/,,2026-10-09T18:12:25,,
676868b8022006a5,CONMEBOL,Conmebol - Libertadores,2026-10-21,21:30,Palmeiras,Fluminense,Nubank Parque,,https://gol.conmebol.com/libertadores/es/fixture/view/1671,codigo_conmebol=1671; status=Fixture,2026-10-06T18:30:37,Conmebol,
30ef4474fdd27d1f,AFA,Argentina - Torneo Clausura,2026-10-22,15:00,Atlético Tucumán,Gimnasia (Mza) (Zona A),José Salmoiraghi,,https://www.afa.com.ar/Sitio/posts/la-agenda-de-la-afa,,2026-10-09T18:15:50,Argentina,
5bb6bbe6598a74ce,AFA,Argentina - Torneo Clausura,2026-10-22,15:00,Dep. Riestra,Central Córdoba (Zona B),Speed Camp,,https://www.afa.com.ar/Sitio/posts/la-agenda-de-la-afa,,2026-10-09T18:15:50,Argentina,
e258a3e8db84d024,AFA,Argentina - Torneo Clausura,2026-10-22,15:00,Godoy Cruz,Instituto (Zona A),Coquimbito,,https://www.afa.com.ar/Sitio/posts/la-agenda-de-la-afa,,2026-10-09T18:15:50,Argentina,
c0f588193cc5503d,AFA,Argentina - Torneo Clausura,2026-10-22,15:00,Huracán,Boca (Zona B),La Quemita,,https://www.afa.com.ar/Sitio/posts/la-agenda-de-la-afa,,2026-10-09T18:15:50,Argentina,
943215fa0503d2df,AFA,Argentina - Torneo Clausura,2026-10-22,15:00,Racing,San Lorenzo (Zona A),Tita Mattiussi,,https://www.afa.com.ar/Sitio/posts/la-agenda-de-la-afa,,2026-10-09T18:15:50,Argentina,
508caafd255ddc48,AFA,Argentina - Torneo Clausura,2026-10-22,15:00,Unión,Barracas Central (Zona A),La Tatenguita,,https://www.afa.com.ar/Sitio/posts/la-agenda-de-la-afa,,2026-10-09T18:15:50,Argentina,
a33ae34c5c6f7180,FMF,Brasil - FMF - FEMININO SUB-20 - 2026,2026-10-22,15:00,ARAGUARI,AMÉRICA TO,Victor Andrade de Brito - Frimisa,RODADA 1,https://www.fmf.com.br/Competicoes/ProxJogos.aspx?d=32,pais=Brasil; estado=Minas Gerais; codigo_fmf=32; placar_original=X; jogo_numero=2; cidade=Santa Luzia,2026-09-28T20:17:21,Brasil,Santa Luzia
89398c1fd90077bb,FMF,Brasil - FMF - FEMININO SUB-20 - 2026,2026-10-22,15:00,ATLÉTICO SAF,VENDA NOVA,Arena Gregorão,RODADA 1,https://www.fmf.com.br/Competicoes/ProxJogos.aspx?d=32,pais=Brasil; estado=Minas Gerais; codigo_fmf=32; placar_original=X; jogo_numero=3; cidade=Contagem,2026-09-28T20:17:21,Brasil,Contagem
ac6c4a7ebf09b580,FMF,Brasil - FMF - FEMININO SUB-20 - 2026,2026-10-22,15:00,CRUZEIRO - SAF,SERRANENSE,Toca da Raposa I,RODADA 1,https://www.fmf.com.br/Competicoes/ProxJogos.aspx?d=32,pais=Brasil; estado=Minas Gerais; codigo_fmf=32; placar_original=X; jogo_numero=1; cidade=Belo Horizonte,2026-09-28T20:17:21,Brasil,Belo Horizonte
47f28e4e1c2b2db6,FPF,Brasil - FPF - Taça Paulistana Petrobras (Amador),2026-10-22,15:00,São Bento,Realidade Jovem,Estádio Municipal Walter Ribeiro,Rodada 7,https://www.futebolpaulista.com.br/Competicoes/Tabela.aspx,status=Programado; pais=Brasil; estado=São Paulo; fonte=api_ashx; jogo_numero=21; grupo=01; fase=PRIMEIRA FASE; canais=YouTube Paulistão; suspencao=LIBERADO,2026-10-02T18:40:36,Brasil,Sorocaba
a5575637a3939a28,FPF,Brasil - FPF - Taça Paulistana Petrobras (Amador),2026-10-22,15:00,São José EC SAF,Sociedade Esportiva Lemense,Estádio Municipal Martins Pereira,Rodada 7,https://www.futebolpaulista.com.br/Competicoes/Tabela.aspx,status=Programado; pais=Brasil; estado=São Paulo; fonte=api_ashx; jogo_numero=20; grupo=01; fase=PRIMEIRA FASE; canais=YouTube Paulistão; suspencao=LIBERADO,2026-10-09T18:57:44,Brasil,São José dos Campos
271326eda8aa91bb,FGF,Brasil - FGF - Copa Goiás Sub 15 da 2ª Divisão / 2026,2026-10-22,15:30,Anapolina S.a.f.,Olímpio,CT Anapolina,2ª Rodada,https://www.fgf.esp.br/pt/competicoes/jogo.php?id=1790&jogo=59804,status=Programado; pais=Brasil; estado=Goiás; fonte=api_ajax,2026-10-09T18:00:23,Brasil,
16aaf32dc41d4ace,FGF,Brasil - FGF - Copa Goiás Sub 15 da 2ª Divisão / 2026,2026-10-22,15:30,CEC - Cerrado Esporte Clube,Associacao Esportiva Evangelica,CT TOCA DO LOBO,2ª Rodada,https://www.fgf.esp.br/pt/competicoes/jogo.php?id=1790&jogo=59803,status=Programado; pais=Brasil; estado=Goiás; fonte=api_ajax,2026-10-09T18:00:23,Brasil,
0973f1c35cb4aedd,FGF,Brasil - FGF - Copa Goiás Sub 15 da 2ª Divisão / 2026,2026-10-22,15:30,Cristianópols FC,Palmeiras de Goiás,Sandoval Prudente,2ª Rodada,https://www.fgf.esp.br/pt/competicoes/jogo.php?id=1790&jogo=59802,status=Programado; pais=Brasil; estado=Goiás; fonte=api_ajax,2026-10-09T18:00:23,Brasil,
700d287faec88420,FGF,Brasil - FGF - Copa Goiás Sub 15 da 2ª Divisão / 2026,2026-10-22,15:30,Desportivo Real Fc,Planalto Esporte Clube,Sebastião Mariano da Silva,2ª Rodada,https://www.fgf.esp.br/pt/competicoes/jogo.php?id=1790&jogo=59805,status=Programado; pais=Brasil; estado=Goiás; fonte=api_ajax,2026-10-09T18:00:23,Brasil,
816d3375519fb416,CBF,Brasil - Copa do Brasil Feminina,2026-10-22,19:00,Fluminense (RJ),Flamengo (RJ),Luso Brasileiro,,https://stcbfsiteprdimgbrs.blob.core.windows.net/img-site/cdn/Tabela_Detalhada_Copa_do_Brasil_Feminina_2026_adbd12d273.pdf,pais=Brasil; cidade=Rio de Janeiro,2026-10-10T09:45:06,,Rio de Janeiro
53ea1ea5f89e472b,ESPN,Colombia - Liga BetPlay,2026-10-22,20:00,Atlético Nacional,Deportivo Pasto,Atanasio Girardot,,,codigo_espn=401877877; status=Scheduled,2026-10-09T19:09:49,Colombia,Medellin
981925ca5ea181f9,CONMEBOL,Conmebol - Libertadores,2026-10-22,21:30,Flamengo,Estudiantes,Estadio Jornalista Mário Filho (Maracanã),,https://gol.conmebol.com/libertadores/es/fixture/view/1674,codigo_conmebol=1674; status=Fixture,2026-10-06T18:30:37,Conmebol,
eee8b813a4747a14,ESPN,Peru - Liga 1,2026-10-23,13:00,UTC,Melgar,Estadio Héroes de San Ramón,,,codigo_espn=401886160; status=Scheduled,2026-10-09T21:00:56,Peru,Cajamarca
2d197f758bde0019,FPF,Brasil - FPF - Paulista F Sub-20 Petrobras (Amador),2026-10-23,15:00,Palmeiras,Audax,Estádio Mun. Orlando Batista Novelli,Rodada 13,https://www.futebolpaulista.com.br/Competicoes/Tabela.aspx,status=Programado; pais=Brasil; estado=São Paulo; fonte=api_ashx; jogo_numero=73; grupo=05; fase=QUARTAS DE FINAL; canais=YouTube Paulistão; suspencao=LIBERADO,2026-10-09T18:57:44,Brasil,Barueri
1791458d27d6589f,ESPN,Peru - Liga 1,2026-10-23,15:15,Atlético Grau,ADT,Estadio Municipal Ambrosio Maco Arroyo,,,codigo_espn=401886161; status=Scheduled,2026-10-09T21:00:56,Peru,Piura
d3453823ee61acda,ESPN,Colombia - Liga BetPlay,2026-10-23,18:00,Boyacá Chicó FC,Atlético Bucaramanga,La Independencia,,,codigo_espn=401877907; status=Scheduled,2026-10-09T19:09:49,Colombia,Tunja
39a46ace8a191f0e,AFA,Argentina - Torneo Clausura,2026-10-23,18:30,Gimnasia (Mza.),Platense,,Zona A,https://www.afa.com.ar/Sitio/posts/la-agenda-de-la-afa,,2026-10-09T18:15:50,Argentina,
5907934b67bb4075,AFA,Argentina - Torneo Clausura,2026-10-23,19:00,Gimnasia,Sarmiento,,Zona B,https://www.afa.com.ar/Sitio/posts/la-agenda-de-la-afa,,2026-10-09T18:15:50,Argentina,
1f91148d2b5637f1,CBF,Brasil - Série B,2026-10-23,19:30,Operário (PR),Athletic (MG),Germano Kruger,Rodada 35,https://stcbfsiteprdimgbrs.blob.core.windows.net/img-site/cdn/Tabela_Detalhada_Brasileiro_Serie_B_2026_09_10_25ec926739.pdf,pais=Brasil; cidade=Ponta Grossa,2026-10-10T09:45:06,,Ponta Grossa
f222d6b4c0d6844b,CBF,Brasil - Série A,2026-10-23,20:00,Cruzeiro (MG),Remo (PA),Mineirão,Rodada 32,https://stcbfsiteprdimgbrs.blob.core.windows.net/img-site/cdn/Tabela_Detalhada_BSA_2026_09_10_e4440cfd8e.pdf,pais=Brasil; cidade=Belo Horizonte,2026-10-10T09:45:06,,Belo Horizonte
11395088dd8abddc,campeonatochileno.cl,Liga de Ascenso Caixun,2026-10-23,20:00,Deportes Iquique,Magallanes,Estadio Tierra de Campeones,Fecha 29,https://www.campeonatochileno.cl/ligas/liga-de-ascenso-caixun/,,2026-10-09T18:12:25,,
ea8896d42906ecff,campeonatochileno.cl,Liga de Primera Mercado Libre,2026-10-23,20:00,Audax Italiano,Huachipato,Estadio Bicentenario de La Florida,Fecha 25,https://www.campeonatochileno.cl/ligas/liga-de-primera-mercado-libre/,,2026-10-09T18:12:25,,
4c4a384903ce524b,ESPN,Colombia - Liga BetPlay,2026-10-23,20:10,Atlético Junior,Águilas Doradas,Romelio Martínez,,,codigo_espn=401877773; status=Scheduled,2026-10-09T19:09:49,Colombia,Barranquilla
f1b6a5c279107871,CBF,Brasil - Série B,2026-10-23,21:00,Sport (PE),Criciúma (SC),Ilha do Retiro,Rodada 35,https://stcbfsiteprdimgbrs.blob.core.windows.net/img-site/cdn/Tabela_Detalhada_Brasileiro_Serie_B_2026_09_10_25ec926739.pdf,pais=Brasil; cidade=Recife,2026-10-10T09:45:06,,Recife
a3f993deebefaf2d,AFA,Argentina - Torneo Clausura,2026-10-23,21:15,Tigre,Atlético Tucumán,,Zona B,https://www.afa.com.ar/Sitio/posts/la-agenda-de-la-afa,,2026-10-09T18:15:50,Argentina,
57195c7773ce8594,FMF,Brasil - FMF - 2ª Divisão - 2026,2026-10-24,08:00,UBERLANDIA S.A.F,VILLA NOVA,CT ninho do Periquito,RODADA 4,https://www.fmf.com.br/Competicoes/ProxJogos.aspx?d=12,pais=Brasil; estado=Minas Gerais; codigo_fmf=12; placar_original=X; jogo_numero=113; cidade=Uberlandia,2026-09-21T18:48:11,Brasil,Uberlandia
a316e20e36d15bd9,FFERJ,Brasil - FFERJ - Competição não identificada,2026-10-24,09:00,Fluminense F.C,E.C Nova Cidade,ESTÁDIO ESTÁDIO MARCELO VIEIRA,,https://www.fferj.com.br/partidas/6075,codigo_fferj=6075; fonte_tag=FERJ,2026-10-05T21:16:30,Brasil,Rio de Janeiro
bdf7e64629efb757,FMF,Brasil - FMF - 2ª Divisão - 2026,2026-10-24,09:00,NOVO E.C. ITABIRINHA,SERRANENSE,"Jose Mammoud Abbas ""Mamudão""",RODADA 3,https://www.fmf.com.br/Competicoes/ProxJogos.aspx?d=41,pais=Brasil; estado=Minas Gerais; codigo_fmf=41; placar_original=X; jogo_numero=45; cidade=Governador Valadares,2026-09-28T20:17:21,Brasil,Governador Valadares
1a880bf56001c99a,FMF,Brasil - FMF - 2ª Divisão - 2026,2026-10-24,09:00,UBERLANDIA S.A.F,SC AYMORES,CT ninho do Periquito,RODADA 3,https://www.fmf.com.br/Competicoes/ProxJogos.aspx?d=41,pais=Brasil; estado=Minas Gerais; codigo_fmf=41; placar_original=X; jogo_numero=43; cidade=Uberlandia,2026-09-28T20:17:21,Brasil,Uberlandia
6c9fd715a77a12b4,FMF,Brasil - FMF - 2ª Divisão - 2026,2026-10-24,09:00,VILLA NOVA,POUSO ALEGRE SAF,CT do Villa Nova - Campo 3 José Perácio Berjun,RODADA 3,https://www.fmf.com.br/Competicoes/ProxJogos.aspx?d=41,pais=Brasil; estado=Minas Gerais; codigo_fmf=41; placar_original=X; jogo_numero=44; cidade=Nova Lima,2026-09-28T20:17:21,Brasil,Nova Lima
2ae8f882e5a287de,FPF,Brasil - FPF - Feminino Sub13 (Amador),2026-10-24,09:00,São Bento,SESI - SP,CAT José Felicio Castellano,Rodada 2,https://www.futebolpaulista.com.br/Competicoes/Tabela.aspx,status=Programado; pais=Brasil; estado=São Paulo; fonte=api_ashx; jogo_numero=5; suspencao=LIBERADO,2026-09-18T17:12:02,Brasil,Rio Claro
e8ea3a585b8e010a,FPF,Brasil - FPF - Paulista F Sub-13 Petrobras (Amador),2026-10-24,09:00,São Bento,SESI - SP,CAT José Felicio Castellano,Rodada 2,https://www.futebolpaulista.com.br/Competicoes/Tabela.aspx,status=Programado; pais=Brasil; estado=São Paulo; fonte=api_ashx; jogo_numero=5; grupo=01; fase=PRIMEIRA FASE; suspencao=LIBERADO,2026-10-09T18:57:44,Brasil,Rio Claro
3719c22177130371,FFERJ,Brasil - FFERJ - Competição não identificada,2026-10-24,10:00,Vasco da Gama S.A.F,São Cristóvão de F.R,ESTÁDIO NIVALDO PEREIRA,,https://www.fferj.com.br/partidas/5944,codigo_fferj=5944; fonte_tag=FERJ,2026-10-05T21:16:30,Brasil,Rio de Janeiro
a023338e2feab7b7,FMF,Brasil - FMF - FEMININO SUB-20 - 2026,2026-10-24,10:00,SERRANENSE,ATLÉTICO SAF,Estádio Alexandre Floreal Rocha Tolentino - Bela Vista,RODADA 2,https://www.fmf.com.br/Competicoes/ProxJogos.aspx?d=32,pais=Brasil; estado=Minas Gerais; codigo_fmf=32; placar_original=X; jogo_numero=4; cidade=Claudio,2026-09-28T20:17:21,Brasil,Claudio
7d1608535fcf916b,FMF,Brasil - FMF - SUB 15 - 2ª Divisão - 2026,2026-10-24,10:00,UBERLANDIA S.A.F,VILLA NOVA,CT ninho do Periquito,RODADA 4,https://www.fmf.com.br/Competicoes/ProxJogos.aspx?d=13,pais=Brasil; estado=Minas Gerais; codigo_fmf=13; placar_original=X; jogo_numero=113; cidade=Uberlandia,2026-09-28T20:17:21,Brasil,Uberlandia
f3d91771a096446a,FMF,Brasil - FMF - 2ª Divisão - 2026,2026-10-24,10:30,NOVO E.C. ITABIRINHA,SERRANENSE,"Jose Mammoud Abbas ""Mamudão""",RODADA 3,https://www.fmf.com.br/Competicoes/ProxJogos.aspx?d=42,pais=Brasil; estado=Minas Gerais; codigo_fmf=42; placar_original=X; jogo_numero=45; cidade=Governador Valadares,2026-09-28T20:17:21,Brasil,Governador Valadares
2874f8dd3fdb4b3c,FMF,Brasil - FMF - 2ª Divisão - 2026,2026-10-24,10:30,UBERLANDIA S.A.F,SC AYMORES,CT ninho do Periquito,RODADA 3,https://www.fmf.com.br/Competicoes/ProxJogos.aspx?d=42,pais=Brasil; estado=Minas Gerais; codigo_fmf=42; placar_original=X; jogo_numero=43; cidade=Uberlandia,2026-09-28T20:17:21,Brasil,Uberlandia
3850a7fb580e41bd,FMF,Brasil - FMF - 2ª Divisão - 2026,2026-10-24,10:30,VILLA NOVA,POUSO ALEGRE SAF,CT do Villa Nova - Campo 3 José Perácio Berjun,RODADA 3,https://www.fmf.com.br/Competicoes/ProxJogos.aspx?d=42,pais=Brasil; estado=Minas Gerais; codigo_fmf=42; placar_original=X; jogo_numero=44; cidade=Nova Lima,2026-09-28T20:17:21,Brasil,Nova Lima
5130da771051e0cb,FMF,Brasil - FMF - SUB 15 - 1ª Divisão - 2026,2026-10-24,10:30,COIMBRA SAF,ATHLETIC,Estádio Flávio Pentagna Guimarães,RODADA 6,https://www.fmf.com.br/Competicoes/ProxJogos.aspx?d=5,pais=Brasil; estado=Minas Gerais; codigo_fmf=5; placar_original=X; jogo_numero=126; cidade=Contagem,2026-09-14T18:42:15,Brasil,Contagem
eb61f7e4c533af98,FFERJ,Brasil - FFERJ - Competição não identificada,2026-10-24,11:00,Fluminense F.C,E.C Nova Cidade,ESTÁDIO ESTÁDIO MARCELO VIEIRA,,https://www.fferj.com.br/partidas/6063,codigo_fferj=6063; fonte_tag=FERJ,2026-10-05T21:16:30,Brasil,Rio de Janeiro
200b79730791b13c,FMF,Brasil - FMF - SUB 15 - 1ª Divisão - 2026,2026-10-24,11:00,AMERICA,CRUZEIRO - SAF,Arena da Bola,RODADA 6,https://www.fmf.com.br/Competicoes/ProxJogos.aspx?d=5,pais=Brasil; estado=Minas Gerais; codigo_fmf=5; placar_original=X; jogo_numero=128; cidade=Confins,2026-09-14T18:42:15,Brasil,Confins
0baa0434ab02da67,FMF,Brasil - FMF - SUB 15 - 1ª Divisão - 2026,2026-10-24,11:00,NORTH ESPORTE CLUBE,BOSTON CITY,CT Credinor - North EC,RODADA 6,https://www.fmf.com.br/Competicoes/ProxJogos.aspx?d=5,pais=Brasil; estado=Minas Gerais; codigo_fmf=5; placar_original=X; jogo_numero=127; cidade=Montes Claros,2026-09-14T18:42:15,Brasil,Montes Claros
09f395ba64844dbd,FPF,Brasil - FPF - Feminino Sub13 (Amador),2026-10-24,11:00,Corinthians,Audax,CAT José Felicio Castellano,Rodada 2,https://www.futebolpaulista.com.br/Competicoes/Tabela.aspx,status=Programado; pais=Brasil; estado=São Paulo; fonte=api_ashx; jogo_numero=6; suspencao=LIBERADO,2026-09-18T17:12:02,Brasil,Rio Claro
1b3dc1c11f78957c,FPF,Brasil - FPF - Paulista F Sub-13 Petrobras (Amador),2026-10-24,11:00,Corinthians,Audax,CAT José Felicio Castellano,Rodada 2,https://www.futebolpaulista.com.br/Competicoes/Tabela.aspx,status=Programado; pais=Brasil; estado=São Paulo; fonte=api_ashx; jogo_numero=6; grupo=01; fase=PRIMEIRA FASE; suspencao=LIBERADO,2026-10-09T18:57:44,Brasil,Rio Claro
a8c13cb2a98c9066,campeonatochileno.cl,Liga de Primera Mercado Libre,2026-10-24,12:30,Deportes La Serena,Deportes Concepción,Estadio La Portada,Fecha 25,https://www.campeonatochileno.cl/ligas/liga-de-primera-mercado-libre/,,2026-10-09T18:12:25,,
0ff4c77db1c7651e,ESPN,Peru - Liga 1,2026-10-24,12:45,Sport Huancayo,Alianza Atlético,Estadio Huancayo,,,codigo_espn=401886133; status=Scheduled,2026-10-09T21:00:56,Peru,Huancayo
c407daa51c5d0887,FFERJ,Brasil - FFERJ - Competição não identificada,2026-10-24,13:00,PETRÓPOLIS GONÇALENSE FC,S.A.F Botafogo,ESTÁDIO CT TIGRES,,https://www.fferj.com.br/partidas/6064,codigo_fferj=6064; fonte_tag=FERJ,2026-10-05T21:16:30,Brasil,Rio de Janeiro
b903548d247733dd,FFERJ,Brasil - FFERJ - Competição não identificada,2026-10-24,13:00,Resende F. C.,America F.C (RJ),ESTÁDIO TRABALHADOR,,https://www.fferj.com.br/partidas/6068,codigo_fferj=6068; fonte_tag=FERJ,2026-10-05T21:16:30,Brasil,Rio de Janeiro
fcf442569403ae10,FMF,Brasil - FMF - 2ª Divisão - 2026,2026-10-24,14:00,MINAS BOCA,NOVO E.C. ITABIRINHA,Estádio Bela Vista F.C.,RODADA 4,https://www.fmf.com.br/Competicoes/ProxJogos.aspx?d=12,pais=Brasil; estado=Minas Gerais; codigo_fmf=12; placar_original=X; jogo_numero=115; cidade=Sete Lagoas,2026-09-21T18:48:11,Brasil,Sete Lagoas
f60a9fac888b4f39,FMF,Brasil - FMF - FEMININO SUB-20 - 2026,2026-10-24,14:00,AMÉRICA TO,CRUZEIRO - SAF,CAMPO DO DURVAL DE BARROS,RODADA 2,https://www.fmf.com.br/Competicoes/ProxJogos.aspx?d=32,pais=Brasil; estado=Minas Gerais; codigo_fmf=32; placar_original=X; jogo_numero=5; cidade=Ibirite,2026-09-28T20:17:21,Brasil,Ibirite
c129b7e3f5390452,FPF,Brasil - FPF - Feminino Sub13 (Amador),2026-10-24,14:00,Sfera FC,AD Centro Olimpico,CAT José Felicio Castellano,Rodada 2,https://www.futebolpaulista.com.br/Competicoes/Tabela.aspx,status=Programado; pais=Brasil; estado=São Paulo; fonte=api_ashx; jogo_numero=7; suspencao=LIBERADO,2026-09-18T17:12:02,Brasil,Rio Claro
ef62c265e87b3491,FPF,Brasil - FPF - Paulista F Sub-13 Petrobras (Amador),2026-10-24,14:00,Sfera FC,AD Centro Olimpico,CAT José Felicio Castellano,Rodada 2,https://www.futebolpaulista.com.br/Competicoes/Tabela.aspx,status=Programado; pais=Brasil; estado=São Paulo; fonte=api_ashx; jogo_numero=7; grupo=02; fase=PRIMEIRA FASE; suspencao=LIBERADO,2026-10-09T18:57:44,Brasil,Rio Claro
f5383f280f341c6c,AFA,Argentina - Torneo Clausura,2026-10-24,14:45,Banfield,Lanús,,Interzonal,https://www.afa.com.ar/Sitio/posts/la-agenda-de-la-afa,,2026-10-09T18:15:50,Argentina,
4d109958fcc39c20,FFERJ,Brasil - FFERJ - Competição não identificada,2026-10-24,15:00,Fluminense F.C,São Gonçalo E.C,ESTÁDIO ESTÁDIO MARCELO VIEIRA,,https://www.fferj.com.br/partidas/5943,codigo_fferj=5943; fonte_tag=FERJ,2026-10-05T21:16:30,Brasil,Rio de Janeiro
bb3f16596920e955,FFERJ,Brasil - FFERJ - Competição não identificada,2026-10-24,15:00,Madureira E.C,Sociedade Esportiva Paraty,ESTÁDIO ESTADIO ANICETO MOSCOSO,,https://www.fferj.com.br/partidas/5946,codigo_fferj=5946; fonte_tag=FERJ,2026-10-05T21:16:30,Brasil,Rio de Janeiro
da6ad963c5324eed,FFERJ,Brasil - FFERJ - Competição não identificada,2026-10-24,15:00,PETRÓPOLIS GONÇALENSE FC,S.A.F Botafogo,ESTÁDIO CT TIGRES,,https://www.fferj.com.br/partidas/6076,codigo_fferj=6076; fonte_tag=FERJ,2026-10-05T21:16:30,Brasil,Rio de Janeiro
b5396ca3b02977bc,FFERJ,Brasil - FFERJ - Competição não identificada,2026-10-24,15:00,Sampaio Corrêa F.E Ltda,Vasco da Gama S.A.F,ESTÁDIO LOURIVAL GOMES DE ALMEIDA,,https://www.fferj.com.br/partidas/6078,codigo_fferj=6078; fonte_tag=FERJ,2026-10-05T21:16:30,Brasil,Rio de Janeiro
1551b4702d42b8bd,FMF,Brasil - FMF - 2ª Divisão - 2026,2026-10-24,15:00,NACIONAL VRB,GUARANI,Estádio Joseph Lambert,RODADA 4,https://www.fmf.com.br/Competicoes/ProxJogos.aspx?d=12,pais=Brasil; estado=Minas Gerais; codigo_fmf=12; placar_original=X; jogo_numero=114; cidade=Visconde do Rio Branco,2026-09-21T18:48:11,Brasil,Visconde do Rio Branco
281726ea9986077d,FMF,Brasil - FMF - FEMININO SUB-20 - 2026,2026-10-24,15:00,VENDA NOVA,ARAGUARI,Estádio Ilvo Marani,RODADA 2,https://www.fmf.com.br/Competicoes/ProxJogos.aspx?d=32,pais=Brasil; estado=Minas Gerais; codigo_fmf=32; placar_original=X; jogo_numero=6; cidade=Vespasiano,2026-09-28T20:17:21,Brasil,Vespasiano
b0a22fbbf576e808,FPF,Brasil - FPF - Amador do Estado,2026-10-24,15:00,CA Bandeirante (BRK),EC Jardim Gonzaga (LARFA),Mário Lima Santos,Rodada 3,https://www.futebolpaulista.com.br/Competicoes/Tabela.aspx,status=Programado; pais=Brasil; estado=São Paulo; fonte=api_ashx; jogo_numero=13; suspencao=LIBERADO,2026-10-09T18:57:44,Brasil,Brodowski
bb0909321cf7666e,FPF,Brasil - FPF - Amador do Estado,2026-10-24,15:00,EC Santa Rita (SJC),Cidade Nova (PIN),Praça Hélio Dias (Campo de Futebol do Parque Santa Rita),Rodada 3,https://www.futebolpaulista.com.br/Competicoes/Tabela.aspx,status=Programado; pais=Brasil; estado=São Paulo; fonte=api_ashx; jogo_numero=16; suspencao=LIBERADO,2026-10-09T18:57:44,Brasil,São José dos Campos
d861834552fe9416,FPF,Brasil - FPF - Amador do Estado,2026-10-24,15:00,MAEC (PIN),Campinho (BRG),Estádio Campo do Corinthians,Rodada 3,https://www.futebolpaulista.com.br/Competicoes/Tabela.aspx,status=Programado; pais=Brasil; estado=São Paulo; fonte=api_ashx; jogo_numero=15; suspencao=LIBERADO,2026-10-09T18:57:44,Brasil,Pindamonhangaba
e0633d12fb98e114,FPF,Brasil - FPF - Amador do Estado,2026-10-24,15:00,REALCEDÉGA FC (BAU),BSC/PM NUPORANGA (BRK),Estádio Municipal Orlando Chesini Ometto,Rodada 3,https://www.futebolpaulista.com.br/Competicoes/Tabela.aspx,status=Programado; pais=Brasil; estado=São Paulo; fonte=api_ashx; jogo_numero=14; suspencao=LIBERADO,2026-10-09T18:57:44,Brasil,Igaraçu do Tietê
3b07e022168413de,FPF,Brasil - FPF - Amador do Estado,2026-10-24,15:00,União FC (ATB),Campo Novo (BRG),Estádio Municipal Salvador Russani,Rodada 3,https://www.futebolpaulista.com.br/Competicoes/Tabela.aspx,status=Programado; pais=Brasil; estado=São Paulo; fonte=api_ashx; jogo_numero=17; suspencao=LIBERADO,2026-10-09T18:57:44,Brasil,Atibaia
602def3a491843bd,FPF,Brasil - FPF - Amador do Estado,2026-10-24,15:00,Vasquinho (RBP),Mocidade FC (MAU),Est. Mun. Valentino Redivo,Rodada 3,https://www.futebolpaulista.com.br/Competicoes/Tabela.aspx,status=Programado; pais=Brasil; estado=São Paulo; fonte=api_ashx; jogo_numero=18; suspencao=LIBERADO,2026-10-09T18:57:44,Brasil,Ribeirão Pires
13d33e52e4deb508,FPF,Brasil - FPF - Paulista F Sub-20 Petrobras (Amador),2026-10-24,15:00,Corinthians,Red Bull Bragantino,Estádio Alfredo Schürig,Rodada 13,https://www.futebolpaulista.com.br/Competicoes/Tabela.aspx,status=Programado; pais=Brasil; estado=São Paulo; fonte=api_ashx; jogo_numero=72; grupo=04; fase=QUARTAS DE FINAL; canais=YouTube Paulistão; suspencao=LIBERADO,2026-10-09T18:57:44,Brasil,São Paulo
4a5fa38567b6d6bb,FPF,Brasil - FPF - Paulista F Sub-20 Petrobras (Amador),2026-10-24,15:00,Ferroviária,São Bento,CT I9 International Academy,Rodada 13,https://www.futebolpaulista.com.br/Competicoes/Tabela.aspx,status=Programado; pais=Brasil; estado=São Paulo; fonte=api_ashx; jogo_numero=71; grupo=03; fase=QUARTAS DE FINAL; canais=YouTube Paulistão; suspencao=LIBERADO,2026-10-09T18:57:44,Brasil,Ribeirão Preto
881ce2a5d0acfb5b,FPF,Brasil - FPF - Paulista F Sub-20 Petrobras (Amador),2026-10-24,15:00,Palmeiras,Audax,Estádio Mun. Orlando Batista Novelli,Rodada 13,https://www.futebolpaulista.com.br/Competicoes/Tabela.aspx,status=Programado; pais=Brasil; estado=São Paulo; fonte=api_ashx; jogo_numero=73; grupo=05; fase=QUARTAS DE FINAL; canais=YouTube Paulistão; suspencao=LIBERADO,2026-09-27T17:55:40,Brasil,Barueri
e74c5ef69a38228d,FPF,Brasil - FPF - Paulista F Sub-20 Petrobras (Amador),2026-10-24,15:00,São Paulo,Santos,Campo do Complexo Social do Morumbi,Rodada 13,https://www.futebolpaulista.com.br/Competicoes/Tabela.aspx,status=Programado; pais=Brasil; estado=São Paulo; fonte=api_ashx; jogo_numero=74; grupo=06; fase=QUARTAS DE FINAL; canais=YouTube Paulistão; suspencao=LIBERADO,2026-09-23T17:56:48,Brasil,São Paulo
2d8adc3e0aca55ff,campeonatochileno.cl,Liga de Primera Mercado Libre,2026-10-24,15:00,Deportes La Serena,Deportes Concepción,Estadio La Portada,Fecha 25,https://www.campeonatochileno.cl/ligas/liga-de-primera-mercado-libre/,,2026-10-04T16:41:52,,
c0cb4913ae735d2b,ESPN,Peru - Liga 1,2026-10-24,15:15,Cusco FC,Sporting Cristal,Estadio Inca Garcilaso de la Vega,,,codigo_espn=401886132; status=Scheduled,2026-10-09T21:00:56,Peru,Cusco
1d77dff3510635ef,FGF,Brasil - FGF - Campeonato Goiano Feminino Adulto / 2026,2026-10-24,15:30,Aliança,Planalto Esporte Clube,CT Buriti Sereno,2ª Rodada,https://www.fgf.esp.br/pt/competicoes/jogo.php?id=1816&jogo=57466,status=Programado; pais=Brasil; estado=Goiás; fonte=api_ajax,2026-10-09T18:00:23,Brasil,
24583ecbca5b258c,FGF,Brasil - FGF - Campeonato Goiano Feminino Adulto / 2026,2026-10-24,15:30,Vila Nova,Anapolina S.a.f.,CT Vila do Tigre,2ª Rodada,https://www.fgf.esp.br/pt/competicoes/jogo.php?id=1816&jogo=57465,status=Programado; pais=Brasil; estado=Goiás; fonte=api_ajax,2026-10-09T18:00:23,Brasil,
0bf0b99499840c0c,FGF,Brasil - FGF - Campeonato Goiano de Profissionais da 3ª Divisão / 2026,2026-10-24,15:30,Atlético Itumbiara,América,Jk,3ª Rodada,https://www.fgf.esp.br/pt/competicoes/jogo.php?id=1830&jogo=58145,status=Programado; pais=Brasil; estado=Goiás; fonte=api_ajax,2026-10-09T18:00:23,Brasil,
b239d05f141cf7e2,FGF,Brasil - FGF - Campeonato Goiano de Profissionais da 3ª Divisão / 2026,2026-10-24,15:30,Novo Horizonte,Itumbiara,Durval Ferreira Franco,3ª Rodada,https://www.fgf.esp.br/pt/competicoes/jogo.php?id=1830&jogo=58146,status=Programado; pais=Brasil; estado=Goiás; fonte=api_ajax,2026-10-09T18:00:23,Brasil,
c6cfb0978fc6a6fa,FGF,Brasil - FGF - Campeonato Goiano de Profissionais da 3ª Divisão / 2026,2026-10-24,16:00,Associacao Atletica Rioverdense,Royal,Mozart Veloso do Carmo,3ª Rodada,https://www.fgf.esp.br/pt/competicoes/jogo.php?id=1830&jogo=58147,status=Programado; pais=Brasil; estado=Goiás; fonte=api_ajax,2026-10-09T18:00:23,Brasil,
618f5acc3dd25527,FMF,Brasil - FMF - SUB 15 - 1ª Divisão - 2026,2026-10-24,16:00,ITABIRITO,ATLÉTICO SAF,Arena Morro das Pedras,RODADA 6,https://www.fmf.com.br/Competicoes/ProxJogos.aspx?d=5,pais=Brasil; estado=Minas Gerais; codigo_fmf=5; placar_original=X; jogo_numero=129; cidade=Belo Horizonte,2026-09-14T18:42:15,Brasil,Belo Horizonte
3828007df2a81f42,FMF,Brasil - FMF - SUB 15 - 2ª Divisão - 2026,2026-10-24,16:00,MINAS BOCA,NOVO E.C. ITABIRINHA,Estádio Bela Vista F.C.,RODADA 4,https://www.fmf.com.br/Competicoes/ProxJogos.aspx?d=13,pais=Brasil; estado=Minas Gerais; codigo_fmf=13; placar_original=X; jogo_numero=115; cidade=Sete Lagoas,2026-09-28T20:17:21,Brasil,Sete Lagoas
2934fb6b8f6b6c81,FPF,Brasil - FPF - Feminino Sub13 (Amador),2026-10-24,16:00,Ferroviária,São Paulo,CAT José Felicio Castellano,Rodada 2,https://www.futebolpaulista.com.br/Competicoes/Tabela.aspx,status=Programado; pais=Brasil; estado=São Paulo; fonte=api_ashx; jogo_numero=8; suspencao=LIBERADO,2026-09-18T17:12:02,Brasil,Rio Claro
119f64a5da501fca,FPF,Brasil - FPF - Paulista F Sub-13 Petrobras (Amador),2026-10-24,16:00,Ferroviária,São Paulo,CAT José Felicio Castellano,Rodada 2,https://www.futebolpaulista.com.br/Competicoes/Tabela.aspx,status=Programado; pais=Brasil; estado=São Paulo; fonte=api_ashx; jogo_numero=8; grupo=02; fase=PRIMEIRA FASE; suspencao=LIBERADO,2026-10-09T18:57:44,Brasil,Rio Claro
3ad2785605184e81,CBF,Brasil - Série B,2026-10-24,16:00,Avaí (SC),Botafogo (SP),Ressacada,Rodada 35,https://stcbfsiteprdimgbrs.blob.core.windows.net/img-site/cdn/Tabela_Detalhada_Brasileiro_Serie_B_2026_09_10_25ec926739.pdf,pais=Brasil; cidade=Florianópolis,2026-10-10T09:45:06,,Florianópolis
75369144395e7f34,campeonatochileno.cl,Campeonato Nacional Juvenil Femenino Clausura,2026-10-24,16:00,Deportes Santa Cruz Juvenil Fem,Magallanes Juvenil Fem,Estadio Municipal Santa Ana,Fecha 13,https://www.campeonatochileno.cl/ligas/campeonato-nacional-juvenil-femenino-clausura/,,2026-07-13T14:46:09,,
cc4ad1ace8270db8,CBF,Brasil - Série A,2026-10-24,16:30,Internacional (RS),Botafogo (RJ),Beira-Rio,Rodada 32,https://stcbfsiteprdimgbrs.blob.core.windows.net/img-site/cdn/Tabela_Detalhada_BSA_2026_09_10_e4440cfd8e.pdf,pais=Brasil; cidade=Porto Alegre,2026-10-10T09:45:06,,Porto Alegre
e7076f2719486745,CBF,Brasil - Série A,2026-10-24,16:30,Mirassol (SP),São Paulo (SP),José M. C. Maia,Rodada 32,https://stcbfsiteprdimgbrs.blob.core.windows.net/img-site/cdn/Tabela_Detalhada_BSA_2026_09_10_e4440cfd8e.pdf,pais=Brasil; cidade=Mirassol,2026-10-10T09:45:06,,Mirassol
fbeadd64105c56dc,CBF,Brasil - Série A,2026-10-24,16:30,Vitória (BA),Athletico (PR),Barradão,Rodada 32,https://stcbfsiteprdimgbrs.blob.core.windows.net/img-site/cdn/Tabela_Detalhada_BSA_2026_09_10_e4440cfd8e.pdf,pais=Brasil; cidade=Salvador,2026-10-10T09:45:06,,Salvador
72d1056b8ac14d96,CBF,Brasil - Série B,2026-10-24,16:30,Atlético (GO),Novorizontino (SP),Antônio Accioly,Rodada 35,https://stcbfsiteprdimgbrs.blob.core.windows.net/img-site/cdn/Tabela_Detalhada_Brasileiro_Serie_B_2026_09_10_25ec926739.pdf,pais=Brasil; cidade=Goiânia,2026-10-10T09:45:06,,Goiânia
cdaeeb92173256f5,CBF,Brasil - Série B,2026-10-24,16:30,São Bernardo FC (SP),Vila Nova (GO),1º de Maio,Rodada 35,https://stcbfsiteprdimgbrs.blob.core.windows.net/img-site/cdn/Tabela_Detalhada_Brasileiro_Serie_B_2026_09_10_25ec926739.pdf,pais=Brasil; cidade=São Bernardo do Campo,2026-10-10T09:45:06,,São Bernardo do Campo
0eaecaa8874d4676,AFA,Argentina - Torneo Clausura,2026-10-24,17:00,Talleres,Defensa y Justicia,,Zona A,https://www.afa.com.ar/Sitio/posts/la-agenda-de-la-afa,,2026-10-09T18:15:50,Argentina,
e7464924805e799f,FMF,Brasil - FMF - SUB 15 - 2ª Divisão - 2026,2026-10-24,17:00,NACIONAL VRB,GUARANI,Estádio Joseph Lambert,RODADA 4,https://www.fmf.com.br/Competicoes/ProxJogos.aspx?d=13,pais=Brasil; estado=Minas Gerais; codigo_fmf=13; placar_original=X; jogo_numero=114; cidade=Visconde do Rio Branco,2026-09-28T20:17:21,Brasil,Visconde do Rio Branco
fa24c4115d8632f5,campeonatochileno.cl,Liga de Ascenso Caixun,2026-10-24,17:30,Deportes Copiapó,Club Deportes Santa Cruz,,Fecha 29,https://www.campeonatochileno.cl/ligas/liga-de-ascenso-caixun/,,2026-10-09T18:12:25,,
fd28d9951cf1c45a,campeonatochileno.cl,Liga de Ascenso Caixun,2026-10-24,17:30,Deportes Puerto Montt,Unión San Felipe,Bicentenario Chinquihue,Fecha 29,https://www.campeonatochileno.cl/ligas/liga-de-ascenso-caixun/,,2026-10-09T18:12:25,,
313cf4945fb2b021,campeonatochileno.cl,Liga de Ascenso Caixun,2026-10-24,17:30,Rangers de Talca,Cobreloa,Estadio Bicentenario Iván Azócar Bernales,Fecha 29,https://www.campeonatochileno.cl/ligas/liga-de-ascenso-caixun/,,2026-10-09T18:12:25,,
286ccbc8567d579e,campeonatochileno.cl,Liga de Ascenso Caixun,2026-10-24,17:30,San Luis,Deportes Recoleta,Municipal Lucio Fariña Fernández,Fecha 29,https://www.campeonatochileno.cl/ligas/liga-de-ascenso-caixun/,,2026-10-09T18:12:25,,
d9dd555e4d6c3c5d,campeonatochileno.cl,Liga de Ascenso Caixun,2026-10-24,17:30,Unión Española,Santiago Wanderers,Estadio Santa Laura Universidad SEK,Fecha 29,https://www.campeonatochileno.cl/ligas/liga-de-ascenso-caixun/,,2026-10-09T18:12:25,,
6c5422598114a94d,ESPN,Colombia - Liga BetPlay,2026-10-24,18:05,América de Cali,Cúcuta Deportivo,Pascual Guerrero,,,codigo_espn=401878057; status=Scheduled,2026-10-09T19:09:49,Colombia,Cali
4119d52222202a18,CBF,Brasil - Série A,2026-10-24,18:30,Palmeiras (SP),Red Bull Bragantino (SP),Arena,Rodada 32,https://stcbfsiteprdimgbrs.blob.core.windows.net/img-site/cdn/Tabela_Detalhada_BSA_2026_09_10_e4440cfd8e.pdf,pais=Brasil; cidade=Barueri Barueri,2026-10-10T09:45:06,,Barueri Barueri
296d131fb5d05e28,CBF,Brasil - Série A,2026-10-24,18:30,Vasco da Gama (RJ),Corinthians (SP),São Januário,Rodada 32,https://stcbfsiteprdimgbrs.blob.core.windows.net/img-site/cdn/Tabela_Detalhada_BSA_2026_09_10_e4440cfd8e.pdf,pais=Brasil; cidade=Rio de Janeiro,2026-10-10T09:45:06,,Rio de Janeiro
ceb55f2189b0c1b6,CBF,Brasil - Série B,2026-10-24,18:30,CRB (AL),Londrina (PR),Rei Pelé,Rodada 35,https://stcbfsiteprdimgbrs.blob.core.windows.net/img-site/cdn/Tabela_Detalhada_Brasileiro_Serie_B_2026_09_10_25ec926739.pdf,pais=Brasil; cidade=Maceió,2026-10-10T09:45:06,,Maceió
69d29d268bc7e61d,CBF,Brasil - Série B,2026-10-24,18:30,Ponte Preta (SP),Fortaleza (CE),Moisés Lucarelli,Rodada 35,https://stcbfsiteprdimgbrs.blob.core.windows.net/img-site/cdn/Tabela_Detalhada_Brasileiro_Serie_B_2026_09_10_25ec926739.pdf,pais=Brasil; cidade=Campinas,2026-10-10T09:45:06,,Campinas
a6c199ee0996e119,AFA,Argentina - Torneo Clausura,2026-10-24,19:15,San Lorenzo,Newell’s,,Zona A,https://www.afa.com.ar/Sitio/posts/la-agenda-de-la-afa,,2026-10-09T18:15:50,Argentina,
0f26d3f233a4bdf2,CBF,Brasil - Série A,2026-10-24,19:30,Chapecoense (SC),Fluminense (RJ),Arena Condá,Rodada 32,https://stcbfsiteprdimgbrs.blob.core.windows.net/img-site/cdn/Tabela_Detalhada_BSA_2026_09_10_e4440cfd8e.pdf,pais=Brasil; cidade=Chapecó,2026-10-10T09:45:06,,Chapecó
fba9b4dbb7c8a319,ESPN,Peru - Liga 1,2026-10-24,19:30,Universitario,Juan Pablo II,Estadio Monumental de Lima,,,codigo_espn=401886162; status=Scheduled,2026-10-09T21:00:56,Peru,Lima
5eecb09e6512d233,FPF,Brasil - FPF - Paulista F Sub-20 Petrobras (Amador),2026-10-24,20:00,São Paulo,Santos,Campo do Complexo Social do Morumbi,Rodada 13,https://www.futebolpaulista.com.br/Competicoes/Tabela.aspx,status=Programado; pais=Brasil; estado=São Paulo; fonte=api_ashx; jogo_numero=74; grupo=06; fase=QUARTAS DE FINAL; canais=YouTube Paulistão; suspencao=LIBERADO,2026-10-09T18:57:44,Brasil,São Paulo
83e6d5a1afaec2e2,campeonatochileno.cl,Liga de Primera Mercado Libre,2026-10-24,20:00,O'Higgins,Cobresal,Estadio Codelco El Teniente,Fecha 25,https://www.campeonatochileno.cl/ligas/liga-de-primera-mercado-libre/,,2026-10-09T18:12:25,,
9b57e9b130998c96,ESPN,Colombia - Liga BetPlay,2026-10-24,20:15,Once Caldas,Deportivo Pereira,Palogrande,,,codigo_espn=401877895; status=Scheduled,2026-10-09T19:09:49,Colombia,Manizales
2ee8a25900ac3bbf,CBF,Brasil - Série A,2026-10-24,21:00,Santos (SP),Bahia (BA),Vila Belmiro,Rodada 32,https://stcbfsiteprdimgbrs.blob.core.windows.net/img-site/cdn/Tabela_Detalhada_BSA_2026_09_10_e4440cfd8e.pdf,pais=Brasil; cidade=Santos,2026-10-10T09:45:06,,Santos
225f672af82412ae,AFA,Argentina - Torneo Clausura,2026-10-24,21:30,Rosario Central,Huracán,,Zona B,https://www.afa.com.ar/Sitio/posts/la-agenda-de-la-afa,,2026-10-09T18:15:50,Argentina,
25e5618d25f4249f,campeonatochileno.cl,Campeonato Nacional Juvenil Femenino Clausura,2026-10-24,4:00,Deportes Santa Cruz Juvenil Fem,Magallanes Juvenil Fem,Estadio Municipal Santa Ana,Fecha 13,https://www.campeonatochileno.cl/ligas/campeonato-nacional-juvenil-femenino-clausura/,,2026-07-14T13:55:28,,
3b8fa70319732d5d,FMF,Brasil - FMF - 2ª Divisão - 2026,2026-10-25,09:00,NACIONAL VRB,GUARANI,Estádio Joseph Lambert,RODADA 4,https://www.fmf.com.br/Competicoes/ProxJogos.aspx?d=12,pais=Brasil; estado=Minas Gerais; codigo_fmf=12; placar_original=X; jogo_numero=114; cidade=Visconde do Rio Branco,2026-09-07T18:23:22,Brasil,Visconde do Rio Branco
7fdb7ca86170ed36,campeonatochileno.cl,Campeonato Nacional Juvenil Femenino Clausura,2026-10-25,09:00,Deportes Copiapo Juvenil Fem,San Marcos de Arica Juvenil Fem,,Fecha 13,https://www.campeonatochileno.cl/ligas/campeonato-nacional-juvenil-femenino-clausura/,,2026-07-13T14:46:09,,
62993873e9ddd68b,campeonatochileno.cl,Campeonato Nacional Juvenil Femenino Clausura,2026-10-25,09:30,Deportes Temuco Juvenil Fem,Unión Araucanía Juvenil Fem,,Fecha 13,https://www.campeonatochileno.cl/ligas/campeonato-nacional-juvenil-femenino-clausura/,,2026-07-13T14:46:09,,
5f15b174db358cc0,campeonatochileno.cl,Campeonato Nacional Juvenil Femenino Clausura,2026-10-25,10:00,San Luis Juvenil Fem,Unión La Calera Juvenil Fem,,Fecha 13,https://www.campeonatochileno.cl/ligas/campeonato-nacional-juvenil-femenino-clausura/,,2026-07-14T13:55:28,,
3b7d65e461611523,campeonatochileno.cl,Campeonato Nacional Juvenil Femenino Clausura,2026-10-25,11:00,Atlético Colina Juvenil Fem,Everton Juvenil Fem,Estadio Manuel Rojas del Río,Fecha 13,https://www.campeonatochileno.cl/ligas/campeonato-nacional-juvenil-femenino-clausura/,,2026-07-14T13:55:28,,
4b0b19eaa2b7ce31,ESPN,Peru - Liga 1,2026-10-25,11:00,Comerciantes Unidos,Cienciano del Cusco,Juan Maldonado Gamarra,,,codigo_espn=401886158; status=Scheduled,2026-10-09T21:00:56,Peru,"Cutervo, Cajamarca"
73d10d328d4ab1fb,campeonatochileno.cl,Campeonato Nacional Juvenil Femenino Clausura,2026-10-25,11:45,Recreativo Puerto Varas Juvenil Fem,Ñublense Juvenil Fem,,Fecha 13,https://www.campeonatochileno.cl/ligas/campeonato-nacional-juvenil-femenino-clausura/,,2026-07-14T13:55:28,,
1bb942e337738120,campeonatochileno.cl,Campeonato Nacional Juvenil Femenino Clausura,2026-10-25,12:00,Unión Española Juvenil Fem,Deportes Recoleta Juvenil Fem,Estadio Santa Laura – Cancha 2,Fecha 12,https://www.campeonatochileno.cl/ligas/campeonato-nacional-juvenil-femenino-clausura/,,2026-07-14T13:55:28,,
5eeee25f905fab6a,campeonatochileno.cl,Liga de Primera Mercado Libre,2026-10-25,12:30,Ñublense,Coquimbo Unido,Estadio Bicentenario Nelson Oyarzún,Fecha 25,https://www.campeonatochileno.cl/ligas/liga-de-primera-mercado-libre/,,2026-10-09T18:12:25,,
74c2eb4ac04622e2,ESPN,Ecuador - LigaPro Serie A,2026-10-25,13:00,Aucas,Barcelona SC,,,,codigo_espn=401921329; status=Scheduled,2026-10-09T20:23:29,Ecuador,
bf134c94f167d7a6,ESPN,Ecuador - LigaPro Serie A,2026-10-25,13:00,Emelec,Guayaquil City FC,,,,codigo_espn=401921334; status=Scheduled,2026-10-09T20:23:29,Ecuador,
8d1ae55284aa758f,ESPN,Ecuador - LigaPro Serie A,2026-10-25,13:00,Independiente del Valle,Universidad Católica (Quito),,,,codigo_espn=401921330; status=Scheduled,2026-10-09T20:23:29,Ecuador,
904149741132bf2e,ESPN,Ecuador - LigaPro Serie A,2026-10-25,13:00,Leones,Libertad (Ecuador),,,,codigo_espn=401921335; status=Scheduled,2026-10-09T20:23:29,Ecuador,
1b1c6d71c79898f6,ESPN,Ecuador - LigaPro Serie A,2026-10-25,13:00,Liga de Quito,Macará,,,,codigo_espn=401921346; status=Scheduled,2026-10-09T20:23:29,Ecuador,
281771c5b41fd7b2,ESPN,Ecuador - LigaPro Serie A,2026-10-25,13:00,Manta F.C.,Deportivo Cuenca,,,,codigo_espn=401921376; status=Scheduled,2026-10-09T20:23:29,Ecuador,
7db33fa91b865dfd,ESPN,Ecuador - LigaPro Serie A,2026-10-25,13:00,Orense,Delfín,,,,codigo_espn=401921375; status=Scheduled,2026-10-09T20:23:29,Ecuador,
7f1f3bf60b69f57d,ESPN,Ecuador - LigaPro Serie A,2026-10-25,13:00,Técnico Universitario,Mushuc Runa,,,,codigo_espn=401921377; status=Scheduled,2026-10-09T20:23:29,Ecuador,
b242b3e0aee62660,ESPN,Peru - Liga 1,2026-10-25,13:15,Deportivo Moquegua,Alianza Lima,Estadio 25 de Noviembre,,,codigo_espn=401886159; status=Scheduled,2026-10-09T21:00:56,Peru,Moquegua
ef37f85bee0fe04f,FMF,Brasil - FMF - 2ª Divisão - 2026,2026-10-25,14:00,INTER SAO GOTARDO,FUNORTE,Estadio Olavo bilac de Resende,RODADA 4,https://www.fmf.com.br/Competicoes/ProxJogos.aspx?d=12,pais=Brasil; estado=Minas Gerais; codigo_fmf=12; placar_original=X; jogo_numero=116; cidade=Sao Gotardo,2026-09-21T18:48:11,Brasil,Sao Gotardo
8068ac1c87e7d8ce,ESPN,Colombia - Liga BetPlay,2026-10-25,14:00,Fortaleza CEIF,Deportivo Cali,Metropolitano de Techo,,,codigo_espn=401877906; status=Scheduled,2026-10-09T19:09:49,Colombia,Bogota
1944823b47e534dd,AFA,Argentina - Torneo Clausura,2026-10-25,14:45,Aldosivi,Belgrano,,Zona B,https://www.afa.com.ar/Sitio/posts/la-agenda-de-la-afa,,2026-10-09T18:15:50,Argentina,
29cd43b8868615b4,FFERJ,Brasil - FFERJ - Competição não identificada,2026-10-25,15:00,SANTA CRUZ FC,Campos Atlético Associação,ESTÁDIO LEÃO DO SUL,,https://www.fferj.com.br/partidas/6137,codigo_fferj=6137; fonte_tag=FERJ,2026-10-05T21:16:30,Brasil,Rio de Janeiro
fc113b248a9e8c63,campeonatochileno.cl,Campeonato Nacional Juvenil Femenino Clausura,2026-10-25,15:00,Palestino Juvenil Fem,Curicó Unido Juvenil Fem,Estadio Municipal de La Cisterna – Cancha 2,Fecha 13,https://www.campeonatochileno.cl/ligas/campeonato-nacional-juvenil-femenino-clausura/,,2026-07-13T14:46:09,,
8a7d3198b14327c5,campeonatochileno.cl,Liga de Ascenso Caixun,2026-10-25,15:00,Deportes Temuco,San Marcos de Arica,,Fecha 29,https://www.campeonatochileno.cl/ligas/liga-de-ascenso-caixun/,,2026-10-09T18:12:25,,
69985ccc0b15ce8a,campeonatochileno.cl,Liga de Primera Mercado Libre,2026-10-25,15:00,Unión La Calera,Universidad Católica,Estadio Nicolás Chahuán,Fecha 25,https://www.campeonatochileno.cl/ligas/liga-de-primera-mercado-libre/,,2026-10-09T18:12:25,,
500b72e5c9c885c4,ESPN,Peru - Liga 1,2026-10-25,15:30,Sport Boys,FC Cajamarca,Estadio Miguel Grau del Callao,,,codigo_espn=401886157; status=Scheduled,2026-10-09T21:00:56,Peru,Callao
d2c1dec44ffaebe9,FMF,Brasil - FMF - SUB 15 - 2ª Divisão - 2026,2026-10-25,16:00,INTER SAO GOTARDO,FUNORTE,Estadio Olavo bilac de Resende,RODADA 4,https://www.fmf.com.br/Competicoes/ProxJogos.aspx?d=13,pais=Brasil; estado=Minas Gerais; codigo_fmf=13; placar_original=X; jogo_numero=116; cidade=Sao Gotardo,2026-09-28T20:17:21,Brasil,Sao Gotardo
c932241dc81eff0c,ESPN,Colombia - Liga BetPlay,2026-10-25,16:05,Alianza FC,Internacional de Bogotá,Armando Maestre Pavajeau,,,codigo_espn=401878036; status=Scheduled,2026-10-09T19:09:49,Colombia,Valledupar
a991fd11bc4eba22,AFA,Argentina - Torneo Clausura,2026-10-25,17:00,Independiente,Boca,,Zona A,https://www.afa.com.ar/Sitio/posts/la-agenda-de-la-afa,,2026-10-09T18:15:50,Argentina,
e7eef13f0b42c16b,campeonatochileno.cl,Campeonato Nacional Juvenil Femenino Clausura,2026-10-25,17:15,Deportes Melipilla Juvenil Fem,Unión San Felipe Juvenil Fem,Estadio Soinca – Cancha 2,Fecha 13,https://www.campeonatochileno.cl/ligas/campeonato-nacional-juvenil-femenino-clausura/,,2026-07-13T14:46:09,,
dd0cfdbe3a8ee965,campeonatochileno.cl,Liga de Ascenso Caixun,2026-10-25,17:30,Deportes Antofagasta,Curicó Unido,Estadio Regional Calvo y Bascuñán,Fecha 29,https://www.campeonatochileno.cl/ligas/liga-de-ascenso-caixun/,,2026-10-09T18:12:25,,
68aec906f64f5668,campeonatochileno.cl,Liga de Primera Mercado Libre,2026-10-25,17:30,Palestino,Colo Colo,Estadio por confirmar,Fecha 25,https://www.campeonatochileno.cl/ligas/liga-de-primera-mercado-libre/,,2026-10-09T18:12:25,,
62ffd93ca0741ab3,ESPN,Peru - Liga 1,2026-10-25,18:00,Deportivo Garcilaso,Los Chankas,Estadio Inca Garcilaso de la Vega,,,codigo_espn=401886156; status=Scheduled,2026-10-09T21:00:56,Peru,Cusco
0c8c35bc2c977e73,ESPN,Colombia - Liga BetPlay,2026-10-25,18:10,Atlético Nacional,Independiente Medellín,Atanasio Girardot,,,codigo_espn=401878052; status=Scheduled,2026-10-09T19:09:49,Colombia,Medellin
2ccbe1c515748da1,AFA,Argentina - Torneo Clausura,2026-10-25,19:15,River,Racing,,Zona B,https://www.afa.com.ar/Sitio/posts/la-agenda-de-la-afa,,2026-10-09T18:15:50,Argentina,
32c3b1cf605007ed,campeonatochileno.cl,Liga de Primera Mercado Libre,2026-10-25,20:00,Universidad de Concepción,Deportes Limache,Ester Roa Rebolledo,Fecha 25,https://www.campeonatochileno.cl/ligas/liga-de-primera-mercado-libre/,,2026-10-09T18:12:25,,
fe842d9bdc602751,ESPN,Colombia - Liga BetPlay,2026-10-25,20:15,Deportes Tolima,Deportivo Pasto,Estadio Manuel Murillo Toro,,,codigo_espn=401877918; status=Scheduled,2026-10-09T19:09:49,Colombia,Ibague
5b3dff787cc2f056,AFA,Argentina - Torneo Clausura,2026-10-25,21:30,Barracas Central,Estudiantes (Río Cuarto),,Zona B,https://www.afa.com.ar/Sitio/posts/la-agenda-de-la-afa,,2026-10-09T18:15:50,Argentina,
54fd929fe5917795,AFA,Argentina - Torneo Clausura,2026-10-25,21:30,Central Córdoba,Vélez,,Zona A,https://www.afa.com.ar/Sitio/posts/la-agenda-de-la-afa,,2026-10-09T18:15:50,Argentina,
876e64cd7ba17d0c,campeonatochileno.cl,Campeonato Nacional Juvenil Femenino Clausura,2026-10-25,3:00,Palestino Juvenil Fem,Curicó Unido Juvenil Fem,Estadio Municipal de La Cisterna – Cancha 2,Fecha 13,https://www.campeonatochileno.cl/ligas/campeonato-nacional-juvenil-femenino-clausura/,,2026-07-14T13:55:28,,
4fd271476bf7a889,campeonatochileno.cl,Campeonato Nacional Juvenil Femenino Clausura,2026-10-25,5:15,Deportes Melipilla Juvenil Fem,Unión San Felipe Juvenil Fem,Estadio Soinca – Cancha 2,Fecha 13,https://www.campeonatochileno.cl/ligas/campeonato-nacional-juvenil-femenino-clausura/,,2026-07-14T13:55:28,,
6a081e4846015410,campeonatochileno.cl,Campeonato Nacional Juvenil Femenino Clausura,2026-10-25,9:00,Deportes Copiapo Juvenil Fem,San Marcos de Arica Juvenil Fem,,Fecha 13,https://www.campeonatochileno.cl/ligas/campeonato-nacional-juvenil-femenino-clausura/,,2026-07-14T13:55:28,,
b3bdf01abf1370a3,campeonatochileno.cl,Campeonato Nacional Juvenil Femenino Clausura,2026-10-25,9:30,Deportes Temuco Juvenil Fem,Unión Araucanía Juvenil Fem,,Fecha 13,https://www.campeonatochileno.cl/ligas/campeonato-nacional-juvenil-femenino-clausura/,,2026-07-14T13:55:28,,
b064d000a462bb51,campeonatochileno.cl,Campeonato Nacional Juvenil Femenino Clausura,2026-10-26,09:30,Deportes Antofagasta Juvenil Fem,Deportes Iquique Juvenil Fem,,Fecha 13,https://www.campeonatochileno.cl/ligas/campeonato-nacional-juvenil-femenino-clausura/,,2026-07-13T14:46:09,,
99dfda6571b68f4f,FMF,Brasil - FMF - FEMININO SUB-20 - 2026,2026-10-26,10:00,SERRANENSE,VENDA NOVA,Estádio Alexandre Floreal Rocha Tolentino - Bela Vista,RODADA 3,https://www.fmf.com.br/Competicoes/ProxJogos.aspx?d=32,pais=Brasil; estado=Minas Gerais; codigo_fmf=32; placar_original=X; jogo_numero=7; cidade=Claudio,2026-09-28T20:17:21,Brasil,Claudio
516e7c83b4dd0d26,campeonatochileno.cl,Campeonato Nacional Juvenil Femenino Clausura,2026-10-26,10:00,Colo Colo Juvenil Fem,Unión Española Juvenil Fem,Estadio Monumental – Cancha 5,Fecha 13,https://www.campeonatochileno.cl/ligas/campeonato-nacional-juvenil-femenino-clausura/,,2026-07-14T13:55:28,,
ea9f0903aef48108,campeonatochileno.cl,Campeonato Nacional Juvenil Femenino Clausura,2026-10-26,10:15,Cobresal Juvenil Fem,Santiago Morning Juvenil Fem,,Fecha 13,https://www.campeonatochileno.cl/ligas/campeonato-nacional-juvenil-femenino-clausura/,,2026-07-14T13:55:28,,
d98e47ad3def1d7f,campeonatochileno.cl,Campeonato Nacional Juvenil Femenino Clausura,2026-10-26,11:00,Deportes Recoleta Juvenil Fem,O'Higgins Juvenil Fem,,Fecha 13,https://www.campeonatochileno.cl/ligas/campeonato-nacional-juvenil-femenino-clausura/,,2026-07-14T13:55:28,,
c0631838736fea7e,campeonatochileno.cl,Campeonato Nacional Juvenil Femenino Clausura,2026-10-26,12:00,Rangers Juvenil Fem,Huachipato Juvenil Fem,,Fecha 13,https://www.campeonatochileno.cl/ligas/campeonato-nacional-juvenil-femenino-clausura/,,2026-07-14T13:55:28,,
e3e772a9367186c6,FMF,Brasil - FMF - FEMININO SUB-20 - 2026,2026-10-26,15:00,ATLÉTICO SAF,AMÉRICA TO,Arena Gregorão,RODADA 3,https://www.fmf.com.br/Competicoes/ProxJogos.aspx?d=32,pais=Brasil; estado=Minas Gerais; codigo_fmf=32; placar_original=X; jogo_numero=9; cidade=Contagem,2026-09-28T20:17:21,Brasil,Contagem
291bfbef350070d5,FMF,Brasil - FMF - FEMININO SUB-20 - 2026,2026-10-26,15:00,CRUZEIRO - SAF,ARAGUARI,Toca da Raposa I,RODADA 3,https://www.fmf.com.br/Competicoes/ProxJogos.aspx?d=32,pais=Brasil; estado=Minas Gerais; codigo_fmf=32; placar_original=X; jogo_numero=8; cidade=Belo Horizonte,2026-09-28T20:17:21,Brasil,Belo Horizonte
80fc2a340cfab236,campeonatochileno.cl,Campeonato Nacional Juvenil Femenino Clausura,2026-10-26,15:00,Audax Italiano Juvenil Fem,Universidad de Chile Juvenil Fem,,Fecha 13,https://www.campeonatochileno.cl/ligas/campeonato-nacional-juvenil-femenino-clausura/,,2026-07-13T14:46:09,,
d5c571bed81ab8e1,ESPN,Colombia - Liga BetPlay,2026-10-26,18:00,Jaguares de Córdoba,Llaneros FC,Estadio Jaraguay (Municipal de Montería),,,codigo_espn=401878065; status=Scheduled,2026-10-09T19:09:49,Colombia,Montería
cb8e78702bcbec4b,AFA,Argentina - Torneo Clausura,2026-10-26,19:00,Unión,Estudiantes,,Zona A,https://www.afa.com.ar/Sitio/posts/la-agenda-de-la-afa,,2026-10-09T18:15:50,Argentina,
d45fd9c888127b9e,CBF,Brasil - Série A,2026-10-26,19:30,Coritiba (PR),Grêmio (RS),Couto Pereira,Rodada 32,https://stcbfsiteprdimgbrs.blob.core.windows.net/img-site/cdn/Tabela_Detalhada_BSA_2026_09_10_e4440cfd8e.pdf,pais=Brasil; cidade=Curitiba,2026-10-10T09:45:06,,Curitiba
d1993f807869e4ab,CBF,Brasil - Série B,2026-10-26,19:30,América (MG),Cuiabá (MT),Arena da Independência,Rodada 35,https://stcbfsiteprdimgbrs.blob.core.windows.net/img-site/cdn/Tabela_Detalhada_Brasileiro_Serie_B_2026_09_10_25ec926739.pdf,pais=Brasil; cidade=Belo Horizonte,2026-10-10T09:45:06,,Belo Horizonte
04f3b4d0e5a6b5c9,CBF,Brasil - Série A,2026-10-26,20:00,Flamengo (RJ),Atlético (MG),Maracanã,Rodada 32,https://stcbfsiteprdimgbrs.blob.core.windows.net/img-site/cdn/Tabela_Detalhada_BSA_2026_09_10_e4440cfd8e.pdf,pais=Brasil; cidade=Rio de Janeiro,2026-10-10T09:45:06,,Rio de Janeiro
e5e636225c888b6f,campeonatochileno.cl,Liga de Primera Mercado Libre,2026-10-26,20:00,Universidad de Chile,Everton,Estadio Nacional Julio Martínez Prádanos,Fecha 25,https://www.campeonatochileno.cl/ligas/liga-de-primera-mercado-libre/,,2026-10-09T18:12:25,,
43b284c1600da563,ESPN,Colombia - Liga BetPlay,2026-10-26,20:05,Independiente Santa Fe,Atlético Bucaramanga,Estadio Nemesio Camacho El Campín,,,codigo_espn=401877841; status=Scheduled,2026-10-09T19:09:49,Colombia,Bogota
2fee813d579e4d15,CBF,Brasil - Série B,2026-10-26,20:30,Juventude (RS),Náutico (PE),Alfredo Jaconi,Rodada 35,https://stcbfsiteprdimgbrs.blob.core.windows.net/img-site/cdn/Tabela_Detalhada_Brasileiro_Serie_B_2026_09_10_25ec926739.pdf,pais=Brasil; cidade=Caxias do Sul,2026-10-10T09:45:06,,Caxias do Sul
d6e6f983e7e59135,AFA,Argentina - Torneo Clausura,2026-10-26,21:15,Instituto,Deportivo Riestra,,Zona A,https://www.afa.com.ar/Sitio/posts/la-agenda-de-la-afa,,2026-10-09T18:15:50,Argentina,
9df312b88d8b1828,campeonatochileno.cl,Campeonato Nacional Juvenil Femenino Clausura,2026-10-26,3:00,Audax Italiano Juvenil Fem,Universidad de Chile Juvenil Fem,,Fecha 13,https://www.campeonatochileno.cl/ligas/campeonato-nacional-juvenil-femenino-clausura/,,2026-07-14T13:55:28,,
15c55368d859129b,campeonatochileno.cl,Campeonato Nacional Juvenil Femenino Clausura,2026-10-26,9:30,Deportes Antofagasta Juvenil Fem,Deportes Iquique Juvenil Fem,,Fecha 13,https://www.campeonatochileno.cl/ligas/campeonato-nacional-juvenil-femenino-clausura/,,2026-07-14T13:55:28,,
3bb1a9cf2ec24e3a,AFA,Argentina - Torneo Clausura,2026-10-27,15:00,Atlético de Rafaela,Newell’s (Zona B),Predio,,https://www.afa.com.ar/Sitio/posts/la-agenda-de-la-afa,,2026-10-09T18:15:50,Argentina,
1ca92499d609f956,AFA,Argentina - Torneo Clausura,2026-10-27,15:00,Banfield,Argentinos (Zona A),Predio,,https://www.afa.com.ar/Sitio/posts/la-agenda-de-la-afa,,2026-10-09T18:15:50,Argentina,
82787d60f882e123,AFA,Argentina - Torneo Clausura,2026-10-27,15:00,Independiente,Defensa y Justicia (Zona B),Villa Domínico,,https://www.afa.com.ar/Sitio/posts/la-agenda-de-la-afa,,2026-10-09T18:15:50,Argentina,
ddcb4a8970e81adb,AFA,Argentina - Torneo Clausura,2026-10-27,15:00,Platense,Lanús (Zona B),Predio,,https://www.afa.com.ar/Sitio/posts/la-agenda-de-la-afa,,2026-10-09T18:15:50,Argentina,
8b69ba572cf5deb4,AFA,Argentina - Torneo Clausura,2026-10-27,15:00,Rosario Central,Sarmiento (Zona A),Arroyo Seco,,https://www.afa.com.ar/Sitio/posts/la-agenda-de-la-afa,,2026-10-09T18:15:50,Argentina,
76afbd63fb5a4735,ESPN,Peru - Liga 1,2026-10-27,15:00,Juan Pablo II,Sport Huancayo,Complejo Deportivo Juan Pablo II,,,codigo_espn=401886153; status=Scheduled,2026-10-09T21:00:56,Peru,Chongoyape
0a53b2c1e7f6207e,AFA,Argentina - Torneo Clausura,2026-10-27,17:00,Talleres,Aldosivi (Zona A),La Boutique,,https://www.afa.com.ar/Sitio/posts/la-agenda-de-la-afa,,2026-10-09T18:15:50,Argentina,
cb6a14e9c9362631,ESPN,Colombia - Liga BetPlay,2026-10-27,18:00,Cúcuta Deportivo,Águilas Doradas,General Santander,,,codigo_espn=401877953; status=Scheduled,2026-10-09T19:09:49,Colombia,Cúcuta
db34987c96fd57ae,AFA,Argentina - Torneo Clausura,2026-10-27,19:00,Argentinos,Ind. Rivadavia Mza.,,Zona B,https://www.afa.com.ar/Sitio/posts/la-agenda-de-la-afa,,2026-10-09T18:15:50,Argentina,
ae8a28e13250b04d,CBF,Brasil - Série B,2026-10-27,20:00,Ceará (CE),Goiás (GO),Arena Castelão,Rodada 35,https://stcbfsiteprdimgbrs.blob.core.windows.net/img-site/cdn/Tabela_Detalhada_Brasileiro_Serie_B_2026_09_10_25ec926739.pdf,pais=Brasil; cidade=Fortaleza,2026-10-10T09:45:06,,Fortaleza
996935122db937b8,ESPN,Colombia - Liga BetPlay,2026-10-27,20:05,Boyacá Chicó FC,Atlético Junior,La Independencia,,,codigo_espn=401877861; status=Scheduled,2026-10-09T19:09:49,Colombia,Tunja
8f27cdd310c18bdc,FFERJ,Brasil - FFERJ - Competição não identificada,2026-10-28,09:00,America F.C (RJ),Nova Iguaçu S.A.F,ESTÁDIO ESTADIO GIULITTE COUTINHO,,https://www.fferj.com.br/partidas/6086,codigo_fferj=6086; fonte_tag=FERJ,2026-10-05T21:16:30,Brasil,Rio de Janeiro
29a9550982e78927,FFERJ,Brasil - FFERJ - Competição não identificada,2026-10-28,09:00,S.A.F Botafogo,Madureira E.C,ESTÁDIO ESTÁDIO OLÍMPICO NILTON SANTOS ANEXO,,https://www.fferj.com.br/partidas/6082,codigo_fferj=6082; fonte_tag=FERJ,2026-10-05T21:16:30,Brasil,Rio de Janeiro
0b12642f41011f3a,campeonatochileno.cl,Campeonato Juvenil Femenino,2026-10-28,09:00,Deportes Copiapo Juvenil Fem,Deportes Iquique Juvenil Fem,Estadio Eladio Rojas,Fecha 1,https://www.campeonatochileno.cl/ligas/campeonato-juvenil-femenino/,,2026-10-09T18:12:25,,
b356755639a1d265,FFERJ,Brasil - FFERJ - Competição não identificada,2026-10-28,11:00,America F.C (RJ),Nova Iguaçu S.A.F,ESTÁDIO ESTADIO GIULITTE COUTINHO,,https://www.fferj.com.br/partidas/6177,codigo_fferj=6177; fonte_tag=FERJ,2026-10-05T21:16:30,Brasil,Rio de Janeiro
0c6e3fd0d80b154f,FFERJ,Brasil - FFERJ - Competição não identificada,2026-10-28,11:00,S.A.F Botafogo,Madureira E.C,ESTÁDIO ESTÁDIO OLÍMPICO NILTON SANTOS ANEXO,,https://www.fferj.com.br/partidas/6173,codigo_fferj=6173; fonte_tag=FERJ,2026-10-05T21:16:30,Brasil,Rio de Janeiro
3f63704739f4b15e,ESPN,Peru - Liga 1,2026-10-28,11:00,ADT,Deportivo Moquegua,Estadio Unión Tarma,,,codigo_espn=401886129; status=Scheduled,2026-10-09T21:00:56,Peru,Tarma
609fe77298b078d0,FFERJ,Brasil - FFERJ - Competição não identificada,2026-10-28,13:00,Bangu A.C,PETRÓPOLIS GONÇALENSE FC,ESTÁDIO PROLETARIO GUILHERME DA SILVEIRA FILHO,,https://www.fferj.com.br/partidas/6176,codigo_fferj=6176; fonte_tag=FERJ,2026-10-05T21:16:30,Brasil,Rio de Janeiro
3087e6f3113d6e2a,FFERJ,Brasil - FFERJ - Competição não identificada,2026-10-28,13:00,C.R Flamengo,Sampaio Corrêa F.E Ltda,ESTÁDIO JOSÉ BASTOS PADILHA,,https://www.fferj.com.br/partidas/6174,codigo_fferj=6174; fonte_tag=FERJ,2026-10-05T21:16:30,Brasil,Rio de Janeiro
58c08d8e8e361932,ESPN,Peru - Liga 1,2026-10-28,13:15,FC Cajamarca,UTC,Estadio Héroes de San Ramón,,,codigo_espn=401886154; status=Scheduled,2026-10-09T21:00:56,Peru,Cajamarca
b1bd31b91069d2b2,FMF,Brasil - FMF - FEMININO SUB-20 - 2026,2026-10-28,14:00,AMÉRICA TO,VENDA NOVA,CAMPO DO DURVAL DE BARROS,RODADA 4,https://www.fmf.com.br/Competicoes/ProxJogos.aspx?d=32,pais=Brasil; estado=Minas Gerais; codigo_fmf=32; placar_original=X; jogo_numero=10; cidade=Ibirite,2026-09-28T20:17:21,Brasil,Ibirite
4c8fd164a48ee6b1,AFA,Argentina - Torneo Clausura,2026-10-28,15:00,Colón,San Martín (SJ) (Zona B),Predio,,https://www.afa.com.ar/Sitio/posts/la-agenda-de-la-afa,,2026-10-09T18:15:50,Argentina,
8fa4f576d8730bf0,AFA,Argentina - Torneo Clausura,2026-10-28,15:00,Estudiantes,Deportivo Riestra (Zona B),City Bell,,https://www.afa.com.ar/Sitio/posts/la-agenda-de-la-afa,,2026-10-09T18:15:50,Argentina,
57b9c870a63ec181,AFA,Argentina - Torneo Clausura,2026-10-28,15:00,Gimnasia (Mza),Unión (Zona A),Víctor Legrotaglie,,https://www.afa.com.ar/Sitio/posts/la-agenda-de-la-afa,,2026-10-09T18:15:50,Argentina,
6e3dad0622fe324e,AFA,Argentina - Torneo Clausura,2026-10-28,15:00,San Lorenzo,River (Zona A),Auxiliar,,https://www.afa.com.ar/Sitio/posts/la-agenda-de-la-afa,,2026-10-09T18:15:50,Argentina,
e0ca6367b8643640,AFA,Argentina - Torneo Clausura,2026-10-28,15:00,Tigre,Racing (Zona A),Predio,,https://www.afa.com.ar/Sitio/posts/la-agenda-de-la-afa,,2026-10-09T18:15:50,Argentina,
28d4581afdcbf49f,FFERJ,Brasil - FFERJ - Competição não identificada,2026-10-28,15:00,A.D Cabofriense,Americano F.C,ESTÁDIO ALAIR CORREA,,https://www.fferj.com.br/partidas/5737,codigo_fferj=5737; fonte_tag=FERJ,2026-10-05T21:16:30,Brasil,Rio de Janeiro
7da1aa6ea0259f27,FFERJ,Brasil - FFERJ - Competição não identificada,2026-10-28,15:00,Bangu A.C,PETRÓPOLIS GONÇALENSE FC,ESTÁDIO PROLETARIO GUILHERME DA SILVEIRA FILHO,,https://www.fferj.com.br/partidas/6085,codigo_fferj=6085; fonte_tag=FERJ,2026-10-05T21:16:30,Brasil,Rio de Janeiro
6803fea9f131bda0,FFERJ,Brasil - FFERJ - Competição não identificada,2026-10-28,15:00,Bonsucesso F.C,America F.C (RJ),ESTÁDIO LEONIDAS DA SILVA,,https://www.fferj.com.br/partidas/5736,codigo_fferj=5736; fonte_tag=FERJ,2026-10-05T21:16:30,Brasil,Rio de Janeiro
b2ae98c9acec0dc5,FFERJ,Brasil - FFERJ - Competição não identificada,2026-10-28,15:00,Pérolas Negras,Resende F. C.,ESTÁDIO CT A11 SPORTS,,https://www.fferj.com.br/partidas/5738,codigo_fferj=5738; fonte_tag=FERJ,2026-10-05T21:16:30,Brasil,Rio de Janeiro
f101146f0f8339f9,FFERJ,Brasil - FFERJ - Competição não identificada,2026-10-28,15:00,São Gonçalo E.C,AE Araruama,,,https://www.fferj.com.br/partidas/5739,codigo_fferj=5739; fonte_tag=FERJ,2026-10-05T21:16:30,Brasil,Rio de Janeiro
624763c39b357aeb,FMF,Brasil - FMF - FEMININO SUB-20 - 2026,2026-10-28,15:00,ARAGUARI,SERRANENSE,Victor Andrade de Brito - Frimisa,RODADA 4,https://www.fmf.com.br/Competicoes/ProxJogos.aspx?d=32,pais=Brasil; estado=Minas Gerais; codigo_fmf=32; placar_original=X; jogo_numero=12; cidade=Santa Luzia,2026-09-28T20:17:21,Brasil,Santa Luzia
89b8031892c65654,FMF,Brasil - FMF - FEMININO SUB-20 - 2026,2026-10-28,15:00,CRUZEIRO - SAF,ATLÉTICO SAF,Toca da Raposa I,RODADA 4,https://www.fmf.com.br/Competicoes/ProxJogos.aspx?d=32,pais=Brasil; estado=Minas Gerais; codigo_fmf=32; placar_original=X; jogo_numero=11; cidade=Belo Horizonte,2026-09-28T20:17:21,Brasil,Belo Horizonte
3b06e255340d9280,ESPN,Peru - Liga 1,2026-10-28,15:30,Alianza Atlético,Deportivo Garcilaso,Estadio Campeones del '36,,,codigo_espn=401886130; status=Scheduled,2026-10-09T21:00:56,Peru,Sullana
8ec4ec5e78372d15,ESPN,Colombia - Liga BetPlay,2026-10-28,18:00,Once Caldas,Alianza FC,Palogrande,,,codigo_espn=401877998; status=Scheduled,2026-10-09T19:09:49,Colombia,Manizales
772636364d9a2f50,AFA,Argentina - Torneo Clausura,2026-10-28,19:00,Central Córdoba,Ind. Rivadavia Mza. (Zona B),Alfredo Terrera,,https://www.afa.com.ar/Sitio/posts/la-agenda-de-la-afa,,2026-10-09T18:15:50,Argentina,
1a04d418bf1cd6c7,ESPN,Peru - Liga 1,2026-10-28,19:00,Cienciano del Cusco,Atlético Grau,Estadio Inca Garcilaso de la Vega,,,codigo_espn=401886152; status=Scheduled,2026-10-09T21:00:56,Peru,Cusco
252564a7d2ef09a5,CBF,Brasil - Série A,2026-10-28,19:30,Fluminense (RJ),Internacional (RS),Maracanã,Rodada 33,https://stcbfsiteprdimgbrs.blob.core.windows.net/img-site/cdn/Tabela_Detalhada_BSA_2026_09_10_e4440cfd8e.pdf,pais=Brasil; cidade=Rio de Janeiro,2026-10-10T09:45:06,,Rio de Janeiro
6cb481fcd4cb1cb2,CBF,Brasil - Série A,2026-10-28,19:30,Red Bull Bragantino (SP),Chapecoense (SC),Cícero S. Marques,Rodada 33,https://stcbfsiteprdimgbrs.blob.core.windows.net/img-site/cdn/Tabela_Detalhada_BSA_2026_09_10_e4440cfd8e.pdf,pais=Brasil; cidade=Bragança Paulista,2026-10-10T09:45:06,,Bragança Paulista
0ef6c63fda3971a3,CBF,Brasil - Série A,2026-10-28,19:30,Santos (SP),Palmeiras (SP),Vila Belmiro,Rodada 33,https://stcbfsiteprdimgbrs.blob.core.windows.net/img-site/cdn/Tabela_Detalhada_BSA_2026_09_10_e4440cfd8e.pdf,pais=Brasil; cidade=Santos,2026-10-10T09:45:06,,Santos
92a3e356e4f57668,ESPN,Colombia - Liga BetPlay,2026-10-28,20:05,Internacional de Bogotá,Independiente Medellín,Metropolitano de Techo,,,codigo_espn=401877878; status=Scheduled,2026-10-09T19:09:49,Colombia,Bogota
fb6d4c48f3689032,CBF,Brasil - Série A,2026-10-28,21:30,Bahia (BA),São Paulo (SP),Arena Fonte Nova,Rodada 33,https://stcbfsiteprdimgbrs.blob.core.windows.net/img-site/cdn/Tabela_Detalhada_BSA_2026_09_10_e4440cfd8e.pdf,pais=Brasil; cidade=Salvador,2026-10-10T09:45:06,,Salvador
61817dceff285013,CBF,Brasil - Série A,2026-10-28,21:30,Remo (PA),Botafogo (RJ),Mangueirão,Rodada 34,https://stcbfsiteprdimgbrs.blob.core.windows.net/img-site/cdn/Tabela_Detalhada_BSA_2026_09_10_e4440cfd8e.pdf,pais=Brasil; cidade=Belém,2026-10-10T09:45:06,,Belém
6b7c48868ad56fd4,ESPN,Peru - Liga 1,2026-10-29,13:00,Los Chankas,Cusco FC,Estadio Los Chankas,,,codigo_espn=401886155; status=Scheduled,2026-10-09T21:00:56,Peru,Apurímac
31e4ff05abf084c6,AFA,Argentina - Torneo Clausura,2026-10-29,15:00,Barracas Central,Gimnasia (Zona A),AEFIP,,https://www.afa.com.ar/Sitio/posts/la-agenda-de-la-afa,,2026-10-09T18:15:50,Argentina,
c774b5aabedddbdf,AFA,Argentina - Torneo Clausura,2026-10-29,15:00,Ferro,Huracán (Zona B),Pontevedra,,https://www.afa.com.ar/Sitio/posts/la-agenda-de-la-afa,,2026-10-09T18:15:50,Argentina,
5a87335934811d57,AFA,Argentina - Torneo Clausura,2026-10-29,15:00,Godoy Cruz,Atlético Tucumán (Zona A),Coquimbito,,https://www.afa.com.ar/Sitio/posts/la-agenda-de-la-afa,,2026-10-09T18:15:50,Argentina,
cd030544ed82f8a5,AFA,Argentina - Torneo Clausura,2026-10-29,15:00,Instituto,Vélez (Zona A),La Agustina,,https://www.afa.com.ar/Sitio/posts/la-agenda-de-la-afa,,2026-10-09T18:15:50,Argentina,
1e97298c9552fd2e,AFA,Argentina - Torneo Clausura,2026-10-29,15:00,Quilmes,Belgrano (Zona B),Predio,,https://www.afa.com.ar/Sitio/posts/la-agenda-de-la-afa,,2026-10-09T18:15:50,Argentina,
54e3637479be89fa,ESPN,Peru - Liga 1,2026-10-29,15:30,Sporting Cristal,Alianza Lima,Estadio Alberto Gallardo,,,codigo_espn=401886131; status=Scheduled,2026-10-09T21:00:56,Peru,San Martin de Porres
c60a4236e4aa2325,ESPN,Colombia - Liga BetPlay,2026-10-29,18:15,América de Cali,Fortaleza CEIF,Pascual Guerrero,,,codigo_espn=401878035; status=Scheduled,2026-10-09T19:09:49,Colombia,Cali
36797d764ff6e56d,AFA,Argentina - Torneo Clausura,2026-10-29,19:00,Boca,Estudiantes (Río Cuarto) (Zona B),Boca Predio,,https://www.afa.com.ar/Sitio/posts/la-agenda-de-la-afa,,2026-10-09T18:15:50,Argentina,
72e40fb5c841d122,CBF,Brasil - Série A,2026-10-29,19:30,Atlético (MG),Cruzeiro (MG),Arena MRV,Rodada 33,https://stcbfsiteprdimgbrs.blob.core.windows.net/img-site/cdn/Tabela_Detalhada_BSA_2026_09_10_e4440cfd8e.pdf,pais=Brasil; cidade=Belo Horizonte,2026-10-10T09:45:06,,Belo Horizonte
61246ed42269aeb2,CBF,Brasil - Série A,2026-10-29,19:30,Coritiba (PR),Vitória (BA),Couto Pereira,Rodada 33,https://stcbfsiteprdimgbrs.blob.core.windows.net/img-site/cdn/Tabela_Detalhada_BSA_2026_09_10_e4440cfd8e.pdf,pais=Brasil; cidade=Curitiba,2026-10-10T09:45:06,,Curitiba
7a62b822c1a9161c,ESPN,Peru - Liga 1,2026-10-29,19:30,Melgar,Comerciantes Unidos,Estadio Monumental de la UNSA,,,codigo_espn=401886150; status=Scheduled,2026-10-09T21:00:56,Peru,Arequipa
4caf386f0353b2b4,CBF,Brasil - Série A,2026-10-29,20:00,Vasco da Gama (RJ),Flamengo (RJ),A definir,Rodada 33,https://stcbfsiteprdimgbrs.blob.core.windows.net/img-site/cdn/Tabela_Detalhada_BSA_2026_09_10_e4440cfd8e.pdf,pais=Brasil,2026-10-10T09:45:06,,
e170c135a0faad7b,ESPN,Colombia - Liga BetPlay,2026-10-29,20:30,Atlético Nacional,Independiente Santa Fe,Atanasio Girardot,,,codigo_espn=401877845; status=Scheduled,2026-10-09T19:09:49,Colombia,Medellin
b152823c529d1dda,CBF,Brasil - Série A,2026-10-29,21:30,Grêmio (RS),Athletico (PR),Arena do Grêmio,Rodada 33,https://stcbfsiteprdimgbrs.blob.core.windows.net/img-site/cdn/Tabela_Detalhada_BSA_2026_09_10_e4440cfd8e.pdf,pais=Brasil; cidade=Porto Alegre,2026-10-10T09:45:06,,Porto Alegre
0054abc168c73745,FMF,Brasil - FMF - FEMININO SUB-20 - 2026,2026-10-30,10:00,SERRANENSE,AMÉRICA TO,Estádio Alexandre Floreal Rocha Tolentino - Bela Vista,RODADA 5,https://www.fmf.com.br/Competicoes/ProxJogos.aspx?d=32,pais=Brasil; estado=Minas Gerais; codigo_fmf=32; placar_original=X; jogo_numero=13; cidade=Claudio,2026-09-28T20:17:21,Brasil,Claudio
1da7f275c09b43ed,FMF,Brasil - FMF - FEMININO SUB-20 - 2026,2026-10-30,15:00,ATLÉTICO SAF,ARAGUARI,Arena Gregorão,RODADA 5,https://www.fmf.com.br/Competicoes/ProxJogos.aspx?d=32,pais=Brasil; estado=Minas Gerais; codigo_fmf=32; placar_original=X; jogo_numero=14; cidade=Contagem,2026-09-28T20:17:21,Brasil,Contagem
cf690dc8b0132f9d,FMF,Brasil - FMF - FEMININO SUB-20 - 2026,2026-10-30,15:00,VENDA NOVA,CRUZEIRO - SAF,Estádio Ilvo Marani,RODADA 5,https://www.fmf.com.br/Competicoes/ProxJogos.aspx?d=32,pais=Brasil; estado=Minas Gerais; codigo_fmf=32; placar_original=X; jogo_numero=15; cidade=Vespasiano,2026-09-28T20:17:21,Brasil,Vespasiano
31df33a2b31c1ab9,ESPN,Colombia - Liga BetPlay,2026-10-30,18:00,Deportivo Pereira,Jaguares de Córdoba,,,,codigo_espn=401877995; status=Scheduled,2026-10-09T19:09:49,Colombia,
160f34f1c027eba2,AFA,Argentina - Torneo Clausura,2026-10-30,19:00,Estudiantes (Río Cuarto),Gimnasia,,Zona B,https://www.afa.com.ar/Sitio/posts/la-agenda-de-la-afa,,2026-10-09T18:15:50,Argentina,
ef5cce5831daff22,AFA,Argentina - Torneo Clausura,2026-10-30,19:00,Huracán,Tigre,,Zona B,https://www.afa.com.ar/Sitio/posts/la-agenda-de-la-afa,,2026-10-09T18:15:50,Argentina,
3d9744821951e973,CBF,Brasil - Série B,2026-10-30,19:30,Criciúma (SC),Ponte Preta (SP),Heriberto Hulse,Rodada 36,https://stcbfsiteprdimgbrs.blob.core.windows.net/img-site/cdn/Tabela_Detalhada_Brasileiro_Serie_B_2026_09_10_25ec926739.pdf,pais=Brasil; cidade=Criciúma,2026-10-10T09:45:06,,Criciúma
5cbe192351966d66,CBF,Brasil - Série A,2026-10-30,20:00,Corinthians (SP),Mirassol (SP),Neo Química Arena,Rodada 33,https://stcbfsiteprdimgbrs.blob.core.windows.net/img-site/cdn/Tabela_Detalhada_BSA_2026_09_10_e4440cfd8e.pdf,pais=Brasil; cidade=São Paulo,2026-10-10T09:45:06,,São Paulo
8edd458c10720fed,ESPN,Colombia - Liga BetPlay,2026-10-30,20:05,Atlético Bucaramanga,Deportivo Pasto,Estadio Alfonso López,,,codigo_espn=401878044; status=Scheduled,2026-10-09T19:09:49,Colombia,Bucaramanga
ef74a9daf2ad96b7,AFA,Argentina - Torneo Clausura,2026-10-30,21:15,Racing,Aldosivi,,Zona B,https://www.afa.com.ar/Sitio/posts/la-agenda-de-la-afa,,2026-10-09T18:15:50,Argentina,
c8fe99f1fd8f233f,AFA,Argentina - Torneo Clausura,2026-10-30,21:15,Sarmiento,Rosario Central,,Zona B,https://www.afa.com.ar/Sitio/posts/la-agenda-de-la-afa,,2026-10-09T18:15:50,Argentina,
0664f3eef100afd7,FMF,Brasil - FMF - 2ª Divisão - 2026,2026-10-31,08:00,UBERLANDIA S.A.F,INTER SAO GOTARDO,CT ninho do Periquito,RODADA 5,https://www.fmf.com.br/Competicoes/ProxJogos.aspx?d=12,pais=Brasil; estado=Minas Gerais; codigo_fmf=12; placar_original=X; jogo_numero=117; cidade=Uberlandia,2026-09-21T18:48:11,Brasil,Uberlandia
46d82f09bd274481,FFERJ,Brasil - FFERJ - Competição não identificada,2026-10-31,09:00,Madureira E.C,Bangu A.C,ESTÁDIO ESTADIO ANICETO MOSCOSO,,https://www.fferj.com.br/partidas/6208,codigo_fferj=6208; fonte_tag=FERJ,2026-10-05T21:16:30,Brasil,Rio de Janeiro
72300103d41a1266,FFERJ,Brasil - FFERJ - Competição não identificada,2026-10-31,09:00,Vasco da Gama S.A.F,E.C Nova Cidade,ESTÁDIO NIVALDO PEREIRA,,https://www.fferj.com.br/partidas/6206,codigo_fferj=6206; fonte_tag=FERJ,2026-10-05T21:16:30,Brasil,Rio de Janeiro
633ffacbc8ec087e,FMF,Brasil - FMF - 2ª Divisão - 2026,2026-10-31,09:00,SC AYMORES,SERRANENSE,Estádio Paulo Paschoalino,RODADA 4,https://www.fmf.com.br/Competicoes/ProxJogos.aspx?d=41,pais=Brasil; estado=Minas Gerais; codigo_fmf=41; placar_original=X; jogo_numero=48; cidade=Uba,2026-09-28T20:17:21,Brasil,Uba
7864827fb6b33a60,FMF,Brasil - FMF - 2ª Divisão - 2026,2026-10-31,09:00,UBERLANDIA S.A.F,VILLA NOVA,CT ninho do Periquito,RODADA 4,https://www.fmf.com.br/Competicoes/ProxJogos.aspx?d=41,pais=Brasil; estado=Minas Gerais; codigo_fmf=41; placar_original=X; jogo_numero=47; cidade=Uberlandia,2026-09-28T20:17:21,Brasil,Uberlandia
a076e85dc828241d,FMF,Brasil - FMF - 2ª Divisão - 2026,2026-10-31,09:00,VILLA NOVA,GUARANI,"Castor Cifuentes ""Alçapão do Bonfim""",RODADA 5,https://www.fmf.com.br/Competicoes/ProxJogos.aspx?d=12,pais=Brasil; estado=Minas Gerais; codigo_fmf=12; placar_original=X; jogo_numero=118; cidade=Nova Lima,2026-09-21T18:48:11,Brasil,Nova Lima
8c0a682070c1bd2a,campeonatochileno.cl,Campeonato Nacional Juvenil Femenino Clausura,2026-10-31,09:00,Unión Araucanía Juvenil Fem,Rangers Juvenil Fem,Estadio Turingia,Fecha 14,https://www.campeonatochileno.cl/ligas/campeonato-nacional-juvenil-femenino-clausura/,,2026-07-13T14:46:09,,
0bd69e7f8b535ab4,campeonatochileno.cl,Campeonato Nacional Juvenil Femenino Clausura,2026-10-31,09:30,Unión Española Juvenil Fem,Magallanes Juvenil Fem,Estadio Santa Laura – Cancha 2,Fecha 14,https://www.campeonatochileno.cl/ligas/campeonato-nacional-juvenil-femenino-clausura/,,2026-07-13T14:46:09,,
5d7b485265aabfe9,FMF,Brasil - FMF - SUB 15 - 2ª Divisão - 2026,2026-10-31,10:00,UBERLANDIA S.A.F,INTER SAO GOTARDO,CT ninho do Periquito,RODADA 5,https://www.fmf.com.br/Competicoes/ProxJogos.aspx?d=13,pais=Brasil; estado=Minas Gerais; codigo_fmf=13; placar_original=X; jogo_numero=117; cidade=Uberlandia,2026-09-28T20:17:21,Brasil,Uberlandia
c81b3c41fafc92ef,FMF,Brasil - FMF - 2ª Divisão - 2026,2026-10-31,10:30,SC AYMORES,SERRANENSE,Estádio Paulo Paschoalino,RODADA 4,https://www.fmf.com.br/Competicoes/ProxJogos.aspx?d=42,pais=Brasil; estado=Minas Gerais; codigo_fmf=42; placar_original=X; jogo_numero=48; cidade=Uba,2026-09-28T20:17:21,Brasil,Uba
e1e399741e7eba95,FMF,Brasil - FMF - 2ª Divisão - 2026,2026-10-31,10:30,UBERLANDIA S.A.F,VILLA NOVA,CT ninho do Periquito,RODADA 4,https://www.fmf.com.br/Competicoes/ProxJogos.aspx?d=42,pais=Brasil; estado=Minas Gerais; codigo_fmf=42; placar_original=X; jogo_numero=47; cidade=Uberlandia,2026-09-28T20:17:21,Brasil,Uberlandia
85613ce10f7586de,FFERJ,Brasil - FFERJ - Competição não identificada,2026-10-31,11:00,Fluminense F.C,C.R Flamengo,ESTÁDIO ESTÁDIO MARCELO VIEIRA,,https://www.fferj.com.br/partidas/6180,codigo_fferj=6180; fonte_tag=FERJ,2026-10-05T21:16:30,Brasil,Rio de Janeiro
af6c305ca17e4c8e,FMF,Brasil - FMF - SUB 15 - 1ª Divisão - 2026,2026-10-31,11:00,ATHLETIC,AMERICA,CT ATHLETIC,RODADA 7,https://www.fmf.com.br/Competicoes/ProxJogos.aspx?d=5,pais=Brasil; estado=Minas Gerais; codigo_fmf=5; placar_original=X; jogo_numero=132; cidade=Sao Joao Del Rei,2026-09-14T18:42:15,Brasil,Sao Joao Del Rei
dab38c39aa8606b9,FMF,Brasil - FMF - SUB 15 - 1ª Divisão - 2026,2026-10-31,11:00,ATLÉTICO SAF,COIMBRA SAF,Estadio das Alterosas - SESC Venda Nova,RODADA 7,https://www.fmf.com.br/Competicoes/ProxJogos.aspx?d=5,pais=Brasil; estado=Minas Gerais; codigo_fmf=5; placar_original=X; jogo_numero=133; cidade=Belo Horizonte,2026-09-14T18:42:15,Brasil,Belo Horizonte
b251eecb125f4714,FMF,Brasil - FMF - SUB 15 - 1ª Divisão - 2026,2026-10-31,11:00,BOSTON CITY,ITABIRITO,Complexo do Boston City I,RODADA 7,https://www.fmf.com.br/Competicoes/ProxJogos.aspx?d=5,pais=Brasil; estado=Minas Gerais; codigo_fmf=5; placar_original=X; jogo_numero=130; cidade=Manhuacu,2026-09-14T18:42:15,Brasil,Manhuacu
1f2118ac98a5f9ad,FMF,Brasil - FMF - SUB 15 - 1ª Divisão - 2026,2026-10-31,11:00,CRUZEIRO - SAF,NORTH ESPORTE CLUBE,Toca da Raposa I,RODADA 7,https://www.fmf.com.br/Competicoes/ProxJogos.aspx?d=5,pais=Brasil; estado=Minas Gerais; codigo_fmf=5; placar_original=X; jogo_numero=131; cidade=Belo Horizonte,2026-09-14T18:42:15,Brasil,Belo Horizonte
253dde09ac83ac6b,FMF,Brasil - FMF - SUB 15 - 2ª Divisão - 2026,2026-10-31,11:00,VILLA NOVA,GUARANI,"Castor Cifuentes ""Alçapão do Bonfim""",RODADA 5,https://www.fmf.com.br/Competicoes/ProxJogos.aspx?d=13,pais=Brasil; estado=Minas Gerais; codigo_fmf=13; placar_original=X; jogo_numero=118; cidade=Nova Lima,2026-09-28T20:17:21,Brasil,Nova Lima
3a8baceda0a079e3,campeonatochileno.cl,Campeonato Nacional Juvenil Femenino Clausura,2026-10-31,11:00,Curicó Unido Juvenil Fem,Deportes Recoleta Juvenil Fem,,Fecha 14,https://www.campeonatochileno.cl/ligas/campeonato-nacional-juvenil-femenino-clausura/,,2026-07-14T13:55:28,,
447ec9e5b0bbb5b9,campeonatochileno.cl,Campeonato Nacional Juvenil Femenino Clausura,2026-10-31,12:00,Cobreloa Juvenil Fem,Deportes Copiapo Juvenil Fem,,Fecha 14,https://www.campeonatochileno.cl/ligas/campeonato-nacional-juvenil-femenino-clausura/,,2026-07-14T13:55:28,,
132a226b8bf145b7,FFERJ,Brasil - FFERJ - Competição não identificada,2026-10-31,13:00,Nova Iguaçu S.A.F,Resende F. C.,ESTÁDIO CT NOVA IGUAÇU,,https://www.fferj.com.br/partidas/6182,codigo_fferj=6182; fonte_tag=FERJ,2026-10-05T21:16:30,Brasil,Rio de Janeiro
e57ce89bc96330a3,FFERJ,Brasil - FFERJ - Competição não identificada,2026-10-31,13:00,PETRÓPOLIS GONÇALENSE FC,America F.C (RJ),ESTÁDIO CT TIGRES,,https://www.fferj.com.br/partidas/6100,codigo_fferj=6100; fonte_tag=FERJ,2026-10-05T21:16:30,Brasil,Rio de Janeiro
0d1ed4d3641c3ef9,FMF,Brasil - FMF - 2ª Divisão - 2026,2026-10-31,13:30,POUSO ALEGRE SAF,NOVO E.C. ITABIRINHA,Instituto Bola Preta,RODADA 4,https://www.fmf.com.br/Competicoes/ProxJogos.aspx?d=41,pais=Brasil; estado=Minas Gerais; codigo_fmf=41; placar_original=X; jogo_numero=46; cidade=Eloi Mendes,2026-09-28T20:17:21,Brasil,Eloi Mendes
dff3fca5be17f65e,FMF,Brasil - FMF - 2ª Divisão - 2026,2026-10-31,14:00,FUNORTE,MINAS BOCA,Estádio José Maria Melo,RODADA 5,https://www.fmf.com.br/Competicoes/ProxJogos.aspx?d=12,pais=Brasil; estado=Minas Gerais; codigo_fmf=12; placar_original=X; jogo_numero=119; cidade=Montes Claros,2026-09-21T18:48:11,Brasil,Montes Claros
2aa669bb5172395e,AFA,Argentina - Torneo Clausura,2026-10-31,14:45,Defensa y Justicia,Independiente,,Zona A,https://www.afa.com.ar/Sitio/posts/la-agenda-de-la-afa,,2026-10-09T18:15:50,Argentina,
edab4e4c22ca737c,AFA,Argentina - Torneo Clausura,2026-10-31,15:00,Boca,River,,Interzonal,https://www.afa.com.ar/Sitio/posts/la-agenda-de-la-afa,,2026-10-09T18:15:50,Argentina,
4343b36bdce51dc1,FFERJ,Brasil - FFERJ - Competição não identificada,2026-10-31,15:00,Nova Iguaçu S.A.F,Resende F. C.,ESTÁDIO CT NOVA IGUAÇU,,https://www.fferj.com.br/partidas/6209,codigo_fferj=6209; fonte_tag=FERJ,2026-10-05T21:16:30,Brasil,Rio de Janeiro
9375cdfadd4f05ea,FFERJ,Brasil - FFERJ - Competição não identificada,2026-10-31,15:00,PETRÓPOLIS GONÇALENSE FC,America F.C (RJ),ESTÁDIO CT TIGRES,,https://www.fferj.com.br/partidas/6098,codigo_fferj=6098; fonte_tag=FERJ,2026-10-05T21:16:30,Brasil,Rio de Janeiro
8c778ef29c4cd5e6,FMF,Brasil - FMF - 2ª Divisão - 2026,2026-10-31,15:00,POUSO ALEGRE SAF,NOVO E.C. ITABIRINHA,Instituto Bola Preta,RODADA 4,https://www.fmf.com.br/Competicoes/ProxJogos.aspx?d=42,pais=Brasil; estado=Minas Gerais; codigo_fmf=42; placar_original=X; jogo_numero=46; cidade=Eloi Mendes,2026-09-28T20:17:21,Brasil,Eloi Mendes
109ff3a79dbb2fea,FPF,Brasil - FPF - Paulista F Sub-17 Petrobras (Amador),2026-10-31,15:00,AD Centro Olimpico,Teal Rising Academy,Centro Esportivo Recreativo Educativo do Trabalhador,Rodada 9,https://www.futebolpaulista.com.br/Competicoes/Tabela.aspx,status=Programado; pais=Brasil; estado=São Paulo; fonte=api_ashx; jogo_numero=47; grupo=03; fase=QUARTAS DE FINAL; canais=YouTube Paulistão; suspencao=LIBERADO,2026-10-09T18:57:44,Brasil,São Paulo
a5496212a01a824c,FPF,Brasil - FPF - Paulista F Sub-17 Petrobras (Amador),2026-10-31,15:00,Corinthians,Sfera FC,Estádio Alfredo Schürig,Rodada 9,https://www.futebolpaulista.com.br/Competicoes/Tabela.aspx,status=Programado; pais=Brasil; estado=São Paulo; fonte=api_ashx; jogo_numero=48; grupo=04; fase=QUARTAS DE FINAL; canais=YouTube Paulistão; suspencao=LIBERADO,2026-10-09T18:57:44,Brasil,São Paulo
34d2c65247cdddbf,FPF,Brasil - FPF - Paulista F Sub-17 Petrobras (Amador),2026-10-31,15:00,Ferroviária,Santo André,CT I9 International Academy,Rodada 9,https://www.futebolpaulista.com.br/Competicoes/Tabela.aspx,status=Programado; pais=Brasil; estado=São Paulo; fonte=api_ashx; jogo_numero=50; grupo=06; fase=QUARTAS DE FINAL; canais=YouTube Paulistão; suspencao=LIBERADO,2026-10-09T18:57:44,Brasil,Ribeirão Preto
c642d862fdbb6121,FPF,Brasil - FPF - Paulista F Sub-17 Petrobras (Amador),2026-10-31,15:00,São Paulo,Audax,Campo do Complexo Social do Morumbi,Rodada 9,https://www.futebolpaulista.com.br/Competicoes/Tabela.aspx,status=Programado; pais=Brasil; estado=São Paulo; fonte=api_ashx; jogo_numero=49; grupo=05; fase=QUARTAS DE FINAL; canais=YouTube Paulistão; suspencao=LIBERADO,2026-10-09T18:57:44,Brasil,São Paulo
cc8cacf0b6b24cdd,FPF,Brasil - FPF - Taça Paulistana Petrobras (Amador),2026-10-31,15:00,Mauaense,São Bento,Estádio Municipal Pedro Benedetti,Rodada 8,https://www.futebolpaulista.com.br/Competicoes/Tabela.aspx,status=Programado; pais=Brasil; estado=São Paulo; fonte=api_ashx; jogo_numero=23; grupo=01; fase=PRIMEIRA FASE; canais=YouTube Paulistão; suspencao=LIBERADO,2026-10-09T18:57:44,Brasil,Mauá
8c5c9121bb1ad781,FPF,Brasil - FPF - Taça Paulistana Petrobras (Amador),2026-10-31,15:00,Realidade Jovem,Sociedade Esportiva Lemense,Estádio Benedito Teixeira,Rodada 8,https://www.futebolpaulista.com.br/Competicoes/Tabela.aspx,status=Programado; pais=Brasil; estado=São Paulo; fonte=api_ashx; jogo_numero=24; grupo=01; fase=PRIMEIRA FASE; canais=YouTube Paulistão; suspencao=LIBERADO,2026-10-09T18:57:44,Brasil,São José do Rio Preto
eda9293939fbb6ef,FPF,Brasil - FPF - Taça Paulistana Petrobras (Amador),2026-10-31,15:00,São José EC SAF,AD Centro Olimpico,Estádio Municipal Martins Pereira,Rodada 8,https://www.futebolpaulista.com.br/Competicoes/Tabela.aspx,status=Programado; pais=Brasil; estado=São Paulo; fonte=api_ashx; jogo_numero=22; grupo=01; fase=PRIMEIRA FASE; canais=YouTube Paulistão; suspencao=LIBERADO,2026-10-09T18:57:44,Brasil,São José dos Campos
77cdde9b348d90a2,campeonatochileno.cl,Campeonato Nacional Juvenil Femenino Clausura,2026-10-31,15:00,Huachipato Juvenil Fem,Deportes Concepción Juvenil Fem,Estadio Huachipato-Cancha 4,Fecha 14,https://www.campeonatochileno.cl/ligas/campeonato-nacional-juvenil-femenino-clausura/,,2026-07-13T14:46:09,,
4dad9d4a48ae8593,FGF,Brasil - FGF - Campeonato Goiano Feminino Adulto / 2026,2026-10-31,15:30,Vila Nova,Aliança,CT Vila do Tigre,3ª Rodada,https://www.fgf.esp.br/pt/competicoes/jogo.php?id=1816&jogo=57467,status=Programado; pais=Brasil; estado=Goiás; fonte=api_ajax,2026-10-09T18:00:23,Brasil,
ebde6c354b669cd9,ESPN,Peru - Liga 1,2026-10-31,15:30,Alianza Atlético,Juan Pablo II,Estadio Campeones del '36,,,codigo_espn=401886149; status=Scheduled,2026-10-09T21:00:56,Peru,Sullana
5998b246e06b2efb,FGF,Brasil - FGF - Campeonato Goiano de Profissionais da 3ª Divisão / 2026,2026-10-31,16:00,Associacao Atletica Rioverdense,Atlético Itumbiara,Mozart Veloso do Carmo,4ª Rodada,https://www.fgf.esp.br/pt/competicoes/jogo.php?id=1830&jogo=58149,status=Programado; pais=Brasil; estado=Goiás; fonte=api_ajax,2026-10-09T18:00:23,Brasil,
a315418b6d35f6d2,FMF,Brasil - FMF - SUB 15 - 2ª Divisão - 2026,2026-10-31,16:00,FUNORTE,MINAS BOCA,Estádio José Maria Melo,RODADA 5,https://www.fmf.com.br/Competicoes/ProxJogos.aspx?d=13,pais=Brasil; estado=Minas Gerais; codigo_fmf=13; placar_original=X; jogo_numero=119; cidade=Montes Claros,2026-09-28T20:17:21,Brasil,Montes Claros
2bf1d851e404d2f7,CBF,Brasil - Série B,2026-10-31,16:00,Botafogo (SP),Sport (PE),Santa Cruz,Rodada 36,https://stcbfsiteprdimgbrs.blob.core.windows.net/img-site/cdn/Tabela_Detalhada_Brasileiro_Serie_B_2026_09_10_25ec926739.pdf,pais=Brasil; cidade=Ribeirão Preto,2026-10-10T09:45:06,,Ribeirão Preto
debca4e636dd9de6,AFA,Argentina - Torneo Clausura,2026-10-31,17:00,Deportivo Riestra,Talleres,,Zona A,https://www.afa.com.ar/Sitio/posts/la-agenda-de-la-afa,,2026-10-09T18:15:50,Argentina,
ba1683c92285884f,CBF,Brasil - Série B,2026-10-31,18:00,Vila Nova (GO),Juventude (RS),Onésio B. Alvarenga,Rodada 36,https://stcbfsiteprdimgbrs.blob.core.windows.net/img-site/cdn/Tabela_Detalhada_Brasileiro_Serie_B_2026_09_10_25ec926739.pdf,pais=Brasil; cidade=Goiânia,2026-10-10T09:45:06,,Goiânia
5f63e9febbefb2d6,ESPN,Colombia - Liga BetPlay,2026-10-31,18:00,Llaneros FC,Atlético Junior,Estadio Bello Horizonte - Rey Pele,,,codigo_espn=401878071; status=Scheduled,2026-10-09T19:09:49,Colombia,Villavicencio
989c33483181271e,AFA,Argentina - Torneo Clausura,2026-10-31,18:30,Belgrano,Barracas Central,,Zona B,https://www.afa.com.ar/Sitio/posts/la-agenda-de-la-afa,,2026-10-09T18:15:50,Argentina,
e1ba426f7c6a1952,AFA,Argentina - Torneo Clausura,2026-10-31,18:30,Newell’s,Unión,,Zona A,https://www.afa.com.ar/Sitio/posts/la-agenda-de-la-afa,,2026-10-09T18:15:50,Argentina,
5a33da84f46d4203,AFA,Argentina - Torneo Clausura,2026-10-31,19:15,Vélez,San Lorenzo,,Zona A,https://www.afa.com.ar/Sitio/posts/la-agenda-de-la-afa,,2026-10-09T18:15:50,Argentina,
770dbe28c560d8f3,CBF,Brasil - Série B,2026-10-31,19:30,Náutico (PE),Avaí (SC),Aflitos,Rodada 36,https://stcbfsiteprdimgbrs.blob.core.windows.net/img-site/cdn/Tabela_Detalhada_Brasileiro_Serie_B_2026_09_10_25ec926739.pdf,pais=Brasil; cidade=Recife,2026-10-10T09:45:06,,Recife
7fed2930f7c9a7d0,AFA,Argentina - Torneo Clausura,2026-10-31,20:45,Lanús,Gimnasia (Mza.),,Zona A,https://www.afa.com.ar/Sitio/posts/la-agenda-de-la-afa,,2026-10-09T18:15:50,Argentina,
2eaa60a56bc62a23,AFA,Argentina - Torneo Clausura,2026-10-31,21:30,Estudiantes,Instituto,,Zona A,https://www.afa.com.ar/Sitio/posts/la-agenda-de-la-afa,,2026-10-09T18:15:50,Argentina,
d5f9fbbdc488a177,campeonatochileno.cl,Campeonato Nacional Juvenil Femenino Clausura,2026-10-31,3:00,Huachipato Juvenil Fem,Deportes Concepción Juvenil Fem,Estadio Huachipato-Cancha 4,Fecha 14,https://www.campeonatochileno.cl/ligas/campeonato-nacional-juvenil-femenino-clausura/,,2026-07-14T13:55:28,,
9a0aa60613fc4f3e,campeonatochileno.cl,Campeonato Nacional Juvenil Femenino Clausura,2026-10-31,9:00,Unión Araucanía Juvenil Fem,Rangers Juvenil Fem,Estadio Turingia,Fecha 14,https://www.campeonatochileno.cl/ligas/campeonato-nacional-juvenil-femenino-clausura/,,2026-07-14T13:55:28,,
0e4bcb7591a48d3d,campeonatochileno.cl,Campeonato Nacional Juvenil Femenino Clausura,2026-10-31,9:30,Unión Española Juvenil Fem,Magallanes Juvenil Fem,Estadio Santa Laura – Cancha 2,Fecha 14,https://www.campeonatochileno.cl/ligas/campeonato-nacional-juvenil-femenino-clausura/,,2026-07-14T13:55:28,,
fa19ff7dcca52f27,FMF,Brasil - FMF - SUB 15 - 2ª Divisão - 2026,2026-11-01,08:30,NOVO E.C. ITABIRINHA,NACIONAL VRB,Dr. Adilson Machado de Farias,RODADA 5,https://www.fmf.com.br/Competicoes/ProxJogos.aspx?d=13,pais=Brasil; estado=Minas Gerais; codigo_fmf=13; placar_original=X; jogo_numero=120; cidade=Itabirinha,2026-09-28T20:17:21,Brasil,Itabirinha
90bca2f0954898cf,campeonatochileno.cl,Campeonato Nacional Juvenil Femenino Clausura,2026-11-01,09:30,Coquimbo Unido Juvenil Fem,Atlético Colina Juvenil Fem,,Fecha 14,https://www.campeonatochileno.cl/ligas/campeonato-nacional-juvenil-femenino-clausura/,,2026-07-13T14:46:09,,
c644b1685157cd53,campeonatochileno.cl,Campeonato Juvenil Femenino,2026-11-01,10:00,Santiago Wanderers Juvenil Fem,Trasandino Juvenil fem,,Fecha 14,https://www.campeonatochileno.cl/ligas/campeonato-juvenil-femenino/,,2026-10-09T18:12:25,,
cb11ea4a6f976665,FMF,Brasil - FMF - 2ª Divisão - 2026,2026-11-01,10:30,NOVO E.C. ITABIRINHA,NACIONAL VRB,Dr. Adilson Machado de Farias,RODADA 5,https://www.fmf.com.br/Competicoes/ProxJogos.aspx?d=12,pais=Brasil; estado=Minas Gerais; codigo_fmf=12; placar_original=X; jogo_numero=120; cidade=Itabirinha,2026-09-14T18:42:15,Brasil,Itabirinha
1b734d00dcbc6006,campeonatochileno.cl,Campeonato Nacional Juvenil Femenino Clausura,2026-11-01,10:30,O'Higgins Juvenil Fem,Colo Colo Juvenil Fem,,Fecha 14,https://www.campeonatochileno.cl/ligas/campeonato-nacional-juvenil-femenino-clausura/,,2026-07-14T13:55:28,,
fae856cb9d488665,campeonatochileno.cl,Campeonato Nacional Juvenil Femenino Clausura,2026-11-01,11:00,Everton Juvenil Fem,San Luis Juvenil Fem,,Fecha 14,https://www.campeonatochileno.cl/ligas/campeonato-nacional-juvenil-femenino-clausura/,,2026-07-14T13:55:28,,
473e6bf72dceb08c,ESPN,Peru - Liga 1,2026-11-01,11:00,Deportivo Moquegua,Los Chankas,Estadio 25 de Noviembre,,,codigo_espn=401886124; status=Scheduled,2026-10-09T21:00:56,Peru,Moquegua
3ead458e109269b6,ESPN,Peru - Liga 1,2026-11-01,13:15,Cusco FC,Sport Boys,Estadio Inca Garcilaso de la Vega,,,codigo_espn=401886146; status=Scheduled,2026-10-09T21:00:56,Peru,Cusco
83d408af4f913ad8,campeonatochileno.cl,Campeonato Nacional Juvenil Femenino Clausura,2026-11-01,14:00,Unión San Felipe Juvenil Fem,Cobresal Juvenil Fem,,Fecha 14,https://www.campeonatochileno.cl/ligas/campeonato-nacional-juvenil-femenino-clausura/,,2026-07-13T14:46:09,,
5348aaec521bf801,ESPN,Ecuador - LigaPro Serie A,2026-11-01,15:00,Delfín,Deportivo Cuenca,,,,codigo_espn=401921374; status=Scheduled,2026-10-09T20:23:29,Ecuador,
9978e09e947803a3,ESPN,Ecuador - LigaPro Serie A,2026-11-01,15:00,Emelec,Leones,,,,codigo_espn=401921370; status=Scheduled,2026-10-09T20:23:29,Ecuador,
e281b3fd8052babc,ESPN,Ecuador - LigaPro Serie A,2026-11-01,15:00,Guayaquil City FC,Libertad (Ecuador),,,,codigo_espn=401921371; status=Scheduled,2026-10-09T20:23:29,Ecuador,
2282f88a025ddd9d,ESPN,Ecuador - LigaPro Serie A,2026-11-01,15:00,Independiente del Valle,Liga de Quito,,,,codigo_espn=401921324; status=Scheduled,2026-10-09T20:23:29,Ecuador,
edac58068ff6da7f,ESPN,Ecuador - LigaPro Serie A,2026-11-01,15:00,Macará,Barcelona SC,,,,codigo_espn=401921328; status=Scheduled,2026-10-09T20:23:29,Ecuador,
89f5cce01110ab15,ESPN,Ecuador - LigaPro Serie A,2026-11-01,15:00,Mushuc Runa,Manta F.C.,,,,codigo_espn=401921372; status=Scheduled,2026-10-09T20:23:29,Ecuador,
f202d768d48a97c2,ESPN,Ecuador - LigaPro Serie A,2026-11-01,15:00,Orense,Técnico Universitario,,,,codigo_espn=401921373; status=Scheduled,2026-10-09T20:23:29,Ecuador,
074aa25adc29dae4,ESPN,Ecuador - LigaPro Serie A,2026-11-01,15:00,Universidad Católica (Quito),Aucas,,,,codigo_espn=401921345; status=Scheduled,2026-10-09T20:23:29,Ecuador,
12f8bb2c1f1a1d4e,FGF,Brasil - FGF - Campeonato Goiano de Profissionais da 3ª Divisão / 2026,2026-11-01,15:30,Royal,Real Clube,Zico Brandão,4ª Rodada,https://www.fgf.esp.br/pt/competicoes/jogo.php?id=1830&jogo=58148,status=Programado; pais=Brasil; estado=Goiás; fonte=api_ajax,2026-10-09T18:00:23,Brasil,
f0cfe3556f10d29f,ESPN,Peru - Liga 1,2026-11-01,15:30,Atlético Grau,Universitario,Estadio Manische,,,codigo_espn=401886126; status=Scheduled,2026-10-09T21:00:56,Peru,Trujillo
6cac3d5357cc03c7,CBF,Brasil - Copa do Brasil,2026-11-01,16:00,Palmeiras (SP),Vasco da Gama (RJ),Nubank Parque,Ida,https://stcbfsiteprdimgbrs.blob.core.windows.net/img-site/cdn/Tabela_Detalhada_Copa_do_Brasil_2026_07_10_0c40ca55b3.pdf,pais=Brasil; cidade=São Paulo,2026-10-10T09:45:06,,São Paulo
97e441a6c9b41a94,FGF,Brasil - FGF - Campeonato Goiano Feminino Adulto / 2026,2026-11-01,16:00,Planalto Esporte Clube,Flugoiania,Anibal Batista de Toledo,3ª Rodada,https://www.fgf.esp.br/pt/competicoes/jogo.php?id=1816&jogo=57468,status=Programado; pais=Brasil; estado=Goiás; fonte=api_ajax,2026-10-09T18:00:23,Brasil,
41f93f8bfac0785e,FGF,Brasil - FGF - Campeonato Goiano de Profissionais da 3ª Divisão / 2026,2026-11-01,16:00,América,Novo Horizonte,João Vilela,4ª Rodada,https://www.fgf.esp.br/pt/competicoes/jogo.php?id=1830&jogo=58150,status=Programado; pais=Brasil; estado=Goiás; fonte=api_ajax,2026-10-09T18:00:23,Brasil,
23cc5b6386e2e0da,FGF,Brasil - FGF - Campeonato Goiano de Profissionais da 3ª Divisão / 2026,2026-11-01,16:00,Royal,Real Clube,Jonas Duarte,4ª Rodada,https://www.fgf.esp.br/pt/competicoes/jogo.php?id=1830&jogo=58148,status=Programado; pais=Brasil; estado=Goiás; fonte=api_ajax,2026-09-25T16:32:13,Brasil,
589386ba5d7db501,CBF,Brasil - Série B,2026-11-01,16:00,Londrina (PR),América (MG),Vitorino Gonçalves Dias,Rodada 36,https://stcbfsiteprdimgbrs.blob.core.windows.net/img-site/cdn/Tabela_Detalhada_Brasileiro_Serie_B_2026_09_10_25ec926739.pdf,pais=Brasil; cidade=Londrina,2026-10-10T09:45:06,,Londrina
9a0b640e056b3f04,ESPN,Colombia - Liga BetPlay,2026-11-01,18:10,Independiente Medellín,Alianza FC,Atanasio Girardot,,,codigo_espn=401878061; status=Scheduled,2026-10-09T19:09:49,Colombia,Medellin
f8f2b8b16b2bd4b2,CBF,Brasil - Copa do Brasil,2026-11-01,18:30,Grêmio (RS),Atlético (MG),Arena do Grêmio,Ida,https://stcbfsiteprdimgbrs.blob.core.windows.net/img-site/cdn/Tabela_Detalhada_Copa_do_Brasil_2026_07_10_0c40ca55b3.pdf,pais=Brasil; cidade=Porto Alegre,2026-10-10T09:45:06,,Porto Alegre
9e83b25b2bd926c5,CBF,Brasil - Série B,2026-11-01,18:30,Cuiabá (MT),São Bernardo FC (SP),Arena Pantanal,Rodada 36,https://stcbfsiteprdimgbrs.blob.core.windows.net/img-site/cdn/Tabela_Detalhada_Brasileiro_Serie_B_2026_09_10_25ec926739.pdf,pais=Brasil; cidade=Cuiabá,2026-10-10T09:45:06,,Cuiabá
55bb0d0f2fbf504c,CBF,Brasil - Série B,2026-11-01,18:30,Novorizontino (SP),Operário (PR),Jorge Ismael de Biasi,Rodada 36,https://stcbfsiteprdimgbrs.blob.core.windows.net/img-site/cdn/Tabela_Detalhada_Brasileiro_Serie_B_2026_09_10_25ec926739.pdf,pais=Brasil; cidade=Novo Horizonte,2026-10-10T09:45:06,,Novo Horizonte
4fd845c744fbfa0b,ESPN,Colombia - Liga BetPlay,2026-11-01,20:15,Deportivo Cali,Boyacá Chicó FC,Deportivo Cali,,,codigo_espn=401877913; status=Scheduled,2026-10-09T19:09:49,Colombia,Cali
40ebcce37df6d89a,campeonatochileno.cl,Campeonato Nacional Juvenil Femenino Clausura,2026-11-01,2:00,Unión San Felipe Juvenil Fem,Cobresal Juvenil Fem,,Fecha 14,https://www.campeonatochileno.cl/ligas/campeonato-nacional-juvenil-femenino-clausura/,,2026-07-14T13:55:28,,
9b88017e64d8a19f,campeonatochileno.cl,Campeonato Nacional Juvenil Femenino Clausura,2026-11-01,9:30,Coquimbo Unido Juvenil Fem,Atlético Colina Juvenil Fem,,Fecha 14,https://www.campeonatochileno.cl/ligas/campeonato-nacional-juvenil-femenino-clausura/,,2026-07-14T13:55:28,,
91df1c5bad836078,campeonatochileno.cl,Campeonato Nacional Juvenil Femenino Clausura,2026-11-02,09:30,Santiago Wanderers Juvenil Fem,Deportes La Serena Juvenil Fem,,Fecha 14,https://www.campeonatochileno.cl/ligas/campeonato-nacional-juvenil-femenino-clausura/,,2026-07-13T14:46:09,,
b3a9bbe3157e1e92,campeonatochileno.cl,Campeonato Nacional Juvenil Femenino Clausura,2026-11-02,10:00,Universidad Católica Juvenil Fem,Universidad de Chile Juvenil Fem,,Fecha 14,https://www.campeonatochileno.cl/ligas/campeonato-nacional-juvenil-femenino-clausura/,,2026-07-14T13:55:28,,
393c2fe836a555b0,campeonatochileno.cl,Campeonato Nacional Juvenil Femenino Clausura,2026-11-02,11:00,Santiago Morning Juvenil Fem,Deportes Limache Juvenil Fem,,Fecha 14,https://www.campeonatochileno.cl/ligas/campeonato-nacional-juvenil-femenino-clausura/,,2026-07-14T13:55:28,,
6fb0d19aa7a4b509,ESPN,Peru - Liga 1,2026-11-02,11:00,Sport Huancayo,Melgar,Estadio Huancayo,,,codigo_espn=401886127; status=Scheduled,2026-10-09T21:00:56,Peru,Huancayo
baa2a776a174efa4,campeonatochileno.cl,Campeonato Nacional Juvenil Femenino Clausura,2026-11-02,13:00,Deportes Temuco Juvenil Fem,Recreativo Puerto Varas Juvenil Fem,,Fecha 14,https://www.campeonatochileno.cl/ligas/campeonato-nacional-juvenil-femenino-clausura/,,2026-07-13T14:46:09,,
21ddab605804a78e,ESPN,Peru - Liga 1,2026-11-02,13:15,UTC,Deportivo Garcilaso,Estadio Germán Contreras,,,codigo_espn=401886147; status=Scheduled,2026-10-09T21:00:56,Peru,Cajabamba
8db6f7570d902895,campeonatochileno.cl,Campeonato Nacional Juvenil Femenino Clausura,2026-11-02,14:00,U. de Concepción Juvenil Fem,Ñublense Juvenil Fem,,Fecha 14,https://www.campeonatochileno.cl/ligas/campeonato-nacional-juvenil-femenino-clausura/,,2026-07-13T14:46:09,,
01a992ba133971e0,campeonatochileno.cl,Campeonato Nacional Juvenil Femenino Clausura,2026-11-02,15:00,Deportes Melipilla Juvenil Fem,Audax Italiano Juvenil Fem,Estadio Soinca Bata Melipilla,Fecha 14,https://www.campeonatochileno.cl/ligas/campeonato-nacional-juvenil-femenino-clausura/,,2026-07-13T14:46:09,,
09f1873a77a10a3c,ESPN,Peru - Liga 1,2026-11-02,15:30,Sporting Cristal,FC Cajamarca,Estadio Alberto Gallardo,,,codigo_espn=401886125; status=Scheduled,2026-10-09T21:00:56,Peru,San Martin de Porres
828a14310b357754,CBF,Brasil - Série B,2026-11-02,16:00,Fortaleza (CE),Atlético (GO),Arena Castelão,Rodada 36,https://stcbfsiteprdimgbrs.blob.core.windows.net/img-site/cdn/Tabela_Detalhada_Brasileiro_Serie_B_2026_09_10_25ec926739.pdf,pais=Brasil; cidade=Fortaleza,2026-10-10T09:45:06,,Fortaleza
e2510e814340a69c,ESPN,Colombia - Liga BetPlay,2026-11-02,16:05,Águilas Doradas,Fortaleza CEIF,Estadio Cincuentenario,,,codigo_espn=401877772; status=Scheduled,2026-10-09T19:09:49,Colombia,Medellin
fee66c83b6f7f0b3,CBF,Brasil - Série B,2026-11-02,18:00,Athletic (MG),Ceará (CE),Arena Sicredi,Rodada 36,https://stcbfsiteprdimgbrs.blob.core.windows.net/img-site/cdn/Tabela_Detalhada_Brasileiro_Serie_B_2026_09_10_25ec926739.pdf,pais=Brasil; cidade=São João Del Rei,2026-10-10T09:45:06,,São João Del Rei
8568faa813de823e,ESPN,Colombia - Liga BetPlay,2026-11-02,18:10,Cúcuta Deportivo,Independiente Santa Fe,General Santander,,,codigo_espn=401877959; status=Scheduled,2026-10-09T19:09:49,Colombia,Cúcuta
f4cc59fbb27c778e,AFA,Argentina - Torneo Clausura,2026-11-02,19:00,Platense,Central Córdoba,,Zona A,https://www.afa.com.ar/Sitio/posts/la-agenda-de-la-afa,,2026-10-09T18:15:50,Argentina,
98ff455b39e9be10,campeonatochileno.cl,Campeonato Nacional Juvenil Femenino Clausura,2026-11-02,1:00,Deportes Temuco Juvenil Fem,Recreativo Puerto Varas Juvenil Fem,,Fecha 14,https://www.campeonatochileno.cl/ligas/campeonato-nacional-juvenil-femenino-clausura/,,2026-07-14T13:55:28,,
5522252336fa6e00,CBF,Brasil - Série A,2026-11-02,20:00,Red Bull Bragantino (SP),Santos (SP),Cícero S. Marques,Rodada 34,https://stcbfsiteprdimgbrs.blob.core.windows.net/img-site/cdn/Tabela_Detalhada_BSA_2026_09_10_e4440cfd8e.pdf,pais=Brasil; cidade=Bragança Paulista,2026-10-10T09:45:06,,Bragança Paulista
f8c082b9e1983668,ESPN,Colombia - Liga BetPlay,2026-11-02,20:15,Atlético Bucaramanga,Atlético Nacional,Estadio Alfonso López,,,codigo_espn=401877914; status=Scheduled,2026-10-09T19:09:49,Colombia,Bucaramanga
6468e59b306deae0,CBF,Brasil - Série B,2026-11-02,20:30,Goiás (GO),CRB (AL),Hailé Pinheiro,Rodada 36,https://stcbfsiteprdimgbrs.blob.core.windows.net/img-site/cdn/Tabela_Detalhada_Brasileiro_Serie_B_2026_09_10_25ec926739.pdf,pais=Brasil; cidade=Goiânia,2026-10-10T09:45:06,,Goiânia
a9419163b705f823,AFA,Argentina - Torneo Clausura,2026-11-02,21:15,Atlético Tucumán,Argentinos,,Zona B,https://www.afa.com.ar/Sitio/posts/la-agenda-de-la-afa,,2026-10-09T18:15:50,Argentina,
6c5dff885e0574c4,AFA,Argentina - Torneo Clausura,2026-11-02,21:15,Ind. Rivadavia Mza.,Banfield,,Zona B,https://www.afa.com.ar/Sitio/posts/la-agenda-de-la-afa,,2026-10-09T18:15:50,Argentina,
aec7c2f50fce03a0,campeonatochileno.cl,Campeonato Nacional Juvenil Femenino Clausura,2026-11-02,2:00,U. de Concepción Juvenil Fem,Ñublense Juvenil Fem,,Fecha 14,https://www.campeonatochileno.cl/ligas/campeonato-nacional-juvenil-femenino-clausura/,,2026-07-14T13:55:28,,
4b810cc7e19a7cb0,campeonatochileno.cl,Campeonato Nacional Juvenil Femenino Clausura,2026-11-02,3:00,Deportes Melipilla Juvenil Fem,Audax Italiano Juvenil Fem,Estadio Soinca Bata Melipilla,Fecha 14,https://www.campeonatochileno.cl/ligas/campeonato-nacional-juvenil-femenino-clausura/,,2026-07-14T13:55:28,,
eb9eb5d95ff4e0a3,campeonatochileno.cl,Campeonato Nacional Juvenil Femenino Clausura,2026-11-02,9:30,Santiago Wanderers Juvenil Fem,Deportes La Serena Juvenil Fem,,Fecha 14,https://www.campeonatochileno.cl/ligas/campeonato-nacional-juvenil-femenino-clausura/,,2026-07-14T13:55:28,,
352155e80ff6460f,AFA,Argentina - Torneo Clausura,2026-11-03,15:00,Argentinos,Talleres (Zona A),CEFFA,,https://www.afa.com.ar/Sitio/posts/la-agenda-de-la-afa,,2026-10-09T18:15:50,Argentina,
7448e20ef4f9b2c0,AFA,Argentina - Torneo Clausura,2026-11-03,15:00,Ind. Rivadavia Mza.,Estudiantes (Zona B),Ciudad Deportiva,,https://www.afa.com.ar/Sitio/posts/la-agenda-de-la-afa,,2026-10-09T18:15:50,Argentina,
7c594ba83a1ff9fa,AFA,Argentina - Torneo Clausura,2026-11-03,15:00,Lanús,Atlético de Rafaela (Zona B),Auxiliar,,https://www.afa.com.ar/Sitio/posts/la-agenda-de-la-afa,,2026-10-09T18:15:50,Argentina,
2fa2f811fb8d11b1,AFA,Argentina - Torneo Clausura,2026-11-03,15:00,Newell’s,Independiente (Zona B),Predio,,https://www.afa.com.ar/Sitio/posts/la-agenda-de-la-afa,,2026-10-09T18:15:50,Argentina,
45222248ed6df236,AFA,Argentina - Torneo Clausura,2026-11-03,15:00,Sarmiento,Banfield (Zona A),CAR,,https://www.afa.com.ar/Sitio/posts/la-agenda-de-la-afa,,2026-10-09T18:15:50,Argentina,
4ad41c7652a02d4f,ESPN,Peru - Liga 1,2026-11-03,15:00,Comerciantes Unidos,ADT,Juan Maldonado Gamarra,,,codigo_espn=401886128; status=Scheduled,2026-10-09T21:00:56,Peru,"Cutervo, Cajamarca"
886c084cce4234e5,ESPN,Colombia - Liga BetPlay,2026-11-03,18:00,Deportivo Pereira,Deportes Tolima,,,,codigo_espn=401877912; status=Scheduled,2026-10-09T19:09:49,Colombia,
93a19594638a01e3,AFA,Argentina - Torneo Clausura,2026-11-03,19:00,River,Tigre (Zona A),River Camp,,https://www.afa.com.ar/Sitio/posts/la-agenda-de-la-afa,,2026-10-09T18:15:50,Argentina,
de85e18cc990486e,CBF,Brasil - Série A,2026-11-03,19:30,Chapecoense (SC),Mirassol (SP),Arena Condá,Rodada 34,https://stcbfsiteprdimgbrs.blob.core.windows.net/img-site/cdn/Tabela_Detalhada_BSA_2026_09_10_e4440cfd8e.pdf,pais=Brasil; cidade=Chapecó,2026-10-10T09:45:06,,Chapecó
06008d84f36c0031,ESPN,Peru - Liga 1,2026-11-03,20:00,Alianza Lima,Cienciano del Cusco,Estadio Alejandro Villanueva,,,codigo_espn=401886148; status=Scheduled,2026-10-09T21:00:56,Peru,Lima
a5be96a082303745,ESPN,Colombia - Liga BetPlay,2026-11-03,20:10,Millonarios,América de Cali,Estadio Nemesio Camacho El Campín,,,codigo_espn=401877910; status=Scheduled,2026-10-09T19:09:49,Colombia,Bogota
c5a31d50404c1efe,CBF,Brasil - Série A,2026-11-03,21:30,Internacional (RS),Coritiba (PR),Beira-Rio,Rodada 34,https://stcbfsiteprdimgbrs.blob.core.windows.net/img-site/cdn/Tabela_Detalhada_BSA_2026_09_10_e4440cfd8e.pdf,pais=Brasil; cidade=Porto Alegre,2026-10-10T09:45:06,,Porto Alegre
7a71a8646b79c87b,AFA,Argentina - Torneo Clausura,2026-11-04,15:00,Aldosivi,Barracas Central (Zona A),Predio,,https://www.afa.com.ar/Sitio/posts/la-agenda-de-la-afa,,2026-10-09T18:15:50,Argentina,
dafb192bd5f7ac4f,AFA,Argentina - Torneo Clausura,2026-11-04,15:00,Deportivo Riestra,Quilmes (Zona B),Speed Camp,,https://www.afa.com.ar/Sitio/posts/la-agenda-de-la-afa,,2026-10-09T18:15:50,Argentina,
dae47f8fab1f0a5a,AFA,Argentina - Torneo Clausura,2026-11-04,15:00,Gimnasia,Gimnasia (Mza.) (Zona A),Estancia Chica,,https://www.afa.com.ar/Sitio/posts/la-agenda-de-la-afa,,2026-10-09T18:15:50,Argentina,
ca4f9d5d0ed95c1b,AFA,Argentina - Torneo Clausura,2026-11-04,15:00,San Martín (SJ),Central Córdoba (Zona B),Predio,,https://www.afa.com.ar/Sitio/posts/la-agenda-de-la-afa,,2026-10-09T18:15:50,Argentina,
e8823a9f15d42078,AFA,Argentina - Torneo Clausura,2026-11-04,15:00,Unión,Godoy Cruz (Zona A),La Tatenguita,,https://www.afa.com.ar/Sitio/posts/la-agenda-de-la-afa,,2026-10-09T18:15:50,Argentina,
cb5743544d639b95,AFA,Argentina - Torneo Clausura,2026-11-04,15:00,Vélez,San Lorenzo (Zona A),Villa Olímpica,,https://www.afa.com.ar/Sitio/posts/la-agenda-de-la-afa,,2026-10-09T18:15:50,Argentina,
ea14c520a4eb6c66,ESPN,Colombia - Liga BetPlay,2026-11-04,19:00,Deportivo Pasto,Jaguares de Córdoba,Departamental Libertad,,,codigo_espn=401877896; status=Scheduled,2026-10-09T19:09:49,Colombia,Pasto
19729525a3650581,campeonatochileno.cl,Copa Chile Coca-Cola Zero Azúcar,2026-11-04,19:00,Coquimbo Unido,Unión La Calera,Estadio Municipal Francisco Sánchez Rumoroso,,https://www.campeonatochileno.cl/ligas/copa-chile-coca-cola-zero-azucar/,,2026-10-09T18:12:25,,
49508c26e2017298,CBF,Brasil - Série A,2026-11-04,19:30,Athletico (PR),Vasco da Gama (RJ),Arena da Baixada,Rodada 34,https://stcbfsiteprdimgbrs.blob.core.windows.net/img-site/cdn/Tabela_Detalhada_BSA_2026_09_10_e4440cfd8e.pdf,pais=Brasil; cidade=Curitiba,2026-10-10T09:45:06,,Curitiba
f1555899c725326b,CBF,Brasil - Série A,2026-11-04,19:30,Flamengo (RJ),Grêmio (RS),Maracanã,Rodada 34,https://stcbfsiteprdimgbrs.blob.core.windows.net/img-site/cdn/Tabela_Detalhada_BSA_2026_09_10_e4440cfd8e.pdf,pais=Brasil; cidade=Rio de Janeiro,2026-10-10T09:45:06,,Rio de Janeiro
9f355e76ed8e349c,ESPN,Peru - Liga 1,2026-11-04,20:30,Universitario,Sport Boys,Estadio Monumental de Lima,,,codigo_espn=401886151; status=Scheduled,2026-10-09T21:00:56,Peru,Lima
b2d294d62183e846,CBF,Brasil - Série A,2026-11-04,21:30,Botafogo (RJ),Atlético (MG),Nilton Santos,Rodada 34,https://stcbfsiteprdimgbrs.blob.core.windows.net/img-site/cdn/Tabela_Detalhada_BSA_2026_09_10_e4440cfd8e.pdf,pais=Brasil; cidade=Rio de Janeiro,2026-10-10T09:45:06,,Rio de Janeiro
a75fbb86e028636f,CBF,Brasil - Série A,2026-11-04,21:30,São Paulo (SP),Corinthians (SP),A definir,Rodada 34,https://stcbfsiteprdimgbrs.blob.core.windows.net/img-site/cdn/Tabela_Detalhada_BSA_2026_09_10_e4440cfd8e.pdf,pais=Brasil,2026-10-10T09:45:06,,
f3b7485c5653cb48,AFA,Argentina - Torneo Clausura,2026-11-05,15:00,Atlético Tucumán,Instituto (Zona A),José Salmoiraghi,,https://www.afa.com.ar/Sitio/posts/la-agenda-de-la-afa,,2026-10-09T18:15:50,Argentina,
c475ece7d83869aa,AFA,Argentina - Torneo Clausura,2026-11-05,15:00,Belgrano,Platense (Zona B),Predio,,https://www.afa.com.ar/Sitio/posts/la-agenda-de-la-afa,,2026-10-09T18:15:50,Argentina,
68cd89b3f2697ace,AFA,Argentina - Torneo Clausura,2026-11-05,15:00,Defensa y Justicia,Boca (Zona B),Campeones Del Mundo,,https://www.afa.com.ar/Sitio/posts/la-agenda-de-la-afa,,2026-10-09T18:15:50,Argentina,
5822a80339c5fb57,AFA,Argentina - Torneo Clausura,2026-11-05,15:00,Estudiantes (Río Cuarto),Ferro (Zona B),Ciudad Deportiva,,https://www.afa.com.ar/Sitio/posts/la-agenda-de-la-afa,,2026-10-09T18:15:50,Argentina,
b21dc9d4b4a63215,AFA,Argentina - Torneo Clausura,2026-11-05,15:00,Huracán,Colón (Zona B),La Quemita,,https://www.afa.com.ar/Sitio/posts/la-agenda-de-la-afa,,2026-10-09T18:15:50,Argentina,
f8561042e31f2494,AFA,Argentina - Torneo Clausura,2026-11-05,15:00,Racing,Rosario Central (Zona A),Tita Mattiussi,,https://www.afa.com.ar/Sitio/posts/la-agenda-de-la-afa,,2026-10-09T18:15:50,Argentina,
38e9fb2dc0bf3a42,CBF,Brasil - Série A,2026-11-05,19:30,Palmeiras (SP),Remo (PA),Nubank Parque,Rodada 34,https://stcbfsiteprdimgbrs.blob.core.windows.net/img-site/cdn/Tabela_Detalhada_BSA_2026_09_10_e4440cfd8e.pdf,pais=Brasil; cidade=São Paulo,2026-10-10T09:45:06,,São Paulo
a48d86b3a3759c1d,CBF,Brasil - Série A,2026-11-05,21:30,Cruzeiro (MG),Bahia (BA),Mineirão,Rodada 34,https://stcbfsiteprdimgbrs.blob.core.windows.net/img-site/cdn/Tabela_Detalhada_BSA_2026_09_10_e4440cfd8e.pdf,pais=Brasil; cidade=Belo Horizonte,2026-10-10T09:45:06,,Belo Horizonte
e859ea5c71bb1539,CBF,Brasil - Série B,2026-11-06,19:30,Botafogo (SP),Londrina (PR),Santa Cruz,Rodada 37,https://stcbfsiteprdimgbrs.blob.core.windows.net/img-site/cdn/Tabela_Detalhada_Brasileiro_Serie_B_2026_09_10_25ec926739.pdf,pais=Brasil; cidade=Ribeirão Preto,2026-10-10T09:45:06,,Ribeirão Preto
732a15db8841f6b1,CBF,Brasil - Série B,2026-11-06,19:30,Operário (PR),Sport (PE),Germano Kruger,Rodada 37,https://stcbfsiteprdimgbrs.blob.core.windows.net/img-site/cdn/Tabela_Detalhada_Brasileiro_Serie_B_2026_09_10_25ec926739.pdf,pais=Brasil; cidade=Ponta Grossa,2026-10-10T09:45:06,,Ponta Grossa
2258a0deb71fb18a,CBF,Brasil - Série A,2026-11-06,20:00,Vitória (BA),Fluminense (RJ),Barradão,Rodada 34,https://stcbfsiteprdimgbrs.blob.core.windows.net/img-site/cdn/Tabela_Detalhada_BSA_2026_09_10_e4440cfd8e.pdf,pais=Brasil; cidade=Salvador,2026-10-10T09:45:06,,Salvador
3554922bba4662d4,ESPN,Colombia - Liga BetPlay,2026-11-06,20:00,Fortaleza CEIF,Independiente Medellín,Metropolitano de Techo,,,codigo_espn=401877916; status=Scheduled,2026-10-09T19:09:49,Colombia,Bogota
dc27744c2ccde3c4,CBF,Brasil - Série B,2026-11-06,20:30,Vila Nova (GO),Criciúma (SC),Onésio B. Alvarenga,Rodada 37,https://stcbfsiteprdimgbrs.blob.core.windows.net/img-site/cdn/Tabela_Detalhada_Brasileiro_Serie_B_2026_09_10_25ec926739.pdf,pais=Brasil; cidade=Goiânia,2026-10-10T09:45:06,,Goiânia
d62e5ada8b508398,CBF,Brasil - Série B,2026-11-06,21:30,Cuiabá (MT),Juventude (RS),Arena Pantanal,Rodada 37,https://stcbfsiteprdimgbrs.blob.core.windows.net/img-site/cdn/Tabela_Detalhada_Brasileiro_Serie_B_2026_09_10_25ec926739.pdf,pais=Brasil; cidade=Cuiabá,2026-10-10T09:45:06,,Cuiabá
36d400195c30fefd,FMF,Brasil - FMF - 2ª Divisão - 2026,2026-11-07,09:00,NOVO E.C. ITABIRINHA,UBERLANDIA S.A.F,"Jose Mammoud Abbas ""Mamudão""",RODADA 5,https://www.fmf.com.br/Competicoes/ProxJogos.aspx?d=41,pais=Brasil; estado=Minas Gerais; codigo_fmf=41; placar_original=X; jogo_numero=50; cidade=Governador Valadares,2026-09-28T20:17:21,Brasil,Governador Valadares
154c6344ede019e2,FMF,Brasil - FMF - 2ª Divisão - 2026,2026-11-07,09:00,SERRANENSE,POUSO ALEGRE SAF,Estádio Alexandre Floreal Rocha Tolentino - Bela Vista,RODADA 5,https://www.fmf.com.br/Competicoes/ProxJogos.aspx?d=41,pais=Brasil; estado=Minas Gerais; codigo_fmf=41; placar_original=X; jogo_numero=51; cidade=Claudio,2026-09-28T20:17:21,Brasil,Claudio
0fd39aa146dd3f14,FMF,Brasil - FMF - 2ª Divisão - 2026,2026-11-07,09:00,VILLA NOVA,SC AYMORES,CT do Villa Nova - Campo 3 José Perácio Berjun,RODADA 5,https://www.fmf.com.br/Competicoes/ProxJogos.aspx?d=41,pais=Brasil; estado=Minas Gerais; codigo_fmf=41; placar_original=X; jogo_numero=49; cidade=Nova Lima,2026-09-28T20:17:21,Brasil,Nova Lima
d5e5dae28e0f793e,FMF,Brasil - FMF - 2ª Divisão - 2026,2026-11-07,09:00,VILLA NOVA,NOVO E.C. ITABIRINHA,"Castor Cifuentes ""Alçapão do Bonfim""",RODADA 6,https://www.fmf.com.br/Competicoes/ProxJogos.aspx?d=12,pais=Brasil; estado=Minas Gerais; codigo_fmf=12; placar_original=X; jogo_numero=121; cidade=Nova Lima,2026-09-14T18:42:15,Brasil,Nova Lima
5d9c4ef99dde616b,FGF,Brasil - FGF - Campeonato Goiano Feminino Adulto / 2026,2026-11-07,10:00,Anapolina S.a.f.,Planalto Esporte Clube,CT Anapolina,4ª Rodada,https://www.fgf.esp.br/pt/competicoes/jogo.php?id=1816&jogo=57469,status=Programado; pais=Brasil; estado=Goiás; fonte=api_ajax,2026-10-09T18:00:23,Brasil,
42779c92dd453eae,FMF,Brasil - FMF - 2ª Divisão - 2026,2026-11-07,10:30,NOVO E.C. ITABIRINHA,UBERLANDIA S.A.F,"Jose Mammoud Abbas ""Mamudão""",RODADA 5,https://www.fmf.com.br/Competicoes/ProxJogos.aspx?d=42,pais=Brasil; estado=Minas Gerais; codigo_fmf=42; placar_original=X; jogo_numero=50; cidade=Governador Valadares,2026-09-28T20:17:21,Brasil,Governador Valadares
65f45761e508a004,FMF,Brasil - FMF - 2ª Divisão - 2026,2026-11-07,10:30,SERRANENSE,POUSO ALEGRE SAF,Estádio Alexandre Floreal Rocha Tolentino - Bela Vista,RODADA 5,https://www.fmf.com.br/Competicoes/ProxJogos.aspx?d=42,pais=Brasil; estado=Minas Gerais; codigo_fmf=42; placar_original=X; jogo_numero=51; cidade=Claudio,2026-09-28T20:17:21,Brasil,Claudio
fac88bfe22b671ac,FMF,Brasil - FMF - 2ª Divisão - 2026,2026-11-07,10:30,VILLA NOVA,SC AYMORES,CT do Villa Nova - Campo 3 José Perácio Berjun,RODADA 5,https://www.fmf.com.br/Competicoes/ProxJogos.aspx?d=42,pais=Brasil; estado=Minas Gerais; codigo_fmf=42; placar_original=X; jogo_numero=49; cidade=Nova Lima,2026-09-28T20:17:21,Brasil,Nova Lima
ffd4dacf75f3a6fc,FMF,Brasil - FMF - SUB 15 - 2ª Divisão - 2026,2026-11-07,11:00,VILLA NOVA,NOVO E.C. ITABIRINHA,"Castor Cifuentes ""Alçapão do Bonfim""",RODADA 6,https://www.fmf.com.br/Competicoes/ProxJogos.aspx?d=13,pais=Brasil; estado=Minas Gerais; codigo_fmf=13; placar_original=X; jogo_numero=121; cidade=Nova Lima,2026-09-28T20:17:21,Brasil,Nova Lima
79034eca1e33ed97,FMF,Brasil - FMF - 2ª Divisão - 2026,2026-11-07,14:00,MINAS BOCA,UBERLANDIA S.A.F,Estádio Bela Vista F.C.,RODADA 6,https://www.fmf.com.br/Competicoes/ProxJogos.aspx?d=12,pais=Brasil; estado=Minas Gerais; codigo_fmf=12; placar_original=X; jogo_numero=123; cidade=Sete Lagoas,2026-09-14T18:42:15,Brasil,Sete Lagoas
9abba3db2184ceb5,ESPN,Colombia - Liga BetPlay,2026-11-07,14:00,Once Caldas,Águilas Doradas,Palogrande,,,codigo_espn=401877771; status=Scheduled,2026-10-09T19:09:49,Colombia,Manizales
08f932bb775e42e1,FPF,Brasil - FPF - Taça Paulistana Petrobras (Amador),2026-11-07,15:00,Realidade Jovem,Mauaense,Estádio Benedito Teixeira,Rodada 9,https://www.futebolpaulista.com.br/Competicoes/Tabela.aspx,status=Programado; pais=Brasil; estado=São Paulo; fonte=api_ashx; jogo_numero=25; grupo=01; fase=PRIMEIRA FASE; canais=YouTube Paulistão; suspencao=LIBERADO,2026-10-09T18:57:44,Brasil,São José do Rio Preto
8539d9a3a4cf8a11,FPF,Brasil - FPF - Taça Paulistana Petrobras (Amador),2026-11-07,15:00,Sociedade Esportiva Lemense,AD Centro Olimpico,Estádio Municipal Bruno Lazzarini,Rodada 9,https://www.futebolpaulista.com.br/Competicoes/Tabela.aspx,status=Programado; pais=Brasil; estado=São Paulo; fonte=api_ashx; jogo_numero=26; grupo=01; fase=PRIMEIRA FASE; canais=YouTube Paulistão; suspencao=LIBERADO,2026-10-09T18:57:44,Brasil,Leme
be5cdd66a9023045,FPF,Brasil - FPF - Taça Paulistana Petrobras (Amador),2026-11-07,15:00,São Bento,São José EC SAF,Estádio Municipal Walter Ribeiro,Rodada 9,https://www.futebolpaulista.com.br/Competicoes/Tabela.aspx,status=Programado; pais=Brasil; estado=São Paulo; fonte=api_ashx; jogo_numero=27; grupo=01; fase=PRIMEIRA FASE; canais=YouTube Paulistão; suspencao=LIBERADO,2026-10-09T18:57:44,Brasil,Sorocaba
028cb7b015c8df2e,ESPN,Peru - Liga 1,2026-11-07,15:00,ADT,Sporting Cristal,Estadio Unión Tarma,,,codigo_espn=401886141; status=Scheduled,2026-10-09T21:00:56,Peru,Tarma
48ce64800a11c452,ESPN,Peru - Liga 1,2026-11-07,15:00,Atlético Grau,Cusco FC,Estadio Campeones del '36,,,codigo_espn=401886145; status=Scheduled,2026-10-09T21:00:56,Peru,Sullana
e3bc0e3823da0c04,ESPN,Peru - Liga 1,2026-11-07,15:00,Cienciano del Cusco,Sport Huancayo,Estadio Inca Garcilaso de la Vega,,,codigo_espn=401886142; status=Scheduled,2026-10-09T21:00:56,Peru,Cusco
d4b7e2932a2ed23f,ESPN,Peru - Liga 1,2026-11-07,15:00,Deportivo Garcilaso,Comerciantes Unidos,Estadio Inca Garcilaso de la Vega,,,codigo_espn=401886139; status=Scheduled,2026-10-09T21:00:56,Peru,Cusco
1bb4c352f836e4ed,ESPN,Peru - Liga 1,2026-11-07,15:00,FC Cajamarca,Alianza Atlético,Estadio Héroes de San Ramón,,,codigo_espn=401886143; status=Scheduled,2026-10-09T21:00:56,Peru,Cajamarca
84b1ed673a57a78d,ESPN,Peru - Liga 1,2026-11-07,15:00,Los Chankas,Alianza Lima,Estadio Los Chankas,,,codigo_espn=401886122; status=Scheduled,2026-10-09T21:00:56,Peru,Apurímac
36a0aa8a55a5cc86,ESPN,Peru - Liga 1,2026-11-07,15:00,Melgar,Juan Pablo II,Estadio Monumental de la UNSA,,,codigo_espn=401886144; status=Scheduled,2026-10-09T21:00:56,Peru,Arequipa
5428aa7bcc2ec7df,ESPN,Peru - Liga 1,2026-11-07,15:00,Sport Boys,UTC,Estadio Miguel Grau del Callao,,,codigo_espn=401886123; status=Scheduled,2026-10-09T21:00:56,Peru,Callao
359cfd3f8fe12aa3,ESPN,Peru - Liga 1,2026-11-07,15:00,Universitario,Deportivo Moquegua,Estadio Monumental de Lima,,,codigo_espn=401886140; status=Scheduled,2026-10-09T21:00:56,Peru,Lima
9de53f094548ad59,FGF,Brasil - FGF - Campeonato Goiano Feminino Adulto / 2026,2026-11-07,15:30,Aliança,Flugoiania,CT Buriti Sereno,4ª Rodada,https://www.fgf.esp.br/pt/competicoes/jogo.php?id=1816&jogo=57470,status=Programado; pais=Brasil; estado=Goiás; fonte=api_ajax,2026-10-09T18:00:23,Brasil,
67d184bd34065c09,FGF,Brasil - FGF - Campeonato Goiano de Profissionais da 3ª Divisão / 2026,2026-11-07,15:30,Itumbiara,Associacao Atletica Rioverdense,Anibal Batista de Toledo,5ª Rodada,https://www.fgf.esp.br/pt/competicoes/jogo.php?id=1830&jogo=58152,status=Programado; pais=Brasil; estado=Goiás; fonte=api_ajax,2026-10-09T18:00:23,Brasil,
9af776d5b7f5e715,FGF,Brasil - FGF - Campeonato Goiano de Profissionais da 3ª Divisão / 2026,2026-11-07,15:30,Real Clube,América,Jk,5ª Rodada,https://www.fgf.esp.br/pt/competicoes/jogo.php?id=1830&jogo=58153,status=Programado; pais=Brasil; estado=Goiás; fonte=api_ajax,2026-10-09T18:00:23,Brasil,
dfde7e0aa24b6bd0,FGF,Brasil - FGF - Campeonato Goiano de Profissionais da 3ª Divisão / 2026,2026-11-07,16:00,Itumbiara,Associacao Atletica Rioverdense,Anibal Batista de Toledo,5ª Rodada,https://www.fgf.esp.br/pt/competicoes/jogo.php?id=1830&jogo=58152,status=Programado; pais=Brasil; estado=Goiás; fonte=api_ajax,2026-09-25T16:32:13,Brasil,
d583cb5059f000c2,FMF,Brasil - FMF - SUB 15 - 2ª Divisão - 2026,2026-11-07,16:00,MINAS BOCA,UBERLANDIA S.A.F,Estádio Bela Vista F.C.,RODADA 6,https://www.fmf.com.br/Competicoes/ProxJogos.aspx?d=13,pais=Brasil; estado=Minas Gerais; codigo_fmf=13; placar_original=X; jogo_numero=123; cidade=Sete Lagoas,2026-09-28T20:17:21,Brasil,Sete Lagoas
0dee938d7591969d,CBF,Brasil - Série B,2026-11-07,16:00,Avaí (SC),São Bernardo FC (SP),Ressacada,Rodada 37,https://stcbfsiteprdimgbrs.blob.core.windows.net/img-site/cdn/Tabela_Detalhada_Brasileiro_Serie_B_2026_09_10_25ec926739.pdf,pais=Brasil; cidade=Florianópolis,2026-10-10T09:45:06,,Florianópolis
a0455d155213d269,ESPN,Colombia - Liga BetPlay,2026-11-07,16:05,Deportes Tolima,Millonarios,Estadio Manuel Murillo Toro,,,codigo_espn=401878070; status=Scheduled,2026-10-09T19:09:49,Colombia,Ibague
8e793dc66fcf1854,CBF,Brasil - Série B,2026-11-07,16:10,Novorizontino (SP),Fortaleza (CE),Jorge Ismael de Biasi,Rodada 37,https://stcbfsiteprdimgbrs.blob.core.windows.net/img-site/cdn/Tabela_Detalhada_Brasileiro_Serie_B_2026_09_10_25ec926739.pdf,pais=Brasil; cidade=Novo Horizonte,2026-10-10T09:45:06,,Novo Horizonte
4df0c2ccd6d10b9d,CBF,Brasil - Copa do Brasil,2026-11-07,18:00,Atlético (MG),Grêmio (RS),Arena MRV,Volta,https://stcbfsiteprdimgbrs.blob.core.windows.net/img-site/cdn/Tabela_Detalhada_Copa_do_Brasil_2026_07_10_0c40ca55b3.pdf,pais=Brasil; cidade=Belo Horizonte,2026-10-10T09:45:06,,Belo Horizonte
0a78c6c2ce269345,ESPN,Colombia - Liga BetPlay,2026-11-07,18:10,Atlético Nacional,Deportivo Pereira,Atanasio Girardot,,,codigo_espn=401878041; status=Scheduled,2026-10-09T19:09:49,Colombia,Medellin
691a4b9021a06e70,ESPN,Colombia - Liga BetPlay,2026-11-07,20:15,América de Cali,Deportivo Cali,Pascual Guerrero,,,codigo_espn=401877908; status=Scheduled,2026-10-09T19:09:49,Colombia,Cali
5e914a5a7f13fc61,CBF,Brasil - Série B,2026-11-07,21:30,Náutico (PE),CRB (AL),Aflitos,Rodada 37,https://stcbfsiteprdimgbrs.blob.core.windows.net/img-site/cdn/Tabela_Detalhada_Brasileiro_Serie_B_2026_09_10_25ec926739.pdf,pais=Brasil; cidade=Recife,2026-10-10T09:45:06,,Recife
9125f147ff831820,FMF,Brasil - FMF - 2ª Divisão - 2026,2026-11-08,08:30,GUARANI,INTER SAO GOTARDO,Arena SICOOB DIVICRED,RODADA 6,https://www.fmf.com.br/Competicoes/ProxJogos.aspx?d=12,pais=Brasil; estado=Minas Gerais; codigo_fmf=12; placar_original=X; jogo_numero=124; cidade=Divinopolis,2026-09-14T18:42:15,Brasil,Divinopolis
76fdc84456500a73,FMF,Brasil - FMF - 2ª Divisão - 2026,2026-11-08,09:00,NACIONAL VRB,FUNORTE,Estádio Joseph Lambert,RODADA 6,https://www.fmf.com.br/Competicoes/ProxJogos.aspx?d=12,pais=Brasil; estado=Minas Gerais; codigo_fmf=12; placar_original=X; jogo_numero=122; cidade=Visconde do Rio Branco,2026-09-07T18:23:22,Brasil,Visconde do Rio Branco
b914c747b8f30813,FMF,Brasil - FMF - SUB 15 - 2ª Divisão - 2026,2026-11-08,10:30,GUARANI,INTER SAO GOTARDO,Arena SICOOB DIVICRED,RODADA 6,https://www.fmf.com.br/Competicoes/ProxJogos.aspx?d=13,pais=Brasil; estado=Minas Gerais; codigo_fmf=13; placar_original=X; jogo_numero=124; cidade=Divinopolis,2026-09-28T20:17:21,Brasil,Divinopolis
ff6d60ddf7e2421a,campeonatochileno.cl,Campeonato Nacional Juvenil Femenino Clausura,2026-11-08,12:00,Cobreloa Juvenil Fem,Deportes Antofagasta Juvenil Fem,,Fecha 15,https://www.campeonatochileno.cl/ligas/campeonato-nacional-juvenil-femenino-clausura/,,2026-07-14T13:55:28,,
d872f57091139f23,ESPN,Colombia - Liga BetPlay,2026-11-08,14:00,Boyacá Chicó FC,Internacional de Bogotá,La Independencia,,,codigo_espn=401878064; status=Scheduled,2026-10-09T19:09:49,Colombia,Tunja
1c721161e380708e,FMF,Brasil - FMF - 2ª Divisão - 2026,2026-11-08,15:00,NACIONAL VRB,FUNORTE,Estádio Joseph Lambert,RODADA 6,https://www.fmf.com.br/Competicoes/ProxJogos.aspx?d=12,pais=Brasil; estado=Minas Gerais; codigo_fmf=12; placar_original=X; jogo_numero=122; cidade=Visconde do Rio Branco,2026-09-14T18:42:15,Brasil,Visconde do Rio Branco
ac0e5d4f08e0479a,ESPN,Ecuador - LigaPro Serie A,2026-11-08,15:00,Aucas,Independiente del Valle,,,,codigo_espn=401921323; status=Scheduled,2026-10-09T20:23:29,Ecuador,
29963cb0a827aca4,ESPN,Ecuador - LigaPro Serie A,2026-11-08,15:00,Barcelona SC,Liga de Quito,,,,codigo_espn=401921321; status=Scheduled,2026-10-09T20:23:29,Ecuador,
9d3c008aad583416,ESPN,Ecuador - LigaPro Serie A,2026-11-08,15:00,Deportivo Cuenca,Orense,,,,codigo_espn=401921369; status=Scheduled,2026-10-09T20:23:29,Ecuador,
8ed4dcdfd7d3f0aa,ESPN,Ecuador - LigaPro Serie A,2026-11-08,15:00,Leones,Guayaquil City FC,,,,codigo_espn=401921366; status=Scheduled,2026-10-09T20:23:29,Ecuador,
f84c0455bbf3aa37,ESPN,Ecuador - LigaPro Serie A,2026-11-08,15:00,Libertad (Ecuador),Emelec,,,,codigo_espn=401921365; status=Scheduled,2026-10-09T20:23:29,Ecuador,
a539caa19a1059d7,ESPN,Ecuador - LigaPro Serie A,2026-11-08,15:00,Macará,Universidad Católica (Quito),,,,codigo_espn=401921322; status=Scheduled,2026-10-09T20:23:29,Ecuador,
f1fb814e306e468f,ESPN,Ecuador - LigaPro Serie A,2026-11-08,15:00,Mushuc Runa,Delfín,,,,codigo_espn=401921368; status=Scheduled,2026-10-09T20:23:29,Ecuador,
53eae5a48f996c2e,ESPN,Ecuador - LigaPro Serie A,2026-11-08,15:00,Técnico Universitario,Manta F.C.,,,,codigo_espn=401921367; status=Scheduled,2026-10-09T20:23:29,Ecuador,
4bde1e945afe8ee2,FGF,Brasil - FGF - Campeonato Goiano de Profissionais da 3ª Divisão / 2026,2026-11-08,15:30,Atlético Itumbiara,Royal,Jk,5ª Rodada,https://www.fgf.esp.br/pt/competicoes/jogo.php?id=1830&jogo=58151,status=Programado; pais=Brasil; estado=Goiás; fonte=api_ajax,2026-10-09T18:00:23,Brasil,
5a4154ff09996d05,ESPN,Colombia - Liga BetPlay,2026-11-08,15:30,Atlético Bucaramanga,Fortaleza CEIF,Estadio Alfonso López,,,codigo_espn=401877917; status=Scheduled,2026-10-09T19:09:49,Colombia,Bucaramanga
a511aa7c3dea2cc1,ESPN,Colombia - Liga BetPlay,2026-11-08,15:30,Atlético Nacional,Once Caldas,Atanasio Girardot,,,codigo_espn=401878029; status=Scheduled,2026-10-09T19:09:49,Colombia,Medellin
8cbb8bb645b8dfa2,ESPN,Colombia - Liga BetPlay,2026-11-08,15:30,Cúcuta Deportivo,Jaguares de Córdoba,General Santander,,,codigo_espn=401878043; status=Scheduled,2026-10-09T19:09:49,Colombia,Cúcuta
faff4e1d4e703354,ESPN,Colombia - Liga BetPlay,2026-11-08,15:30,Deportivo Cali,Deportes Tolima,Deportivo Cali,,,codigo_espn=401877893; status=Scheduled,2026-10-09T19:09:49,Colombia,Cali
4a1f47f653a35f64,ESPN,Colombia - Liga BetPlay,2026-11-08,15:30,Deportivo Pasto,Atlético Junior,Departamental Libertad,,,codigo_espn=401878034; status=Scheduled,2026-10-09T19:09:49,Colombia,Pasto
6b42de019aad3370,ESPN,Colombia - Liga BetPlay,2026-11-08,15:30,Internacional de Bogotá,Independiente Santa Fe,Metropolitano de Techo,,,codigo_espn=401877838; status=Scheduled,2026-10-09T19:09:49,Colombia,Bogota
632208e55578ebf2,ESPN,Colombia - Liga BetPlay,2026-11-08,15:30,Llaneros FC,Boyacá Chicó FC,Estadio Bello Horizonte - Rey Pele,,,codigo_espn=401877890; status=Scheduled,2026-10-09T19:09:49,Colombia,Villavicencio
561e35a3faaef345,ESPN,Colombia - Liga BetPlay,2026-11-08,15:30,Millonarios,Alianza FC,,,,codigo_espn=401878024; status=Scheduled,2026-10-09T19:09:49,Colombia,
bb79cb3fd5259b78,ESPN,Colombia - Liga BetPlay,2026-11-08,15:30,Águilas Doradas,Independiente Medellín,Estadio Cincuentenario,,,codigo_espn=401877770; status=Scheduled,2026-10-09T19:09:49,Colombia,Medellin
ccae64dd9b5fdc2e,CBF,Brasil - Série B,2026-11-08,16:00,Athletic (MG),Atlético (GO),Arena Sicredi,Rodada 37,https://stcbfsiteprdimgbrs.blob.core.windows.net/img-site/cdn/Tabela_Detalhada_Brasileiro_Serie_B_2026_09_10_25ec926739.pdf,pais=Brasil; cidade=São João Del Rei,2026-10-10T09:45:06,,São João Del Rei
d6c2be1b7496bcbd,ESPN,Colombia - Liga BetPlay,2026-11-08,16:05,Jaguares de Córdoba,Atlético Bucaramanga,Estadio Jaraguay (Municipal de Montería),,,codigo_espn=401878067; status=Scheduled,2026-10-09T19:09:49,Colombia,Montería
a0da7fcae95dfd81,CBF,Brasil - Copa do Brasil,2026-11-08,17:00,Vasco da Gama (RJ),Palmeiras (SP),São Januário,Volta,https://stcbfsiteprdimgbrs.blob.core.windows.net/img-site/cdn/Tabela_Detalhada_Copa_do_Brasil_2026_07_10_0c40ca55b3.pdf,pais=Brasil; cidade=Rio de Janeiro,2026-10-10T09:45:06,,Rio de Janeiro
e4db7339a4952145,FMF,Brasil - FMF - SUB 15 - 2ª Divisão - 2026,2026-11-08,17:00,NACIONAL VRB,FUNORTE,Estádio Joseph Lambert,RODADA 6,https://www.fmf.com.br/Competicoes/ProxJogos.aspx?d=13,pais=Brasil; estado=Minas Gerais; codigo_fmf=13; placar_original=X; jogo_numero=122; cidade=Visconde do Rio Branco,2026-09-28T20:17:21,Brasil,Visconde do Rio Branco
5271094a08d908f8,ESPN,Colombia - Liga BetPlay,2026-11-08,18:10,Atlético Junior,Cúcuta Deportivo,Romelio Martínez,,,codigo_espn=401877901; status=Scheduled,2026-10-09T19:09:49,Colombia,Barranquilla
f506488a453211e2,CBF,Brasil - Série B,2026-11-08,19:15,Ceará (CE),América (MG),Arena Castelão,Rodada 37,https://stcbfsiteprdimgbrs.blob.core.windows.net/img-site/cdn/Tabela_Detalhada_Brasileiro_Serie_B_2026_09_10_25ec926739.pdf,pais=Brasil; cidade=Fortaleza,2026-10-10T09:45:06,,Fortaleza
1876abbe62e72703,CBF,Brasil - Série B,2026-11-08,19:15,Goiás (GO),Ponte Preta (SP),Hailé Pinheiro,Rodada 37,https://stcbfsiteprdimgbrs.blob.core.windows.net/img-site/cdn/Tabela_Detalhada_Brasileiro_Serie_B_2026_09_10_25ec926739.pdf,pais=Brasil; cidade=Goiânia,2026-10-10T09:45:06,,Goiânia
bd31b5ad0452934e,ESPN,Colombia - Liga BetPlay,2026-11-08,20:15,Alianza FC,Llaneros FC,Armando Maestre Pavajeau,,,codigo_espn=401878031; status=Scheduled,2026-10-09T19:09:49,Colombia,Valledupar
747cf9080cfa32fd,campeonatochileno.cl,Campeonato Nacional Juvenil Femenino Clausura,2026-11-09,13:00,Deportes Iquique Juvenil Fem,San Marcos de Arica Juvenil Fem,,Fecha 15,https://www.campeonatochileno.cl/ligas/campeonato-nacional-juvenil-femenino-clausura/,,2026-07-13T14:46:09,,
c8564d13122eaf19,ESPN,Colombia - Liga BetPlay,2026-11-09,19:30,Independiente Santa Fe,Deportivo Pasto,Estadio Nemesio Camacho El Campín,,,codigo_espn=401877958; status=Scheduled,2026-10-09T19:09:49,Colombia,Bogota
47b86c3ef2bd3b6a,campeonatochileno.cl,Campeonato Nacional Juvenil Femenino Clausura,2026-11-09,1:00,Deportes Iquique Juvenil Fem,San Marcos de Arica Juvenil Fem,,Fecha 15,https://www.campeonatochileno.cl/ligas/campeonato-nacional-juvenil-femenino-clausura/,,2026-07-14T13:55:28,,
9df15e8292506d58,AFA,Argentina - Torneo Clausura,2026-11-10,15:00,Atlético Tucumán,Unión (Zona A),José Salmoiraghi,,https://www.afa.com.ar/Sitio/posts/la-agenda-de-la-afa,,2026-10-09T18:15:50,Argentina,
c4a1101a77f49f56,AFA,Argentina - Torneo Clausura,2026-11-10,15:00,Estudiantes,San Martín (SJ) (Zona B),City Bell,,https://www.afa.com.ar/Sitio/posts/la-agenda-de-la-afa,,2026-10-09T18:15:50,Argentina,
782fae6c7ec5525b,AFA,Argentina - Torneo Clausura,2026-11-10,15:00,Gimnasia (Mza.),Aldosivi (Zona A),Víctor Legrotaglie,,https://www.afa.com.ar/Sitio/posts/la-agenda-de-la-afa,,2026-10-09T18:15:50,Argentina,
23cbf3f31916f723,AFA,Argentina - Torneo Clausura,2026-11-10,15:00,Quilmes,Ind. Rivadavia Mza. (Zona B),Predio,,https://www.afa.com.ar/Sitio/posts/la-agenda-de-la-afa,,2026-10-09T18:15:50,Argentina,
fab57ff523cd4db2,AFA,Argentina - Torneo Clausura,2026-11-10,15:00,Tigre,Vélez (Zona A),Predio,,https://www.afa.com.ar/Sitio/posts/la-agenda-de-la-afa,,2026-10-09T18:15:50,Argentina,
fe6f738a1dab00b3,AFA,Argentina - Torneo Clausura,2026-11-10,17:00,Talleres,Sarmiento (Zona A),La Boutique,,https://www.afa.com.ar/Sitio/posts/la-agenda-de-la-afa,,2026-10-09T18:15:50,Argentina,
18dbca8867180ca1,AFA,Argentina - Torneo Clausura,2026-11-11,15:00,Atlético de Rafaela,Belgrano (Zona B),Predio,,https://www.afa.com.ar/Sitio/posts/la-agenda-de-la-afa,,2026-10-09T18:15:50,Argentina,
8a7cbc46f87419a5,AFA,Argentina - Torneo Clausura,2026-11-11,15:00,Banfield,Racing (Zona A),Predio,,https://www.afa.com.ar/Sitio/posts/la-agenda-de-la-afa,,2026-10-09T18:15:50,Argentina,
73f83819325fda81,AFA,Argentina - Torneo Clausura,2026-11-11,15:00,Ferro,Defensa y Justicia (Zona B),Pontevedra,,https://www.afa.com.ar/Sitio/posts/la-agenda-de-la-afa,,2026-10-09T18:15:50,Argentina,
00e5e6d71f99ad8a,AFA,Argentina - Torneo Clausura,2026-11-11,15:00,Independiente,Lanús (Zona B),Villa Domínico,,https://www.afa.com.ar/Sitio/posts/la-agenda-de-la-afa,,2026-10-09T18:15:50,Argentina,
0c8195806240b91d,AFA,Argentina - Torneo Clausura,2026-11-11,15:00,Instituto,San Lorenzo (Zona A),La Agustina,,https://www.afa.com.ar/Sitio/posts/la-agenda-de-la-afa,,2026-10-09T18:15:50,Argentina,
19e65a971df01128,AFA,Argentina - Torneo Clausura,2026-11-11,15:00,Platense,Deportivo Riestra (Zona B),Predio,,https://www.afa.com.ar/Sitio/posts/la-agenda-de-la-afa,,2026-10-09T18:15:50,Argentina,
e3370215b649b2ce,AFA,Argentina - Torneo Clausura,2026-11-12,15:00,Barracas Central,Argentinos (Zona A),AEFIP,,https://www.afa.com.ar/Sitio/posts/la-agenda-de-la-afa,,2026-10-09T18:15:50,Argentina,
30115839120c11f8,AFA,Argentina - Torneo Clausura,2026-11-12,15:00,Colón,Central Córdoba (Zona B),Predio,,https://www.afa.com.ar/Sitio/posts/la-agenda-de-la-afa,,2026-10-09T18:15:50,Argentina,
5db386628f6e1303,AFA,Argentina - Torneo Clausura,2026-11-12,15:00,Godoy Cruz,Gimnasia (Zona A),Coquimbito,,https://www.afa.com.ar/Sitio/posts/la-agenda-de-la-afa,,2026-10-09T18:15:50,Argentina,
a8962e93bc3be6c6,AFA,Argentina - Torneo Clausura,2026-11-12,15:00,Huracán,Estudiantes (Río Cuarto) (Zona B),La Quemita,,https://www.afa.com.ar/Sitio/posts/la-agenda-de-la-afa,,2026-10-09T18:15:50,Argentina,
ffec0afbde4374ad,AFA,Argentina - Torneo Clausura,2026-11-12,19:00,Boca,Newell’s (Zona B),Boca Predio,,https://www.afa.com.ar/Sitio/posts/la-agenda-de-la-afa,,2026-10-09T18:15:50,Argentina,
16fdad042b85a280,CBF,Brasil - Série B,2026-11-14,,(sáb) 16:30 Ponte Preta (SP),Operário (PR),Moisés Lucarelli,Rodada 38,https://stcbfsiteprdimgbrs.blob.core.windows.net/img-site/cdn/Tabela_Detalhada_Brasileiro_Serie_B_2026_09_10_25ec926739.pdf,pais=Brasil; cidade=Campinas,2026-10-10T09:45:06,,Campinas
d3fa72b170a5d0e6,FMF,Brasil - FMF - 2ª Divisão - 2026,2026-11-14,09:00,FUNORTE,VILLA NOVA,Estádio José Maria Melo,RODADA 7,https://www.fmf.com.br/Competicoes/ProxJogos.aspx?d=12,pais=Brasil; estado=Minas Gerais; codigo_fmf=12; placar_original=X; jogo_numero=126; cidade=Montes Claros,2026-09-14T18:42:15,Brasil,Montes Claros
13d6518bfeb2e5da,FMF,Brasil - FMF - 2ª Divisão - 2026,2026-11-14,09:00,INTER SAO GOTARDO,MINAS BOCA,Estadio Olavo bilac de Resende,RODADA 7,https://www.fmf.com.br/Competicoes/ProxJogos.aspx?d=12,pais=Brasil; estado=Minas Gerais; codigo_fmf=12; placar_original=X; jogo_numero=127; cidade=Sao Gotardo,2026-09-14T18:42:15,Brasil,Sao Gotardo
7fb98b848352acf7,FMF,Brasil - FMF - 2ª Divisão - 2026,2026-11-14,09:00,NOVO E.C. ITABIRINHA,GUARANI,Dr. Adilson Machado de Farias,RODADA 7,https://www.fmf.com.br/Competicoes/ProxJogos.aspx?d=12,pais=Brasil; estado=Minas Gerais; codigo_fmf=12; placar_original=X; jogo_numero=128; cidade=Itabirinha,2026-09-14T18:42:15,Brasil,Itabirinha
7e4a069f3e748f92,FMF,Brasil - FMF - 2ª Divisão - 2026,2026-11-14,09:00,UBERLANDIA S.A.F,NACIONAL VRB,CT ninho do Periquito,RODADA 7,https://www.fmf.com.br/Competicoes/ProxJogos.aspx?d=12,pais=Brasil; estado=Minas Gerais; codigo_fmf=12; placar_original=X; jogo_numero=125; cidade=Uberlandia,2026-09-14T18:42:15,Brasil,Uberlandia
2f5bec9af8e3b29c,FPF,Brasil - FPF - Feminino Sub13 (Amador),2026-11-14,09:00,Audax,SESI - SP,CAT José Felicio Castellano,Rodada 3,https://www.futebolpaulista.com.br/Competicoes/Tabela.aspx,status=Programado; pais=Brasil; estado=São Paulo; fonte=api_ashx; jogo_numero=9; suspencao=LIBERADO,2026-09-18T17:12:02,Brasil,Rio Claro
573cfe9ae67766ca,FPF,Brasil - FPF - Paulista F Sub-13 Petrobras (Amador),2026-11-14,09:00,Audax,SESI - SP,CAT José Felicio Castellano,Rodada 3,https://www.futebolpaulista.com.br/Competicoes/Tabela.aspx,status=Programado; pais=Brasil; estado=São Paulo; fonte=api_ashx; jogo_numero=9; grupo=01; fase=PRIMEIRA FASE; suspencao=LIBERADO,2026-10-09T18:57:44,Brasil,Rio Claro
9bfa692a585ff07b,FMF,Brasil - FMF - SUB 15 - 2ª Divisão - 2026,2026-11-14,11:00,FUNORTE,VILLA NOVA,Estádio José Maria Melo,RODADA 7,https://www.fmf.com.br/Competicoes/ProxJogos.aspx?d=13,pais=Brasil; estado=Minas Gerais; codigo_fmf=13; placar_original=X; jogo_numero=126; cidade=Montes Claros,2026-09-28T20:17:21,Brasil,Montes Claros
2443f4d28105ceb6,FMF,Brasil - FMF - SUB 15 - 2ª Divisão - 2026,2026-11-14,11:00,INTER SAO GOTARDO,MINAS BOCA,Estadio Olavo bilac de Resende,RODADA 7,https://www.fmf.com.br/Competicoes/ProxJogos.aspx?d=13,pais=Brasil; estado=Minas Gerais; codigo_fmf=13; placar_original=X; jogo_numero=127; cidade=Sao Gotardo,2026-09-28T20:17:21,Brasil,Sao Gotardo
2747a6e7a0ba695f,FMF,Brasil - FMF - SUB 15 - 2ª Divisão - 2026,2026-11-14,11:00,NOVO E.C. ITABIRINHA,GUARANI,Dr. Adilson Machado de Farias,RODADA 7,https://www.fmf.com.br/Competicoes/ProxJogos.aspx?d=13,pais=Brasil; estado=Minas Gerais; codigo_fmf=13; placar_original=X; jogo_numero=128; cidade=Itabirinha,2026-09-28T20:17:21,Brasil,Itabirinha
33298e3d1d8595b0,FMF,Brasil - FMF - SUB 15 - 2ª Divisão - 2026,2026-11-14,11:00,UBERLANDIA S.A.F,NACIONAL VRB,CT ninho do Periquito,RODADA 7,https://www.fmf.com.br/Competicoes/ProxJogos.aspx?d=13,pais=Brasil; estado=Minas Gerais; codigo_fmf=13; placar_original=X; jogo_numero=125; cidade=Uberlandia,2026-09-28T20:17:21,Brasil,Uberlandia
73680471a017e151,FPF,Brasil - FPF - Feminino Sub13 (Amador),2026-11-14,11:00,São Bento,Corinthians,CAT José Felicio Castellano,Rodada 3,https://www.futebolpaulista.com.br/Competicoes/Tabela.aspx,status=Programado; pais=Brasil; estado=São Paulo; fonte=api_ashx; jogo_numero=10; suspencao=LIBERADO,2026-09-18T17:12:02,Brasil,Rio Claro
e72cc5ff85bd840b,FPF,Brasil - FPF - Paulista F Sub-13 Petrobras (Amador),2026-11-14,11:00,São Bento,Corinthians,CAT José Felicio Castellano,Rodada 3,https://www.futebolpaulista.com.br/Competicoes/Tabela.aspx,status=Programado; pais=Brasil; estado=São Paulo; fonte=api_ashx; jogo_numero=10; grupo=01; fase=PRIMEIRA FASE; suspencao=LIBERADO,2026-10-09T18:57:44,Brasil,Rio Claro
367f17ae5f904525,campeonatochileno.cl,Campeonato Nacional Juvenil Femenino Clausura,2026-11-14,12:00,Universidad Católica Juvenil Fem,Everton Juvenil Fem,,,https://www.campeonatochileno.cl/ligas/campeonato-nacional-juvenil-femenino-clausura/,,2026-07-14T13:55:28,,
0b96ff52af705ba9,FPF,Brasil - FPF - Feminino Sub13 (Amador),2026-11-14,14:00,Ferroviária,Sfera FC,CAT José Felicio Castellano,Rodada 3,https://www.futebolpaulista.com.br/Competicoes/Tabela.aspx,status=Programado; pais=Brasil; estado=São Paulo; fonte=api_ashx; jogo_numero=11; suspencao=LIBERADO,2026-09-18T17:12:02,Brasil,Rio Claro
7dfd077d7a2107a1,FPF,Brasil - FPF - Paulista F Sub-13 Petrobras (Amador),2026-11-14,14:00,Ferroviária,Sfera FC,CAT José Felicio Castellano,Rodada 3,https://www.futebolpaulista.com.br/Competicoes/Tabela.aspx,status=Programado; pais=Brasil; estado=São Paulo; fonte=api_ashx; jogo_numero=11; grupo=02; fase=PRIMEIRA FASE; suspencao=LIBERADO,2026-10-09T18:57:44,Brasil,Rio Claro
77dc4c8a1fe9def1,FPF,Brasil - FPF - Taça Paulistana Petrobras (Amador),2026-11-14,15:00,AD Centro Olimpico,São Bento,Centro Esportivo Recreativo Educativo do Trabalhador,Rodada 10,https://www.futebolpaulista.com.br/Competicoes/Tabela.aspx,status=Programado; pais=Brasil; estado=São Paulo; fonte=api_ashx; jogo_numero=29; grupo=01; fase=PRIMEIRA FASE; canais=YouTube Paulistão; suspencao=LIBERADO,2026-10-09T18:57:44,Brasil,São Paulo
9a51d60c6e5eb00d,FPF,Brasil - FPF - Taça Paulistana Petrobras (Amador),2026-11-14,15:00,Mauaense,Sociedade Esportiva Lemense,Estádio Municipal Pedro Benedetti,Rodada 10,https://www.futebolpaulista.com.br/Competicoes/Tabela.aspx,status=Programado; pais=Brasil; estado=São Paulo; fonte=api_ashx; jogo_numero=28; grupo=01; fase=PRIMEIRA FASE; canais=YouTube Paulistão; suspencao=LIBERADO,2026-10-09T18:57:44,Brasil,Mauá
d77f73416be9170c,FPF,Brasil - FPF - Taça Paulistana Petrobras (Amador),2026-11-14,15:00,São José EC SAF,Realidade Jovem,Estádio Municipal Martins Pereira,Rodada 10,https://www.futebolpaulista.com.br/Competicoes/Tabela.aspx,status=Programado; pais=Brasil; estado=São Paulo; fonte=api_ashx; jogo_numero=30; grupo=01; fase=PRIMEIRA FASE; canais=YouTube Paulistão; suspencao=LIBERADO,2026-10-09T18:57:44,Brasil,São José dos Campos
83076ebb282a0ac7,ESPN,Peru - Liga 1,2026-11-14,15:00,Alianza Atlético,Melgar,Estadio Campeones del '36,,,codigo_espn=401886138; status=Postponed,2026-10-09T21:00:56,Peru,Sullana
e75b49ce2be0b5ee,ESPN,Peru - Liga 1,2026-11-14,15:00,Alianza Lima,FC Cajamarca,Estadio Alejandro Villanueva,,,codigo_espn=401886135; status=Scheduled,2026-10-09T21:00:56,Peru,Lima
729cc547114590cd,ESPN,Peru - Liga 1,2026-11-14,15:00,Comerciantes Unidos,Sport Boys,Juan Maldonado Gamarra,,,codigo_espn=401886113; status=Scheduled,2026-10-09T21:00:56,Peru,"Cutervo, Cajamarca"
f6721cd191717f5e,ESPN,Peru - Liga 1,2026-11-14,15:00,Cusco FC,ADT,Estadio Inca Garcilaso de la Vega,,,codigo_espn=401886121; status=Scheduled,2026-10-09T21:00:56,Peru,Cusco
7c3e49e4ca8bf610,ESPN,Peru - Liga 1,2026-11-14,15:00,Deportivo Moquegua,Atlético Grau,Estadio 25 de Noviembre,,,codigo_espn=401886119; status=Scheduled,2026-10-09T21:00:56,Peru,Moquegua
d3c52627f1647a0e,ESPN,Peru - Liga 1,2026-11-14,15:00,Juan Pablo II,Deportivo Garcilaso,Estadio Municipal de la Juventud,,,codigo_espn=401886137; status=Scheduled,2026-10-09T21:00:56,Peru,Chongoyape
69b90563b4a75338,ESPN,Peru - Liga 1,2026-11-14,15:00,Sport Huancayo,Universitario,Estadio Huancayo,,,codigo_espn=401886136; status=Scheduled,2026-10-09T21:00:56,Peru,Huancayo
8ae71fb49e9709a0,ESPN,Peru - Liga 1,2026-11-14,15:00,Sporting Cristal,Cienciano del Cusco,Estadio Alberto Gallardo,,,codigo_espn=401886120; status=Postponed,2026-10-09T21:00:56,Peru,San Martin de Porres
3e79eda58e1c57a9,ESPN,Peru - Liga 1,2026-11-14,15:00,UTC,Los Chankas,Estadio Germán Contreras,,,codigo_espn=401886134; status=Scheduled,2026-10-09T21:00:56,Peru,Cajabamba
1e6cd899a2b192c2,FGF,Brasil - FGF - Campeonato Goiano de Profissionais da 3ª Divisão / 2026,2026-11-14,15:30,Itumbiara,América,Anibal Batista de Toledo,6ª Rodada,https://www.fgf.esp.br/pt/competicoes/jogo.php?id=1830&jogo=58155,status=Programado; pais=Brasil; estado=Goiás; fonte=api_ajax,2026-10-09T18:00:23,Brasil,
2c97eaa4647b6e76,FGF,Brasil - FGF - Campeonato Goiano de Profissionais da 3ª Divisão / 2026,2026-11-14,16:00,Associacao Atletica Rioverdense,Real Clube,Mozart Veloso do Carmo,6ª Rodada,https://www.fgf.esp.br/pt/competicoes/jogo.php?id=1830&jogo=58156,status=Programado; pais=Brasil; estado=Goiás; fonte=api_ajax,2026-10-09T18:00:23,Brasil,
3542c64b5544d1e0,FGF,Brasil - FGF - Campeonato Goiano de Profissionais da 3ª Divisão / 2026,2026-11-14,16:00,Itumbiara,América,Anibal Batista de Toledo,6ª Rodada,https://www.fgf.esp.br/pt/competicoes/jogo.php?id=1830&jogo=58155,status=Programado; pais=Brasil; estado=Goiás; fonte=api_ajax,2026-09-25T16:32:13,Brasil,
a1a003470c99204d,FPF,Brasil - FPF - Feminino Sub13 (Amador),2026-11-14,16:00,AD Centro Olimpico,São Paulo,CAT José Felicio Castellano,Rodada 3,https://www.futebolpaulista.com.br/Competicoes/Tabela.aspx,status=Programado; pais=Brasil; estado=São Paulo; fonte=api_ashx; jogo_numero=12; suspencao=LIBERADO,2026-09-18T17:12:02,Brasil,Rio Claro
17a15bdbe8f3c8a7,FPF,Brasil - FPF - Paulista F Sub-13 Petrobras (Amador),2026-11-14,16:00,AD Centro Olimpico,São Paulo,CAT José Felicio Castellano,Rodada 3,https://www.futebolpaulista.com.br/Competicoes/Tabela.aspx,status=Programado; pais=Brasil; estado=São Paulo; fonte=api_ashx; jogo_numero=12; grupo=02; fase=PRIMEIRA FASE; suspencao=LIBERADO,2026-10-09T18:57:44,Brasil,Rio Claro
4730ffd61824dff4,campeonatochileno.cl,Campeonato Nacional Juvenil Femenino Clausura,2026-11-14,16:00,Huachipato Juvenil Fem,Deportes Temuco Juvenil Fem,Estadio Huachipato-Cancha 4,,https://www.campeonatochileno.cl/ligas/campeonato-nacional-juvenil-femenino-clausura/,,2026-07-13T14:46:09,,
c338c10253ece787,campeonatochileno.cl,Campeonato Nacional Juvenil Femenino Clausura,2026-11-14,4:00,Huachipato Juvenil Fem,Deportes Temuco Juvenil Fem,Estadio Huachipato-Cancha 4,,https://www.campeonatochileno.cl/ligas/campeonato-nacional-juvenil-femenino-clausura/,,2026-07-14T13:55:28,,
fa57d02173e81400,campeonatochileno.cl,Campeonato Nacional Juvenil Femenino Clausura,2026-11-15,10:00,Coquimbo Unido Juvenil Fem,Unión Española Juvenil Fem,,,https://www.campeonatochileno.cl/ligas/campeonato-nacional-juvenil-femenino-clausura/,,2026-07-14T13:55:28,,
e3bd3a5f0da88bb6,campeonatochileno.cl,Campeonato Nacional Juvenil Femenino Clausura,2026-11-15,11:00,Universidad de Chile Juvenil Fem,Palestino Juvenil Fem,,,https://www.campeonatochileno.cl/ligas/campeonato-nacional-juvenil-femenino-clausura/,,2026-07-14T13:55:28,,
0731e434a8a58acd,FGF,Brasil - FGF - Campeonato Goiano de Profissionais da 3ª Divisão / 2026,2026-11-15,15:30,Novo Horizonte,Atlético Itumbiara,Durval Ferreira Franco,6ª Rodada,https://www.fgf.esp.br/pt/competicoes/jogo.php?id=1830&jogo=58154,status=Programado; pais=Brasil; estado=Goiás; fonte=api_ajax,2026-10-09T18:00:23,Brasil,
0ee83eae7cf66381,campeonatochileno.cl,Campeonato Nacional Juvenil Femenino Clausura,2026-11-15,15:30,Santiago Wanderers Juvenil Fem,O'Higgins Juvenil Fem,,,https://www.campeonatochileno.cl/ligas/campeonato-nacional-juvenil-femenino-clausura/,,2026-07-13T14:46:09,,
d2782474ebfc011b,FGF,Brasil - FGF - Campeonato Goiano Feminino Adulto / 2026,2026-11-15,16:00,Flugoiania,Anapolina S.a.f.,CT Fazendinha,5ª Rodada,https://www.fgf.esp.br/pt/competicoes/jogo.php?id=1816&jogo=57471,status=Programado; pais=Brasil; estado=Goiás; fonte=api_ajax,2026-10-09T18:00:23,Brasil,
1e7660c50153487b,FGF,Brasil - FGF - Campeonato Goiano Feminino Adulto / 2026,2026-11-15,16:00,Planalto Esporte Clube,Vila Nova,Anibal Batista de Toledo,5ª Rodada,https://www.fgf.esp.br/pt/competicoes/jogo.php?id=1816&jogo=57472,status=Programado; pais=Brasil; estado=Goiás; fonte=api_ajax,2026-10-09T18:00:23,Brasil,
b8e14133708d6718,campeonatochileno.cl,Campeonato Nacional Juvenil Femenino Clausura,2026-11-15,17:00,Colo Colo Juvenil Fem,Audax Italiano Juvenil Fem,Estadio Monumental – Cancha Sintética,,https://www.campeonatochileno.cl/ligas/campeonato-nacional-juvenil-femenino-clausura/,,2026-07-13T14:46:09,,
d559aa886934164d,campeonatochileno.cl,Campeonato Nacional Juvenil Femenino Clausura,2026-11-15,3:30,Santiago Wanderers Juvenil Fem,O'Higgins Juvenil Fem,,,https://www.campeonatochileno.cl/ligas/campeonato-nacional-juvenil-femenino-clausura/,,2026-07-14T13:55:28,,
0eec936a1271a017,campeonatochileno.cl,Campeonato Nacional Juvenil Femenino Clausura,2026-11-15,5:00,Colo Colo Juvenil Fem,Audax Italiano Juvenil Fem,Estadio Monumental – Cancha Sintética,,https://www.campeonatochileno.cl/ligas/campeonato-nacional-juvenil-femenino-clausura/,,2026-07-14T13:55:28,,
4d509b3f1e9f9dd0,campeonatochileno.cl,Campeonato Nacional Juvenil Femenino Clausura,2026-11-17,14:00,Unión Araucanía Juvenil Fem,U. de Concepción Juvenil Fem,Estadio Turingia,,https://www.campeonatochileno.cl/ligas/campeonato-nacional-juvenil-femenino-clausura/,,2026-07-13T14:46:09,,
69607484201e99f1,FPF,Brasil - FPF - Paulistão F Petrobras (Amador),2026-11-17,19:00,Santos,São Paulo,Mercado Livre Arena Pacaembu,Rodada 8,https://www.futebolpaulista.com.br/Competicoes/Tabela.aspx,"status=Programado; pais=Brasil; estado=São Paulo; fonte=api_ashx; jogo_numero=29; grupo=03; fase=PLAY IN; canais=YouTube / CazeTV, Record News, HBO Max; suspencao=LIBERADO",2026-10-09T18:57:44,Brasil,São Paulo
ae473299ebf83bfa,FPF,Brasil - FPF - Paulistão F Petrobras (Amador),2026-11-17,21:00,Red Bull Bragantino,Corinthians,Estádio Municipal Cícero de Souza Marques,Rodada 8,https://www.futebolpaulista.com.br/Competicoes/Tabela.aspx,status=Programado; pais=Brasil; estado=São Paulo; fonte=api_ashx; jogo_numero=30; grupo=02; fase=PLAY IN; canais=SporTV; suspencao=LIBERADO,2026-10-09T18:57:44,Brasil,Bragança Paulista
bc0e936781c58626,campeonatochileno.cl,Campeonato Nacional Juvenil Femenino Clausura,2026-11-17,2:00,Unión Araucanía Juvenil Fem,U. de Concepción Juvenil Fem,Estadio Turingia,,https://www.campeonatochileno.cl/ligas/campeonato-nacional-juvenil-femenino-clausura/,,2026-07-14T13:55:28,,
6edce731dcde2fb6,CBF,Brasil - Série A,2026-11-18,,Corinthians (SP),Botafogo (RJ),,Rodada 35,https://stcbfsiteprdimgbrs.blob.core.windows.net/img-site/cdn/Tabela_BA_sica_Brasileiro_SA_rie_A_2026_d64996b4d8.pdf,status=Provisorio; data_provisoria=18/11 (qua) ou 19/11 (qui); fonte_dados=tabela_basica; pais=Brasil,2026-10-10T09:45:06,,
64452f10c4b5a91c,CBF,Brasil - Série A,2026-11-18,,Coritiba (PR),Santos (SP),,Rodada 35,https://stcbfsiteprdimgbrs.blob.core.windows.net/img-site/cdn/Tabela_BA_sica_Brasileiro_SA_rie_A_2026_d64996b4d8.pdf,status=Provisorio; data_provisoria=18/11 (qua) ou 19/11 (qui); fonte_dados=tabela_basica; pais=Brasil,2026-10-10T09:45:06,,
cfa69803b6811a2c,CBF,Brasil - Série A,2026-11-18,,Cruzeiro (MG),Palmeiras (SP),,Rodada 35,https://stcbfsiteprdimgbrs.blob.core.windows.net/img-site/cdn/Tabela_BA_sica_Brasileiro_SA_rie_A_2026_d64996b4d8.pdf,status=Provisorio; data_provisoria=18/11 (qua) ou 19/11 (qui); fonte_dados=tabela_basica; pais=Brasil,2026-10-10T09:45:06,,
4240e17867559c3a,CBF,Brasil - Série A,2026-11-18,,Flamengo (RJ),Athletico (PR),,Rodada 35,https://stcbfsiteprdimgbrs.blob.core.windows.net/img-site/cdn/Tabela_BA_sica_Brasileiro_SA_rie_A_2026_d64996b4d8.pdf,status=Provisorio; data_provisoria=18/11 (qua) ou 19/11 (qui); fonte_dados=tabela_basica; pais=Brasil,2026-10-10T09:45:06,,
585a02ef2aaf11c7,CBF,Brasil - Série A,2026-11-18,,Grêmio (RS),Bahia (BA),,Rodada 35,https://stcbfsiteprdimgbrs.blob.core.windows.net/img-site/cdn/Tabela_BA_sica_Brasileiro_SA_rie_A_2026_d64996b4d8.pdf,status=Provisorio; data_provisoria=18/11 (qua) ou 19/11 (qui); fonte_dados=tabela_basica; pais=Brasil,2026-10-10T09:45:06,,
5841b196a6273244,CBF,Brasil - Série A,2026-11-18,,Mirassol (SP),Atlético (MG),,Rodada 35,https://stcbfsiteprdimgbrs.blob.core.windows.net/img-site/cdn/Tabela_BA_sica_Brasileiro_SA_rie_A_2026_d64996b4d8.pdf,status=Provisorio; data_provisoria=18/11 (qua) ou 19/11 (qui); fonte_dados=tabela_basica; pais=Brasil,2026-10-10T09:45:06,,
6f87e88c252fb30e,CBF,Brasil - Série A,2026-11-18,,Remo (PA),Chapecoense (SC),,Rodada 35,https://stcbfsiteprdimgbrs.blob.core.windows.net/img-site/cdn/Tabela_BA_sica_Brasileiro_SA_rie_A_2026_d64996b4d8.pdf,status=Provisorio; data_provisoria=18/11 (qua) ou 19/11 (qui); fonte_dados=tabela_basica; pais=Brasil,2026-10-10T09:45:06,,
bfed99f67a3c500d,CBF,Brasil - Série A,2026-11-18,,Vasco da Gama (RJ),Internacional (RS),,Rodada 35,https://stcbfsiteprdimgbrs.blob.core.windows.net/img-site/cdn/Tabela_BA_sica_Brasileiro_SA_rie_A_2026_d64996b4d8.pdf,status=Provisorio; data_provisoria=18/11 (qua) ou 19/11 (qui); fonte_dados=tabela_basica; pais=Brasil,2026-10-10T09:45:06,,
ff2d9222dabbdf04,CBF,Brasil - Série A,2026-11-18,,Vitória (BA),Red Bull Bragantino (SP),,Rodada 35,https://stcbfsiteprdimgbrs.blob.core.windows.net/img-site/cdn/Tabela_BA_sica_Brasileiro_SA_rie_A_2026_d64996b4d8.pdf,status=Provisorio; data_provisoria=18/11 (qua) ou 19/11 (qui); fonte_dados=tabela_basica; pais=Brasil,2026-10-10T09:45:06,,
51a12f36ba2f43cd,FPF,Brasil - FPF - Paulistão F Petrobras (Amador),2026-11-21,,São Paulo,Santos,N/D,Rodada 9,https://www.futebolpaulista.com.br/Competicoes/Tabela.aspx,"status=Programado; pais=Brasil; estado=São Paulo; fonte=api_ashx; jogo_numero=31; grupo=03; fase=PLAY IN; canais=YouTube / CazeTV, Record News, HBO Max; suspencao=LIBERADO",2026-10-09T18:57:44,Brasil,N/D
452843e86884dde7,CBF,Brasil - Série A,2026-11-21,,"(sáb), Atlético (MG)",Corinthians (SP),A definir,Rodada 36,https://stcbfsiteprdimgbrs.blob.core.windows.net/img-site/cdn/Tabela_Detalhada_BSA_2026_09_10_e4440cfd8e.pdf,pais=Brasil,2026-10-10T09:45:06,,
22b5475380b2be32,CBF,Brasil - Série A,2026-11-21,,Athletico (PR),Remo (PA),,Rodada 36,https://stcbfsiteprdimgbrs.blob.core.windows.net/img-site/cdn/Tabela_BA_sica_Brasileiro_SA_rie_A_2026_d64996b4d8.pdf,"status=Provisorio; data_provisoria=21/11 (sáb), 22/11 (dom) ou 23/11 (seg); fonte_dados=tabela_basica; pais=Brasil",2026-10-10T09:45:06,,
ff47f066b5b1fe2e,CBF,Brasil - Série A,2026-11-21,,Bahia (BA),Coritiba (PR),,Rodada 36,https://stcbfsiteprdimgbrs.blob.core.windows.net/img-site/cdn/Tabela_BA_sica_Brasileiro_SA_rie_A_2026_d64996b4d8.pdf,"status=Provisorio; data_provisoria=21/11 (sáb), 22/11 (dom) ou 23/11 (seg); fonte_dados=tabela_basica; pais=Brasil",2026-10-10T09:45:06,,
6b980a383408e70b,CBF,Brasil - Série A,2026-11-21,,Botafogo (RJ),São Paulo (SP),,Rodada 36,https://stcbfsiteprdimgbrs.blob.core.windows.net/img-site/cdn/Tabela_BA_sica_Brasileiro_SA_rie_A_2026_d64996b4d8.pdf,"status=Provisorio; data_provisoria=21/11 (sáb), 22/11 (dom) ou 23/11 (seg); fonte_dados=tabela_basica; pais=Brasil",2026-10-10T09:45:06,,
0af3e77baf7b693c,CBF,Brasil - Série A,2026-11-21,,Chapecoense (SC),Cruzeiro (MG),,Rodada 36,https://stcbfsiteprdimgbrs.blob.core.windows.net/img-site/cdn/Tabela_BA_sica_Brasileiro_SA_rie_A_2026_d64996b4d8.pdf,"status=Provisorio; data_provisoria=21/11 (sáb), 22/11 (dom) ou 23/11 (seg); fonte_dados=tabela_basica; pais=Brasil",2026-10-10T09:45:06,,
e8f00207395e3e0b,CBF,Brasil - Série A,2026-11-21,,Internacional (RS),Vitória (BA),,Rodada 36,https://stcbfsiteprdimgbrs.blob.core.windows.net/img-site/cdn/Tabela_BA_sica_Brasileiro_SA_rie_A_2026_d64996b4d8.pdf,"status=Provisorio; data_provisoria=21/11 (sáb), 22/11 (dom) ou 23/11 (seg); fonte_dados=tabela_basica; pais=Brasil",2026-10-10T09:45:06,,
2243fb5f54d0f742,CBF,Brasil - Série A,2026-11-21,,Palmeiras (SP),Flamengo (RJ),,Rodada 36,https://stcbfsiteprdimgbrs.blob.core.windows.net/img-site/cdn/Tabela_BA_sica_Brasileiro_SA_rie_A_2026_d64996b4d8.pdf,"status=Provisorio; data_provisoria=21/11 (sáb), 22/11 (dom) ou 23/11 (seg); fonte_dados=tabela_basica; pais=Brasil",2026-10-10T09:45:06,,
2ea6d854bd50c04e,CBF,Brasil - Série A,2026-11-21,,Santos (SP),Grêmio (RS),,Rodada 36,https://stcbfsiteprdimgbrs.blob.core.windows.net/img-site/cdn/Tabela_BA_sica_Brasileiro_SA_rie_A_2026_d64996b4d8.pdf,"status=Provisorio; data_provisoria=21/11 (sáb), 22/11 (dom) ou 23/11 (seg); fonte_dados=tabela_basica; pais=Brasil",2026-10-10T09:45:06,,
78369aa2f4c811a1,CBF,Brasil - Série B,2026-11-21,,6º colocado,º colocado (SC),A definir,Ida,https://stcbfsiteprdimgbrs.blob.core.windows.net/img-site/cdn/Tabela_Detalhada_Brasileiro_Serie_B_2026_09_10_25ec926739.pdf,pais=Brasil,2026-10-10T09:45:06,,
addd014dc5000f78,campeonatochileno.cl,Campeonato Nacional Juvenil Femenino Clausura,2026-11-21,16:00,Colo Colo Juvenil Fem,Huachipato Juvenil Fem,Estadio Monumental – Cancha 6,,https://www.campeonatochileno.cl/ligas/campeonato-nacional-juvenil-femenino-clausura/,,2026-07-13T14:46:09,,
364fd11b540f3262,campeonatochileno.cl,Campeonato Nacional Juvenil Femenino Clausura,2026-11-21,4:00,Colo Colo Juvenil Fem,Huachipato Juvenil Fem,Estadio Monumental – Cancha 6,,https://www.campeonatochileno.cl/ligas/campeonato-nacional-juvenil-femenino-clausura/,,2026-07-14T13:55:28,,
d2f5bbbdca148d1b,FPF,Brasil - FPF - Paulistão F Petrobras (Amador),2026-11-22,,Corinthians,Red Bull Bragantino,N/D,Rodada 9,https://www.futebolpaulista.com.br/Competicoes/Tabela.aspx,status=Programado; pais=Brasil; estado=São Paulo; fonte=api_ashx; jogo_numero=32; grupo=02; fase=PLAY IN; canais=SporTV; suspencao=LIBERADO,2026-10-09T18:57:44,Brasil,N/D
e66a910e08f34b93,campeonatochileno.cl,Campeonato Nacional Juvenil Femenino Clausura,2026-11-22,12:00,Deportes Iquique Juvenil Fem,Everton Juvenil Fem,,,https://www.campeonatochileno.cl/ligas/campeonato-nacional-juvenil-femenino-clausura/,,2026-07-14T13:55:28,,
9df9eec869328cff,campeonatochileno.cl,Campeonato Nacional Juvenil Femenino Clausura,2026-11-22,14:00,Santiago Wanderers Juvenil Fem,Unión Española Juvenil Fem,,,https://www.campeonatochileno.cl/ligas/campeonato-nacional-juvenil-femenino-clausura/,,2026-07-13T14:46:09,,
e53428cf9a995095,ESPN,Ecuador - LigaPro Serie A,2026-11-22,15:00,Independiente del Valle,Macará,,,,codigo_espn=401921320; status=Scheduled,2026-10-09T20:23:29,Ecuador,
47605fa773e5194f,ESPN,Ecuador - LigaPro Serie A,2026-11-22,15:00,Liga de Quito,Aucas,,,,codigo_espn=401921327; status=Scheduled,2026-10-09T20:23:29,Ecuador,
0e6a32b7b64fd3bf,ESPN,Ecuador - LigaPro Serie A,2026-11-22,15:00,Manta F.C.,Delfín,,,,codigo_espn=401921363; status=Scheduled,2026-10-09T20:23:29,Ecuador,
08e807306f2a0ed2,ESPN,Ecuador - LigaPro Serie A,2026-11-22,15:00,Orense,Mushuc Runa,,,,codigo_espn=401921333; status=Scheduled,2026-10-09T20:23:29,Ecuador,
55a68f644817dd73,ESPN,Ecuador - LigaPro Serie A,2026-11-22,15:00,Técnico Universitario,Deportivo Cuenca,,,,codigo_espn=401921364; status=Scheduled,2026-10-09T20:23:29,Ecuador,
a4806c9abdce363e,ESPN,Ecuador - LigaPro Serie A,2026-11-22,15:00,Universidad Católica (Quito),Barcelona SC,,,,codigo_espn=401921326; status=Scheduled,2026-10-09T20:23:29,Ecuador,
334fd03c05412025,FGF,Brasil - FGF - Campeonato Goiano de Profissionais da 3ª Divisão / 2026,2026-11-22,15:30,América,Associacao Atletica Rioverdense,João Vilela,7ª Rodada,https://www.fgf.esp.br/pt/competicoes/jogo.php?id=1830&jogo=58158,status=Programado; pais=Brasil; estado=Goiás; fonte=api_ajax,2026-10-09T18:00:23,Brasil,
08ba828d91e2e88c,FGF,Brasil - FGF - Campeonato Goiano de Profissionais da 3ª Divisão / 2026,2026-11-22,15:30,Real Clube,Itumbiara,Jk,7ª Rodada,https://www.fgf.esp.br/pt/competicoes/jogo.php?id=1830&jogo=58159,status=Programado; pais=Brasil; estado=Goiás; fonte=api_ajax,2026-10-09T18:00:23,Brasil,
2bc29f02e047d89b,FGF,Brasil - FGF - Campeonato Goiano de Profissionais da 3ª Divisão / 2026,2026-11-22,15:30,Royal,Novo Horizonte,Zico Brandão,7ª Rodada,https://www.fgf.esp.br/pt/competicoes/jogo.php?id=1830&jogo=58157,status=Programado; pais=Brasil; estado=Goiás; fonte=api_ajax,2026-10-09T18:00:23,Brasil,
9cb402b02e2c8354,FGF,Brasil - FGF - Campeonato Goiano de Profissionais da 3ª Divisão / 2026,2026-11-22,16:00,América,Associacao Atletica Rioverdense,João Vilela,7ª Rodada,https://www.fgf.esp.br/pt/competicoes/jogo.php?id=1830&jogo=58158,status=Programado; pais=Brasil; estado=Goiás; fonte=api_ajax,2026-09-25T16:32:13,Brasil,
7f47b631cce8e506,FGF,Brasil - FGF - Campeonato Goiano de Profissionais da 3ª Divisão / 2026,2026-11-22,16:00,Real Clube,Itumbiara,Jk,7ª Rodada,https://www.fgf.esp.br/pt/competicoes/jogo.php?id=1830&jogo=58159,status=Programado; pais=Brasil; estado=Goiás; fonte=api_ajax,2026-09-25T16:32:13,Brasil,
98c310012596574d,FGF,Brasil - FGF - Campeonato Goiano de Profissionais da 3ª Divisão / 2026,2026-11-22,16:00,Royal,Novo Horizonte,Jonas Duarte,7ª Rodada,https://www.fgf.esp.br/pt/competicoes/jogo.php?id=1830&jogo=58157,status=Programado; pais=Brasil; estado=Goiás; fonte=api_ajax,2026-09-25T16:32:13,Brasil,
a25aecd58af6e11f,campeonatochileno.cl,Campeonato Nacional Juvenil Femenino Clausura,2026-11-22,2:00,Santiago Wanderers Juvenil Fem,Unión Española Juvenil Fem,,,https://www.campeonatochileno.cl/ligas/campeonato-nacional-juvenil-femenino-clausura/,,2026-07-14T13:55:28,,
06ba16ebc7ff759e,campeonatochileno.cl,Campeonato Nacional Juvenil Femenino Clausura,2026-11-23,11:00,Universidad de Chile Juvenil Fem,U. de Concepción Juvenil Fem,,,https://www.campeonatochileno.cl/ligas/campeonato-nacional-juvenil-femenino-clausura/,,2026-07-14T13:55:28,,
e47d6706f7191770,CBF,Brasil - Série A,2026-11-28,,Atlético (MG),Vasco da Gama (RJ),,Rodada 37,https://stcbfsiteprdimgbrs.blob.core.windows.net/img-site/cdn/Tabela_BA_sica_Brasileiro_SA_rie_A_2026_d64996b4d8.pdf,status=Provisorio; data_provisoria=28/11 (sáb) ou 29/11 (dom); fonte_dados=tabela_basica; pais=Brasil,2026-10-10T09:45:06,,
926e4ffaa8218528,CBF,Brasil - Série A,2026-11-28,,Botafogo (RJ),Bahia (BA),,Rodada 37,https://stcbfsiteprdimgbrs.blob.core.windows.net/img-site/cdn/Tabela_BA_sica_Brasileiro_SA_rie_A_2026_d64996b4d8.pdf,status=Provisorio; data_provisoria=28/11 (sáb) ou 29/11 (dom); fonte_dados=tabela_basica; pais=Brasil,2026-10-10T09:45:06,,
3eb43dbf6e4bbb0b,CBF,Brasil - Série A,2026-11-28,,Chapecoense (SC),Palmeiras (SP),,Rodada 37,https://stcbfsiteprdimgbrs.blob.core.windows.net/img-site/cdn/Tabela_BA_sica_Brasileiro_SA_rie_A_2026_d64996b4d8.pdf,status=Provisorio; data_provisoria=28/11 (sáb) ou 29/11 (dom); fonte_dados=tabela_basica; pais=Brasil,2026-10-10T09:45:06,,
48330415691a813e,CBF,Brasil - Série A,2026-11-28,,Corinthians (SP),Grêmio (RS),,Rodada 37,https://stcbfsiteprdimgbrs.blob.core.windows.net/img-site/cdn/Tabela_BA_sica_Brasileiro_SA_rie_A_2026_d64996b4d8.pdf,status=Provisorio; data_provisoria=28/11 (sáb) ou 29/11 (dom); fonte_dados=tabela_basica; pais=Brasil,2026-10-10T09:45:06,,
3179a07fdc69af30,CBF,Brasil - Série A,2026-11-28,,Coritiba (PR),Flamengo (RJ),,Rodada 37,https://stcbfsiteprdimgbrs.blob.core.windows.net/img-site/cdn/Tabela_BA_sica_Brasileiro_SA_rie_A_2026_d64996b4d8.pdf,status=Provisorio; data_provisoria=28/11 (sáb) ou 29/11 (dom); fonte_dados=tabela_basica; pais=Brasil,2026-10-10T09:45:06,,
1e1ad502b754c64f,CBF,Brasil - Série A,2026-11-28,,Fluminense (RJ),Cruzeiro (MG),,Rodada 37,https://stcbfsiteprdimgbrs.blob.core.windows.net/img-site/cdn/Tabela_BA_sica_Brasileiro_SA_rie_A_2026_d64996b4d8.pdf,status=Provisorio; data_provisoria=28/11 (sáb) ou 29/11 (dom); fonte_dados=tabela_basica; pais=Brasil,2026-10-10T09:45:06,,
1407da43dcc6e9d1,CBF,Brasil - Série A,2026-11-28,,Internacional (RS),Red Bull Bragantino (SP),,Rodada 37,https://stcbfsiteprdimgbrs.blob.core.windows.net/img-site/cdn/Tabela_BA_sica_Brasileiro_SA_rie_A_2026_d64996b4d8.pdf,status=Provisorio; data_provisoria=28/11 (sáb) ou 29/11 (dom); fonte_dados=tabela_basica; pais=Brasil,2026-10-10T09:45:06,,
5eaf3f3577215cad,CBF,Brasil - Série A,2026-11-28,,Mirassol (SP),Athletico (PR),,Rodada 37,https://stcbfsiteprdimgbrs.blob.core.windows.net/img-site/cdn/Tabela_BA_sica_Brasileiro_SA_rie_A_2026_d64996b4d8.pdf,status=Provisorio; data_provisoria=28/11 (sáb) ou 29/11 (dom); fonte_dados=tabela_basica; pais=Brasil,2026-10-10T09:45:06,,
e44dbc537315aa7e,CBF,Brasil - Série A,2026-11-28,,São Paulo (SP),Remo (PA),,Rodada 37,https://stcbfsiteprdimgbrs.blob.core.windows.net/img-site/cdn/Tabela_BA_sica_Brasileiro_SA_rie_A_2026_d64996b4d8.pdf,status=Provisorio; data_provisoria=28/11 (sáb) ou 29/11 (dom); fonte_dados=tabela_basica; pais=Brasil,2026-10-10T09:45:06,,
3460be9d7a42056d,CBF,Brasil - Série A,2026-11-28,,Vitória (BA),Santos (SP),,Rodada 37,https://stcbfsiteprdimgbrs.blob.core.windows.net/img-site/cdn/Tabela_BA_sica_Brasileiro_SA_rie_A_2026_d64996b4d8.pdf,status=Provisorio; data_provisoria=28/11 (sáb) ou 29/11 (dom); fonte_dados=tabela_basica; pais=Brasil,2026-10-10T09:45:06,,
4681572a87605a86,CBF,Brasil - Série B,2026-11-28,,3º colocado,º colocado (AL),A definir,Volta,https://stcbfsiteprdimgbrs.blob.core.windows.net/img-site/cdn/Tabela_Detalhada_Brasileiro_Serie_B_2026_09_10_25ec926739.pdf,pais=Brasil,2026-10-10T09:45:06,,
2472cd9ad27f0f3d,campeonatochileno.cl,Campeonato Nacional Juvenil Femenino Clausura,2026-11-29,12:00,Deportes Iquique Juvenil Fem,Unión Española Juvenil Fem,,,https://www.campeonatochileno.cl/ligas/campeonato-nacional-juvenil-femenino-clausura/,,2026-07-14T13:55:28,,
8d8a780d238ab8b8,ESPN,Ecuador - LigaPro Serie A,2026-11-29,15:00,Barcelona SC,Aucas,,,,codigo_espn=401921318; status=Scheduled,2026-10-09T20:23:29,Ecuador,
b70a01b781c34e03,ESPN,Ecuador - LigaPro Serie A,2026-11-29,15:00,Delfín,Orense,,,,codigo_espn=401921332; status=Scheduled,2026-10-09T20:23:29,Ecuador,
d2c27433de8b69ae,ESPN,Ecuador - LigaPro Serie A,2026-11-29,15:00,Deportivo Cuenca,Manta F.C.,,,,codigo_espn=401921361; status=Scheduled,2026-10-09T20:23:29,Ecuador,
8e54d25ef2daa50e,ESPN,Ecuador - LigaPro Serie A,2026-11-29,15:00,Macará,Liga de Quito,,,,codigo_espn=401921317; status=Scheduled,2026-10-09T20:23:29,Ecuador,
37f2ef6ed4d90967,ESPN,Ecuador - LigaPro Serie A,2026-11-29,15:00,Mushuc Runa,Técnico Universitario,,,,codigo_espn=401921362; status=Scheduled,2026-10-09T20:23:29,Ecuador,
5343668c81848dea,ESPN,Ecuador - LigaPro Serie A,2026-11-29,15:00,Universidad Católica (Quito),Independiente del Valle,,,,codigo_espn=401921319; status=Scheduled,2026-10-09T20:23:29,Ecuador,
938c32fe55757b4b,campeonatochileno.cl,Campeonato Nacional Juvenil Femenino Clausura,2026-11-30,15:45,Colo Colo Juvenil Fem,Universidad de Chile Juvenil Fem,Estadio Monumental – Cancha 2,,https://www.campeonatochileno.cl/ligas/campeonato-nacional-juvenil-femenino-clausura/,,2026-07-13T14:46:09,,
2962f895b457d715,campeonatochileno.cl,Campeonato Nacional Juvenil Femenino Clausura,2026-11-30,3:45,Colo Colo Juvenil Fem,Universidad de Chile Juvenil Fem,Estadio Monumental – Cancha 2,,https://www.campeonatochileno.cl/ligas/campeonato-nacional-juvenil-femenino-clausura/,,2026-07-14T13:55:28,,
7beaf5b50b60c5d1,CBF,Brasil - Série A,2026-12-02,,(qua) Flamengo (RJ),Chapecoense (SC),A definir,Rodada 38,https://stcbfsiteprdimgbrs.blob.core.windows.net/img-site/cdn/Tabela_Detalhada_BSA_2026_09_10_e4440cfd8e.pdf,pais=Brasil,2026-10-10T09:45:06,,
c7219ac0305bfe05,CBF,Brasil - Série A,2026-12-02,,Athletico (PR),São Paulo (SP),,Rodada 38,https://stcbfsiteprdimgbrs.blob.core.windows.net/img-site/cdn/Tabela_BA_sica_Brasileiro_SA_rie_A_2026_d64996b4d8.pdf,status=Provisorio; data_provisoria=02/12 (qua); fonte_dados=tabela_basica; pais=Brasil,2026-10-10T09:45:06,,
5de5550cb7fa3fde,CBF,Brasil - Série A,2026-12-02,,Bahia (BA),Atlético (MG),,Rodada 38,https://stcbfsiteprdimgbrs.blob.core.windows.net/img-site/cdn/Tabela_BA_sica_Brasileiro_SA_rie_A_2026_d64996b4d8.pdf,status=Provisorio; data_provisoria=02/12 (qua); fonte_dados=tabela_basica; pais=Brasil,2026-10-10T09:45:06,,
8b9b31e69c41c4f0,CBF,Brasil - Série A,2026-12-02,,Cruzeiro (MG),Internacional (RS),,Rodada 38,https://stcbfsiteprdimgbrs.blob.core.windows.net/img-site/cdn/Tabela_BA_sica_Brasileiro_SA_rie_A_2026_d64996b4d8.pdf,status=Provisorio; data_provisoria=02/12 (qua); fonte_dados=tabela_basica; pais=Brasil,2026-10-10T09:45:06,,
e724d25329f1d41b,CBF,Brasil - Série A,2026-12-02,,Grêmio (RS),Mirassol (SP),,Rodada 38,https://stcbfsiteprdimgbrs.blob.core.windows.net/img-site/cdn/Tabela_BA_sica_Brasileiro_SA_rie_A_2026_d64996b4d8.pdf,status=Provisorio; data_provisoria=02/12 (qua); fonte_dados=tabela_basica; pais=Brasil,2026-10-10T09:45:06,,
ab55642a7eab7ef5,CBF,Brasil - Série A,2026-12-02,,Palmeiras (SP),Coritiba (PR),,Rodada 38,https://stcbfsiteprdimgbrs.blob.core.windows.net/img-site/cdn/Tabela_BA_sica_Brasileiro_SA_rie_A_2026_d64996b4d8.pdf,status=Provisorio; data_provisoria=02/12 (qua); fonte_dados=tabela_basica; pais=Brasil,2026-10-10T09:45:06,,
d390f5c64d2beea2,CBF,Brasil - Série A,2026-12-02,,Red Bull Bragantino (SP),Fluminense (RJ),,Rodada 38,https://stcbfsiteprdimgbrs.blob.core.windows.net/img-site/cdn/Tabela_BA_sica_Brasileiro_SA_rie_A_2026_d64996b4d8.pdf,status=Provisorio; data_provisoria=02/12 (qua); fonte_dados=tabela_basica; pais=Brasil,2026-10-10T09:45:06,,
46fbaa11ffc33093,CBF,Brasil - Série A,2026-12-02,,Remo (PA),Corinthians (SP),,Rodada 38,https://stcbfsiteprdimgbrs.blob.core.windows.net/img-site/cdn/Tabela_BA_sica_Brasileiro_SA_rie_A_2026_d64996b4d8.pdf,status=Provisorio; data_provisoria=02/12 (qua); fonte_dados=tabela_basica; pais=Brasil,2026-10-10T09:45:06,,
72472c6237dad612,CBF,Brasil - Série A,2026-12-02,,Vasco da Gama (RJ),Vitória (BA),,Rodada 38,https://stcbfsiteprdimgbrs.blob.core.windows.net/img-site/cdn/Tabela_BA_sica_Brasileiro_SA_rie_A_2026_d64996b4d8.pdf,status=Provisorio; data_provisoria=02/12 (qua); fonte_dados=tabela_basica; pais=Brasil,2026-10-10T09:45:06,,
ed2b81cb2e497b85,FGF,Gauchão Série B 2026,2026-12-04,15:00,APF,Guarany,SESI Caxias do Sul,Final,https://fgf.com.br/competicoes/profissional/25,placar: 0 X 0,2026-08-27T23:41:26,Brasil,
486b8f71ee7c974f,campeonatochileno.cl,Campeonato Nacional Juvenil Femenino Clausura,2026-12-06,11:45,Universidad de Chile Juvenil Fem,Unión Española Juvenil Fem,Estadio Bicentenario de La Florida,,https://www.campeonatochileno.cl/ligas/campeonato-nacional-juvenil-femenino-clausura/,,2026-07-14T13:55:28,,
8cc0599d745effd0,ESPN,Ecuador - LigaPro Serie A,2026-12-06,15:00,Aucas,Universidad Católica (Quito),,,,codigo_espn=401921315; status=Scheduled,2026-10-09T20:23:29,Ecuador,
863ef19dc1e834be,ESPN,Ecuador - LigaPro Serie A,2026-12-06,15:00,Barcelona SC,Macará,,,,codigo_espn=401921314; status=Scheduled,2026-10-09T20:23:29,Ecuador,
b66135901207563c,ESPN,Ecuador - LigaPro Serie A,2026-12-06,15:00,Deportivo Cuenca,Delfín,,,,codigo_espn=401921358; status=Scheduled,2026-10-09T20:23:29,Ecuador,
95d4a0847d9b7d80,ESPN,Ecuador - LigaPro Serie A,2026-12-06,15:00,Liga de Quito,Independiente del Valle,,,,codigo_espn=401921316; status=Scheduled,2026-10-09T20:23:29,Ecuador,
6a8d1489107eb354,ESPN,Ecuador - LigaPro Serie A,2026-12-06,15:00,Manta F.C.,Mushuc Runa,,,,codigo_espn=401921360; status=Scheduled,2026-10-09T20:23:29,Ecuador,
47b6272a626fc390,ESPN,Ecuador - LigaPro Serie A,2026-12-06,15:00,Técnico Universitario,Orense,,,,codigo_espn=401921359; status=Scheduled,2026-10-09T20:23:29,Ecuador,
dc7f459e1a12e433,FGF,Gauchão Série B 2026,2026-12-07,15:00,Guarany,APF,Edmundo Feix,Final,https://fgf.com.br/competicoes/profissional/25,placar: 3 X 1,2026-08-27T23:41:26,Brasil,
995e4f80a14b7021,AFA,Argentina - Torneo Clausura,2026-12-12,15:00,Barracas Central,Gimnasia (Mza.) (Zona A),AEFIP,,https://www.afa.com.ar/Sitio/posts/la-agenda-de-la-afa,,2026-10-01T18:21:08,Argentina,
a2502c4558e2f676,AFA,Argentina - Torneo Clausura,2026-12-12,15:00,Colón,Deportivo Riestra (Zona B),Predio,,https://www.afa.com.ar/Sitio/posts/la-agenda-de-la-afa,,2026-10-01T18:21:08,Argentina,
83fa72d6ff26451e,AFA,Argentina - Torneo Clausura,2026-12-12,15:00,Independiente,Boca (Zona A),Villa Domínico,,https://www.afa.com.ar/Sitio/posts/la-agenda-de-la-afa,,2026-10-01T18:21:08,Argentina,
893e91a1892d6770,AFA,Argentina - Torneo Clausura,2026-12-12,15:00,San Martín (SJ),Lanús (Zona B),Predio,,https://www.afa.com.ar/Sitio/posts/la-agenda-de-la-afa,,2026-10-01T18:21:08,Argentina,
da81451ed68c7751,AFA,Argentina - Torneo Clausura,2026-12-12,15:45,Vélez,Argentinos (Zona A),Villa Olímpica,,https://www.afa.com.ar/Sitio/posts/la-agenda-de-la-afa,,2026-10-01T18:21:08,Argentina,
df9508bc1de3aea9,AFA,Argentina - Torneo Clausura,2026-12-12,17:00,Talleres,Godoy Cruz (Zona A),La Boutique,,https://www.afa.com.ar/Sitio/posts/la-agenda-de-la-afa,,2026-10-01T18:21:08,Argentina,
462f301327c99104,AFA,Argentina - Torneo Clausura,2026-12-12,19:00,River,Sarmiento (Zona A),River Camp,,https://www.afa.com.ar/Sitio/posts/la-agenda-de-la-afa,,2026-10-01T18:21:08,Argentina,
